GardID	Name	Synonym	Matched Term
GARD:0000001	gracile syndrome	Fellman disease	disease
GARD:0000001	gracile syndrome	Fellman syndrome	syndrome
GARD:0000004	dipetalonemiasis	Dipetalonema infection	infection
GARD:0000005	abetalipoproteinemia	abetalipoproteinemia neuropathy	neuropathy
GARD:0000005	abetalipoproteinemia	familial hypobetalipoproteinemia	familial
GARD:0000006	acromesomelic dysplasia	acromesomelic dwarfism	dwarfism
GARD:0000011	alternating hemiplegia of childhood	alternating hemiplegia	alternating
GARD:0000011	alternating hemiplegia of childhood	alternating hemiplegia	hemiplegia
GARD:0000012	hypersensitivity pneumonitis	allergic pneumonitis	allergic
GARD:0000012	hypersensitivity pneumonitis	allergic pneumonitis	pneumonitis
GARD:0000012	hypersensitivity pneumonitis	alveolitis	alveolitis
GARD:0000013	aniridia-cerebellar ataxia-intellectual disability syndrome	gillespie syndrome	syndrome
GARD:0000017	arachnoid cyst	arachnoid cysts	arachnoid
GARD:0000019	dihydropyrimidine dehydrogenase deficiency	pyrimidinemia, familial	familial
GARD:0000019	dihydropyrimidine dehydrogenase deficiency	Dpyd deficiency	deficiency
GARD:0000019	dihydropyrimidine dehydrogenase deficiency	familial pyrimidinaemia	familial
GARD:0000019	dihydropyrimidine dehydrogenase deficiency	familial pyrimidinemia	familial
GARD:0000027	cat-scratch disease	benign lymphoreticulosis	benign
GARD:0000031	serpiginous choroiditis	peripapillary choriopathy	peripapillary
GARD:0000031	serpiginous choroiditis	Choroiditis, Serpiginous	choroiditis
GARD:0000031	serpiginous choroiditis	Choroiditis, Serpiginous	serpiginous
GARD:0000031	serpiginous choroiditis	serpiginous choroidopathy	serpiginous
GARD:0000031	serpiginous choroiditis	geographic choroiditis	geographic
GARD:0000031	serpiginous choroiditis	geographic choroiditis	choroiditis
GARD:0000043	mosaic trisomy 9	trisomy 9 mosaicism	trisomy
GARD:0000043	mosaic trisomy 9	trisomy 9 mosaicism	mosaicism
GARD:0000045	congenital varicella syndrome	Varicella embryopathy	varicella
GARD:0000046	corticobasal degeneration disorder	corticobasal degeneration	degeneration
GARD:0000046	corticobasal degeneration disorder	corticobasal syndrome	syndrome
GARD:0000054	duodenal atresia	duodenal stenosis	duodenal
GARD:0000054	duodenal atresia	duodenal stenosis	stenosis
GARD:0000059	spinocerebellar ataxia type 34	spinocerebellar ataxia 34	spinocerebellar
GARD:0000059	spinocerebellar ataxia type 34	spinocerebellar ataxia 34	ataxia
GARD:0000059	spinocerebellar ataxia type 34	erythrokeratodermia - ataxia	ataxia
GARD:0000065	Galloway-Mowat syndrome	Galloway syndrome	galloway
GARD:0000065	Galloway-Mowat syndrome	Galloway syndrome	syndrome
GARD:0000068	Hypoglossia-hypodactyly syndrome	Jussieu syndrome	syndrome
GARD:0000068	Hypoglossia-hypodactyly syndrome	aglossia adactylia	aglossia
GARD:0000068	Hypoglossia-hypodactyly syndrome	aglossia adactylia	adactylia
GARD:0000068	Hypoglossia-hypodactyly syndrome	hanhart syndrome	syndrome
GARD:0000079	metaphyseal chondrodysplasia, jansen type	Jansen disease	disease
GARD:0000083	autosomal dominant kenny-caffey syndrome	Kenny syndrome	syndrome
GARD:0000085	thanatophoric dysplasia	dwarfism thanatophoric	dwarfism
GARD:0000085	thanatophoric dysplasia	thanatophoric dwarfism	dwarfism
GARD:0000087	microphthalmia, lenz type	microphthalmia syndromic 1	microphthalmia
GARD:0000087	microphthalmia, lenz type	microphthalmia syndromic 1	syndromic
GARD:0000087	microphthalmia, lenz type	Lenz dysplasia	dysplasia
GARD:0000087	microphthalmia, lenz type	Lenz microphthalmia	microphthalmia
GARD:0000091	childhood malignant melanoma	childhood melanoma	childhood
GARD:0000091	childhood malignant melanoma	childhood melanoma	melanoma
GARD:0000092	mal de meleda	meleda disease	disease
GARD:0000093	monilethrix	nodose hair	nodose
GARD:0000093	monilethrix	nodose hair	hair
GARD:0000094	mucolipidosis type iv	mucolipidosis type 4	type
GARD:0000094	mucolipidosis type iv	Berman syndrome	syndrome
GARD:0000095	mulibrey nanism	Perheentupa syndrome	syndrome
GARD:0000095	mulibrey nanism	mulibrey dwarfism	dwarfism
GARD:0000101	centronuclear myopathy	myopathy, myotubular	myopathy
GARD:0000101	centronuclear myopathy	myopathy, centronuclear	myopathy
GARD:0000101	centronuclear myopathy	myotubular myopathy	myopathy
GARD:0000104	Ochoa syndrome	urofacial syndrome	syndrome
GARD:0000105	oculocerebral hypopigmentation syndrome, cross type	Cross syndrome	cross
GARD:0000105	oculocerebral hypopigmentation syndrome, cross type	Cross syndrome	syndrome
GARD:0000105	oculocerebral hypopigmentation syndrome, cross type	Kramer syndrome	syndrome
GARD:0000106	oculocerebrocutaneous syndrome	Delleman syndrome	syndrome
GARD:0000109	progressive osseous heteroplasia	osteoma cutis	osteoma
GARD:0000109	progressive osseous heteroplasia	osteoma cutis	cutis
GARD:0000115	sakati-nyhan syndrome	Sakati syndrome	syndrome
GARD:0000115	sakati-nyhan syndrome	acrocephalopolysyndactyly type 3	type
GARD:0000118	ulnar-mammary syndrome	schinzel syndrome	syndrome
GARD:0000121	focal facial dermal dysplasia type iii	Setleis syndrome	syndrome
GARD:0000134	spondyloepimetaphyseal dysplasia, strudwick type	Smed, type 1	type
GARD:0000134	spondyloepimetaphyseal dysplasia, strudwick type	spondylometaphyseal dysplasia	dysplasia
GARD:0000134	spondyloepimetaphyseal dysplasia, strudwick type	Strudwick syndrome	syndrome
GARD:0000139	familial atrial myxoma	intracardiac myxoma	intracardiac
GARD:0000139	familial atrial myxoma	intracardiac myxoma	myxoma
GARD:0000140	atresia of small intestine	Jejunoileal atresia	atresia
GARD:0000140	atresia of small intestine	jejunal atresia	jejunal
GARD:0000140	atresia of small intestine	jejunal atresia	atresia
GARD:0000143	hypertrichosis cubiti-short stature syndrome	hypertrichosis cubiti	hypertrichosis
GARD:0000143	hypertrichosis cubiti-short stature syndrome	hairy elbows	hairy
GARD:0000155	laurin-sandrow syndrome	Sandrow syndrome	syndrome
GARD:0000159	scalp-ear-nipple syndrome	Sen syndrome	sen
GARD:0000159	scalp-ear-nipple syndrome	Sen syndrome	syndrome
GARD:0000160	Satoyoshi syndrome	Komuragaeri disease	disease
GARD:0000180	macrothrombocytopenia and granulocyte inclusions with or without nephritis or sensorineural hearing loss	Epstein syndrome	syndrome
GARD:0000180	macrothrombocytopenia and granulocyte inclusions with or without nephritis or sensorineural hearing loss	Fechtner syndrome	syndrome
GARD:0000180	macrothrombocytopenia and granulocyte inclusions with or without nephritis or sensorineural hearing loss	matins	matins
GARD:0000180	macrothrombocytopenia and granulocyte inclusions with or without nephritis or sensorineural hearing loss	Sebastian syndrome	sebastian
GARD:0000180	macrothrombocytopenia and granulocyte inclusions with or without nephritis or sensorineural hearing loss	Sebastian syndrome	syndrome
GARD:0000181	Stargardt disease	Stargardt disease 1	disease
GARD:0000181	Stargardt disease	fundus flavimaculatus	fundus
GARD:0000182	vitelliform macular dystrophy 2	Best disease	best
GARD:0000182	vitelliform macular dystrophy 2	Best disease	disease
GARD:0000183	bubonic plague	black death	black
GARD:0000183	bubonic plague	black death	death
GARD:0000193	Opitz G/BBB syndrome	Opitz syndrome	syndrome
GARD:0000193	Opitz G/BBB syndrome	G syndrome	g
GARD:0000193	Opitz G/BBB syndrome	G syndrome	syndrome
GARD:0000195	hyperkalemic periodic paralysis	familial hyperPP	familial
GARD:0000195	hyperkalemic periodic paralysis	Gamstorp disease	disease
GARD:0000195	hyperkalemic periodic paralysis	primary hyperPP	primary
GARD:0000198	spinal muscular atrophy, type iii	sma 3	sma
GARD:0000206	nephronophthisis	nephronophthisis (disease)	disease
GARD:0000207	alveolar echinococcosis	multilocular hydatid	multilocular
GARD:0000207	alveolar echinococcosis	multilocular hydatid	hydatid
GARD:0000212	oculodental syndrome, rutherfurd type	Rutherfurd syndrome	syndrome
GARD:0000213	axial mesodermal dysplasia spectrum	blastogenesis defect	blastogenesis
GARD:0000213	axial mesodermal dysplasia spectrum	blastogenesis defect	defect
GARD:0000215	familial caudal dysgenesis	sacral agenesis	sacral
GARD:0000215	familial caudal dysgenesis	sacral agenesis	agenesis
GARD:0000215	familial caudal dysgenesis	caudal regression	caudal
GARD:0000215	familial caudal dysgenesis	caudal regression	regression
GARD:0000220	peripartum cardiomyopathy	Meadows' syndrome	syndrome
GARD:0000221	dilated cardiomyopathy	congestive cardiomyopathy	congestive
GARD:0000223	acoustic neuroma	acoustic tumour	acoustic
GARD:0000223	acoustic neuroma	neuroma, acoustic	neuroma
GARD:0000223	acoustic neuroma	neuroma, acoustic	acoustic
GARD:0000223	acoustic neuroma	acoustic neurilemmoma	acoustic
GARD:0000223	acoustic neuroma	acoustic schwannoma	acoustic
GARD:0000223	acoustic neuroma	acoustic tumor	acoustic
GARD:0000223	acoustic neuroma	acoustic tumor	tumor
GARD:0000223	acoustic neuroma	acoustic neurinoma	acoustic
GARD:0000223	acoustic neuroma	acoustic neurinoma	neurinoma
GARD:0000223	acoustic neuroma	vestibular neurilemmoma	vestibular
GARD:0000223	acoustic neuroma	acoustic neurilemoma	acoustic
GARD:0000223	acoustic neuroma	neurilemoma, acoustic	acoustic
GARD:0000223	acoustic neuroma	vestibular schwannoma	vestibular
GARD:0000225	radial hemimelia	radial clubhand	radial
GARD:0000225	radial hemimelia	radial clubhand	clubhand
GARD:0000226	rabson-mendenhall syndrome	Mendenhall syndrome	syndrome
GARD:0000231	leukoencephalopathy with vanishing white matter	Cree leukoencephalopathy	cree
GARD:0000232	medullary sponge kidney	sponge kidney	sponge
GARD:0000232	medullary sponge kidney	sponge kidney	kidney
GARD:0000237	Dahlberg-Borer-Newcomer syndrome	Dahlberg syndrome	syndrome
GARD:0000238	odontomatosis-aortae esophagus stenosis syndrome	boder syndrome	boder
GARD:0000238	odontomatosis-aortae esophagus stenosis syndrome	boder syndrome	syndrome
GARD:0000250	Schwartz-Jampel syndrome	osteochondromuscular dystrophy	dystrophy
GARD:0000250	Schwartz-Jampel syndrome	burton syndrome	burton
GARD:0000250	Schwartz-Jampel syndrome	burton syndrome	syndrome
GARD:0000250	Schwartz-Jampel syndrome	Aberfeld syndrome	syndrome
GARD:0000250	Schwartz-Jampel syndrome	myotonic chondrodystrophy	myotonic
GARD:0000250	Schwartz-Jampel syndrome	myotonic chondrodystrophy	chondrodystrophy
GARD:0000257	intellectual disability-balding-patella luxation-acromicria syndrome	scholte syndrome	syndrome
GARD:0000265	trichodental syndrome	kersey syndrome	kersey
GARD:0000265	trichodental syndrome	kersey syndrome	syndrome
GARD:0000267	Keipert syndrome	nasodigitoacoustic syndrome	syndrome
GARD:0000269	ivic syndrome	oculootoradial syndrome	syndrome
GARD:0000282	lethal osteosclerotic bone dysplasia	raine syndrome	syndrome
GARD:0000287	acrofrontofacionasal dysostosis 2	Naguib syndrome	syndrome
GARD:0000288	hallermann-streiff syndrome	Hallermann syndrome	syndrome
GARD:0000288	hallermann-streiff syndrome	oculomandibulofacial syndrome	syndrome
GARD:0000296	short tarsus-absence of lower eyelashes syndrome	stale	stale
GARD:0000298	hypergonadotropic hypogonadism-cataract syndrome	Lubinsky syndrome	syndrome
GARD:0000301	generalized resistance to thyroid hormone	Refetoff syndrome	syndrome
GARD:0000302	Kostmann syndrome	agranulocytosis infantile	agranulocytosis
GARD:0000302	Kostmann syndrome	agranulocytosis infantile	infantile
GARD:0000302	Kostmann syndrome	agranulocytosis, infantile	agranulocytosis
GARD:0000302	Kostmann syndrome	agranulocytosis, infantile	infantile
GARD:0000302	Kostmann syndrome	Kostmann disease	disease
GARD:0000302	Kostmann syndrome	infantile agranulocytosis	infantile
GARD:0000302	Kostmann syndrome	infantile agranulocytosis	agranulocytosis
GARD:0000304	Blau syndrome	Jabs syndrome	syndrome
GARD:0000306	camptodactyly-arthropathy-coxa vara-pericarditis syndrome	Jacobs syndrome	syndrome
GARD:0000307	Jacobsen syndrome	Del(11)(qter)	del
GARD:0000312	Robinow syndrome	Robinow dwarfism	dwarfism
GARD:0000314	saccharopinuria	hyperlysinemia, type 2	type
GARD:0000319	sacrococcygeal teratoma	presacral teratoma	presacral
GARD:0000319	sacrococcygeal teratoma	presacral teratoma	teratoma
GARD:0000321	nail-patella-like renal disease	Salcedo syndrome	syndrome
GARD:0000328	wandering spleen	drifting spleen	drifting
GARD:0000328	wandering spleen	drifting spleen	spleen
GARD:0000328	wandering spleen	floating spleen	floating
GARD:0000328	wandering spleen	floating spleen	spleen
GARD:0000328	wandering spleen	spleen, drifting	spleen
GARD:0000328	wandering spleen	spleen, drifting	drifting
GARD:0000328	wandering spleen	spleens, drifting	drifting
GARD:0000328	wandering spleen	spleens, floating	floating
GARD:0000328	wandering spleen	drifting spleens	drifting
GARD:0000328	wandering spleen	floating spleens	floating
GARD:0000328	wandering spleen	spleen, displaced	spleen
GARD:0000328	wandering spleen	spleen, floating	spleen
GARD:0000328	wandering spleen	spleen, floating	floating
GARD:0000328	wandering spleen	spleen, wandering	spleen
GARD:0000328	wandering spleen	spleen, wandering	wandering
GARD:0000328	wandering spleen	spleens, wandering	wandering
GARD:0000328	wandering spleen	ptosis, splenic	ptosis
GARD:0000328	wandering spleen	ptosis, splenic	splenic
GARD:0000328	wandering spleen	splenic Ptoses	splenic
GARD:0000328	wandering spleen	splenic ptosis	splenic
GARD:0000328	wandering spleen	splenic ptosis	ptosis
GARD:0000328	wandering spleen	wandering spleens	wandering
GARD:0000328	wandering spleen	displaced spleen	spleen
GARD:0000328	wandering spleen	Ptoses, splenic	splenic
GARD:0000328	wandering spleen	splenoptosis	splenoptosis
GARD:0000329	Wells syndrome	Wells' syndrome	syndrome
GARD:0000329	Wells syndrome	eosinophilic cellulitis	eosinophilic
GARD:0000329	Wells syndrome	eosinophilic cellulitis	cellulitis
GARD:0000336	hereditary spastic paraplegia 23	Lison syndrome	syndrome
GARD:0000336	hereditary spastic paraplegia 23	spastic paraplegia 23	spastic
GARD:0000336	hereditary spastic paraplegia 23	spastic paraplegia 23	paraplegia
GARD:0000343	pontocerebellar hypoplasia type 4	olivopontocerebellar hypoplasia	hypoplasia
GARD:0000351	dacryocystitis-osteopoikilosis syndrome	dacryocystitis osteopoikilosis	dacryocystitis
GARD:0000358	Pallister-W syndrome	W syndrome	w
GARD:0000358	Pallister-W syndrome	W syndrome	syndrome
GARD:0000359	cranioectodermal dysplasia	Levin syndrome	levin
GARD:0000359	cranioectodermal dysplasia	Levin syndrome	syndrome
GARD:0000359	cranioectodermal dysplasia	Sensenbrenner syndrome	syndrome
GARD:0000361	acalvaria	Acrania	acrania
GARD:0000361	acalvaria	primary acalvaria	primary
GARD:0000363	acatalasia	catalase deficiency	catalase
GARD:0000363	acatalasia	catalase deficiency	deficiency
GARD:0000364	arrhinia	Nose agenesia	nose
GARD:0000364	arrhinia	Nose agenesia	agenesia
GARD:0000364	arrhinia	isolated arrhinia	isolated
GARD:0000364	arrhinia	isolated arrhinia	arrhinia
GARD:0000364	arrhinia	Nose agenesis	nose
GARD:0000364	arrhinia	Nose agenesis	agenesis
GARD:0000368	laryngo-onycho-cutaneous syndrome	logic syndrome	logic
GARD:0000368	laryngo-onycho-cutaneous syndrome	logic syndrome	syndrome
GARD:0000368	laryngo-onycho-cutaneous syndrome	Shabbir syndrome	syndrome
GARD:0000369	choroideremia-deafness-obesity syndrome	Ayazi syndrome	syndrome
GARD:0000373	Quinquaud's folliculitis decalvans	folliculitis decalvans	folliculitis
GARD:0000375	cleft lip/palate-ectodermal dysplasia syndrome	orofacial cleft 7	cleft
GARD:0000375	cleft lip/palate-ectodermal dysplasia syndrome	Zlotogora syndrome	syndrome
GARD:0000377	adactylia, unilateral	adactylia unilateral	adactylia
GARD:0000377	adactylia, unilateral	adactylia unilateral	unilateral
GARD:0000378	Johnson neuroectodermal syndrome	Aadh syndrome	syndrome
GARD:0000379	renal tubular dysgenesis	renotubular dysgenesis	dysgenesis
GARD:0000381	arachnodactyly-abnormal ossification-intellectual disability syndrome	Kosztolanyi syndrome	syndrome
GARD:0000384	adult syndrome	acrodermatounguallacrimaltooth syndrome	syndrome
GARD:0000385	Zimmermann-Laband syndrome	Laband syndrome	syndrome
GARD:0000386	tetraamelia-multiple malformations syndrome	Zimmer phocomelia	phocomelia
GARD:0000390	autosomal dominant osteosclerosis, worth type	hyperostosis, endosteal	hyperostosis
GARD:0000390	autosomal dominant osteosclerosis, worth type	hyperostosis, endosteal	endosteal
GARD:0000390	autosomal dominant osteosclerosis, worth type	Worth syndrome	worth
GARD:0000390	autosomal dominant osteosclerosis, worth type	Worth syndrome	syndrome
GARD:0000391	osteomesopyknosis	axial osteosclerosis	axial
GARD:0000391	osteomesopyknosis	axial osteosclerosis	osteosclerosis
GARD:0000393	tungiasis	Tunga penetrans	tunga
GARD:0000393	tungiasis	Sarcopsylla penetrans	sarcopsylla
GARD:0000393	tungiasis	T penetrans	t
GARD:0000393	tungiasis	S penetrans	s
GARD:0000393	tungiasis	chigger flea	chigger
GARD:0000393	tungiasis	chigger flea	flea
GARD:0000394	radioulnar synostosis-microcephaly-scoliosis syndrome	Tsukahara syndrome	syndrome
GARD:0000396	tularemia	Ohara disease	disease
GARD:0000396	tularemia	lemming fever	lemming
GARD:0000396	tularemia	lemming fever	fever
GARD:0000396	tularemia	rabbit fever	rabbit
GARD:0000396	tularemia	rabbit fever	fever
GARD:0000396	tularemia	Deerfly fever	fever
GARD:0000396	tularemia	Yatobyo (Japan)	japan
GARD:0000405	subaortic stenosis-short stature syndrome	Onat syndrome	syndrome
GARD:0000408	short stature due to growth hormone qualitative anomaly	kowarski syndrome	syndrome
GARD:0000409	pachygyria-intellectual disability-epilepsy syndrome	Kuzniecky syndrome	syndrome
GARD:0000414	bamforth-lazarus syndrome	Bamforth syndrome	syndrome
GARD:0000418	pentosuria	essential pentosuria	essential
GARD:0000418	pentosuria	essential pentosuria	pentosuria
GARD:0000420	mismatch repair cancer syndrome 1	turcot syndrome	syndrome
GARD:0000424	XK aprosencephaly	aprosencephaly syndrome	syndrome
GARD:0000424	XK aprosencephaly	Xk syndrome	syndrome
GARD:0000425	tufted angioma	tufted hemangioma	tufted
GARD:0000425	tufted angioma	tufted hemangioma	hemangioma
GARD:0000425	tufted angioma	angioma tufted	angioma
GARD:0000425	tufted angioma	angioma tufted	tufted
GARD:0000425	tufted angioma	angioma, tufted	angioma
GARD:0000425	tufted angioma	angioma, tufted	tufted
GARD:0000427	ptosis-vocal cord paralysis syndrome	tucker syndrome	tucker
GARD:0000427	ptosis-vocal cord paralysis syndrome	tucker syndrome	syndrome
GARD:0000429	amniotic band syndrome	amniotic bands	amniotic
GARD:0000429	amniotic band syndrome	Streeter dysplasia	dysplasia
GARD:0000429	amniotic band syndrome	amputation, congenital	amputation
GARD:0000429	amniotic band syndrome	amputation, congenital	congenital
GARD:0000429	amniotic band syndrome	Streeter anomaly	anomaly
GARD:0000429	amniotic band syndrome	Adam Complex	adam
GARD:0000429	amniotic band syndrome	Adam Complex	complex
GARD:0000429	amniotic band syndrome	Adam syndrome	adam
GARD:0000429	amniotic band syndrome	Adam syndrome	syndrome
GARD:0000431	microtia	microtias, congenital	congenital
GARD:0000431	microtia	congenital microtias	congenital
GARD:0000431	microtia	anotia	anotia
GARD:0000431	microtia	microtia, congenital	microtia
GARD:0000431	microtia	microtia, congenital	congenital
GARD:0000433	apparent mineralocorticoid excess	Ulick syndrome	syndrome
GARD:0000438	autosomal recessive limb-girdle muscular dystrophy type 2d	primary adhalinopathy	primary
GARD:0000438	autosomal recessive limb-girdle muscular dystrophy type 2d	Adhalinopathy, primary	primary
GARD:0000454	accessory pancreas	pancreas accessorium	pancreas
GARD:0000456	achalasia microcephaly syndrome	achalasia microcephaly	achalasia
GARD:0000456	achalasia microcephaly syndrome	achalasia microcephaly	microcephaly
GARD:0000457	triple-a syndrome	Allgrove syndrome	syndrome
GARD:0000465	isovaleric acidemia	isovaleric aciduria	isovaleric
GARD:0000467	propionic acidemia	propionic aciduria	propionic
GARD:0000467	propionic acidemia	prop	prop
GARD:0000475	acquired prothrombin deficiency	hypoprothrombinemia, acquired	acquired
GARD:0000475	acquired prothrombin deficiency	acquired hypoprothrombinemia	acquired
GARD:0000476	acquired ichthyosis	ichthyosis acquisita	ichthyosis
GARD:0000476	acquired ichthyosis	ichthyosis, acquired	ichthyosis
GARD:0000476	acquired ichthyosis	ichthyosis, acquired	acquired
GARD:0000491	Prata-Liberal-Goncalves syndrome	acrodysplasia scoliosis	scoliosis
GARD:0000498	Nager acrofacial dysostosis	nager syndrome	syndrome
GARD:0000498	Nager acrofacial dysostosis	preaxial acrodysostosis	preaxial
GARD:0000502	hypertrichosis-acromegaloid facial appearance syndrome	haff	haff
GARD:0000506	acromesomelic dysplasia 2C, Hunter-Thompson type	acromesomelic dwarfism	dwarfism
GARD:0000508	Acroosteolysis dominant type	Cheney syndrome	cheney
GARD:0000508	Acroosteolysis dominant type	Cheney syndrome	syndrome
GARD:0000512	Acropectorovertebral dysplasia	F syndrome	f
GARD:0000512	Acropectorovertebral dysplasia	F syndrome	syndrome
GARD:0000519	idiopathic acute eosinophilic pneumonia	Loffler syndrome	syndrome
GARD:0000519	idiopathic acute eosinophilic pneumonia	Loeffler syndrome	syndrome
GARD:0000522	acute lymphoblastic leukemia	lymphoblastic leukaemia	lymphoblastic
GARD:0000522	acute lymphoblastic leukemia	lymphoblastic leukemia	lymphoblastic
GARD:0000522	acute lymphoblastic leukemia	lymphoblastic leukemia	leukemia
GARD:0000524	acute megakaryoblastic leukemia	megakaryocytic leukemia	leukemia
GARD:0000524	acute megakaryoblastic leukemia	thrombocytic leukemia	leukemia
GARD:0000525	acute monocytic leukemia	monocytic leukaemia	monocytic
GARD:0000525	acute monocytic leukemia	monocytic leukemia	monocytic
GARD:0000525	acute monocytic leukemia	monocytic leukemia	leukemia
GARD:0000538	acute promyelocytic leukemia	promyelocytic leukemia	leukemia
GARD:0000540	medium chain acyl-coa dehydrogenase deficiency	Mcadh deficiency	deficiency
GARD:0000546	adenine phosphoribosyltransferase deficiency	nephrolithiasis, Dha	dha
GARD:0000546	adenine phosphoribosyltransferase deficiency	urolithiasis, Dha	urolithiasis
GARD:0000546	adenine phosphoribosyltransferase deficiency	urolithiasis, Dha	dha
GARD:0000550	adenylosuccinate lyase deficiency	adenylosuccinase deficiency	deficiency
GARD:0000550	adenylosuccinate lyase deficiency	adsl deficiency	deficiency
GARD:0000558	adrenal cortex carcinoma	adrenocortical carcinoma	adrenocortical
GARD:0000558	adrenal cortex carcinoma	adrenocortical carcinoma	carcinoma
GARD:0000558	adrenal cortex carcinoma	adrenocortical cancer	adrenocortical
GARD:0000558	adrenal cortex carcinoma	adrenocortical cancer	cancer
GARD:0000575	Aicardi-Goutieres syndrome	pseudotoxoplasmosis syndrome	syndrome
GARD:0000575	Aicardi-Goutieres syndrome	Cree encephalitis	cree
GARD:0000575	Aicardi-Goutieres syndrome	Cree encephalitis	encephalitis
GARD:0000589	albinism-hearing loss syndrome	Woolf syndrome	syndrome
GARD:0000594	oculocutaneous albinism type 1b	Yellow albinism	yellow
GARD:0000594	oculocutaneous albinism type 1b	Yellow albinism	albinism
GARD:0000600	glycogen storage disease due to aldolase a deficiency	glycogenosis type 12	type
GARD:0000600	glycogen storage disease due to aldolase a deficiency	Aldoa deficiency	deficiency
GARD:0000602	allergic bronchopulmonary aspergillosis	allergic aspergillosis	allergic
GARD:0000602	allergic bronchopulmonary aspergillosis	allergic aspergillosis	aspergillosis
GARD:0000607	alopecia-epilepsy-pyorrhea-intellectual disability syndrome	Shokeir syndrome	syndrome
GARD:0000612	alopecia - intellectual disability syndrome	Amr syndrome	syndrome
GARD:0000614	alopecia universalis congenita	alopecia universalis	alopecia
GARD:0000614	alopecia universalis congenita	atrichia, generalised	atrichia
GARD:0000614	alopecia universalis congenita	atrichia, generalized	atrichia
GARD:0000614	alopecia universalis congenita	atrichia, generalized	generalized
GARD:0000621	alpha thalassemia spectrum	alpha thalassaemia	alpha
GARD:0000621	alpha thalassemia spectrum	thalassemia, alpha-	alpha
GARD:0000621	alpha thalassemia spectrum	thalassemias, alpha-	alpha
GARD:0000654	encephalopathy due to beta-mercaptolactate-cysteine disulfiduria	Ampola syndrome	syndrome
GARD:0000654	encephalopathy due to beta-mercaptolactate-cysteine disulfiduria	disulfiduria, mixed	mixed
GARD:0000676	hereditary neurocutaneous angioma	hemangiomatosis, disseminated	hemangiomatosis
GARD:0000693	anisakiasis	Anisakis infection	infection
GARD:0000693	anisakiasis	Pseudoterranova infection	infection
GARD:0000701	tooth ankylosis	molar 1 reinclusion	molar
GARD:0000701	tooth ankylosis	molar 1 reinclusion	reinclusion
GARD:0000701	tooth ankylosis	dental ankylosis	dental
GARD:0000701	tooth ankylosis	dental ankylosis	ankylosis
GARD:0000705	annular pancreas	pancreas, annular	pancreas
GARD:0000705	annular pancreas	pancreas, annular	annular
GARD:0000713	matthew-wood syndrome	microphthalmia syndromic 9	microphthalmia
GARD:0000713	matthew-wood syndrome	microphthalmia syndromic 9	syndromic
GARD:0000713	matthew-wood syndrome	spear syndrome	spear
GARD:0000713	matthew-wood syndrome	spear syndrome	syndrome
GARD:0000713	matthew-wood syndrome	microphthalmia, syndromic 9	microphthalmia
GARD:0000713	matthew-wood syndrome	microphthalmia, syndromic 9	syndromic
GARD:0000722	microphthalmia with limb anomalies	ophthalmoacromelic syndrome	syndrome
GARD:0000731	alpha-2-plasmin inhibitor deficiency	antiplasmin deficiency	deficiency
GARD:0000738	congenital aortopulmonary window	aortopulmonary fistula	fistula
GARD:0000770	aromatic l-amino acid decarboxylase deficiency	aadc deficiency	deficiency
GARD:0000774	arterial tortuosity syndrome	arterial tortuosity	arterial
GARD:0000774	arterial tortuosity syndrome	arterial tortuosity	tortuosity
GARD:0000777	arthrogryposis multiplex congenita	congenital amyoplasia	congenital
GARD:0000777	arthrogryposis multiplex congenita	Otto syndrome	otto
GARD:0000777	arthrogryposis multiplex congenita	Otto syndrome	syndrome
GARD:0000777	arthrogryposis multiplex congenita	congenital arthromyodysplasia	congenital
GARD:0000777	arthrogryposis multiplex congenita	Rossi syndrome	syndrome
GARD:0000792	arthrogryposis multiplex congenita-whistling face syndrome	illum syndrome	syndrome
GARD:0000804	Alagille syndrome	Cardiovertebral syndrome	syndrome
GARD:0000804	Alagille syndrome	Arteriohepatic dysplasia	dysplasia
GARD:0000804	Alagille syndrome	Hepatofacioneurocardiovertebral syndrome	syndrome
GARD:0000809	balantidiasis	balantidiosis	balantidiosis
GARD:0000809	balantidiasis	Human balantidiasis	human
GARD:0000809	balantidiasis	Human balantidiasis	balantidiasis
GARD:0000809	balantidiasis	ciliary dysentery	ciliary
GARD:0000809	balantidiasis	ciliary dysentery	dysentery
GARD:0000816	orofaciodigital syndrome iv	orofaciodigital syndrome 4	syndrome
GARD:0000824	MHC class II deficiency	Bls, type 2	type
GARD:0000835	congenital muscular dystrophy-infantile cataract-hypogonadism syndrome	Bassoe syndrome	syndrome
GARD:0000838	bazex-dupre-christol syndrome	Bazex syndrome	syndrome
GARD:0000842	diffuse idiopathic skeletal hyperostosis	Forestier disease	disease
GARD:0000842	diffuse idiopathic skeletal hyperostosis	dish	dish
GARD:0000844	myotonia congenita, autosomal recessive	myotonia, generalised	myotonia
GARD:0000844	myotonia congenita, autosomal recessive	Becker disease	becker
GARD:0000844	myotonia congenita, autosomal recessive	Becker disease	disease
GARD:0000844	myotonia congenita, autosomal recessive	myotonia, generalized	myotonia
GARD:0000844	myotonia congenita, autosomal recessive	myotonia, generalized	generalized
GARD:0000848	Behcet disease	Bechet syndrome	syndrome
GARD:0000848	Behcet disease	Behcet syndrome	syndrome
GARD:0000863	IgA glomerulonephritis	focal glomerulonephritis	focal
GARD:0000863	IgA glomerulonephritis	focal glomerulonephritis	glomerulonephritis
GARD:0000863	IgA glomerulonephritis	segmental glomerulonephritis	segmental
GARD:0000863	IgA glomerulonephritis	segmental glomerulonephritis	glomerulonephritis
GARD:0000863	IgA glomerulonephritis	iga nephropathy	nephropathy
GARD:0000867	chronic beryllium disease	berylliosis	berylliosis
GARD:0000867	chronic beryllium disease	chronic berylliosis	chronic
GARD:0000867	chronic beryllium disease	chronic berylliosis	berylliosis
GARD:0000867	chronic beryllium disease	acute berylliosis	acute
GARD:0000867	chronic beryllium disease	acute berylliosis	berylliosis
GARD:0000867	chronic beryllium disease	beryllium poisoning	beryllium
GARD:0000867	chronic beryllium disease	beryllium poisoning	poisoning
GARD:0000867	chronic beryllium disease	reversible berylliosis	reversible
GARD:0000867	chronic beryllium disease	reversible berylliosis	berylliosis
GARD:0000867	chronic beryllium disease	Subacute berylliosis	subacute
GARD:0000867	chronic beryllium disease	Subacute berylliosis	berylliosis
GARD:0000867	chronic beryllium disease	beryllium disease	beryllium
GARD:0000867	chronic beryllium disease	beryllium disease	disease
GARD:0000869	beta-mannosidosis	mannosidosis, beta	beta
GARD:0000871	beta thalassemia	erythroblastic anaemia	erythroblastic
GARD:0000871	beta thalassemia	erythroblastic anaemia	anaemia
GARD:0000871	beta thalassemia	erythroblastic anemia	erythroblastic
GARD:0000871	beta thalassemia	erythroblastic anemia	anemia
GARD:0000871	beta thalassemia	thalassemia major	major
GARD:0000871	beta thalassemia	Thalassemias, beta-	beta
GARD:0000872	beta-ketothiolase deficiency	Mat deficiency	mat
GARD:0000872	beta-ketothiolase deficiency	Mat deficiency	deficiency
GARD:0000873	Bethlem myopathy	Bethlem myopathy 1	myopathy
GARD:0000882	Biemond syndrome type 2	Biemond syndrome 2	syndrome
GARD:0000894	biotinidase deficiency	biotin deficiency	biotin
GARD:0000894	biotinidase deficiency	biotin deficiency	deficiency
GARD:0000897	hypertelorism, microtia, facial clefting syndrome	Bixler syndrome	syndrome
GARD:0000916	Blount disease	tibia vara	tibia
GARD:0000916	Blount disease	tibia vara	vara
GARD:0000918	Brachymorphism-onychodysplasia-dysphalangism syndrome	Senior syndrome	senior
GARD:0000918	Brachymorphism-onychodysplasia-dysphalangism syndrome	Senior syndrome	syndrome
GARD:0000918	Brachymorphism-onychodysplasia-dysphalangism syndrome	bod syndrome	bod
GARD:0000918	Brachymorphism-onychodysplasia-dysphalangism syndrome	bod syndrome	syndrome
GARD:0000932	B√∂√∂k syndrome	book syndrome	book
GARD:0000932	B√∂√∂k syndrome	book syndrome	syndrome
GARD:0000936	borjeson-forssman-lehmann syndrome	Borjeson syndrome	syndrome
GARD:0000938	tricho-retino-dento-digital syndrome	Bork syndrome	syndrome
GARD:0000942	diphyllobothriasis	fish tapeworm	fish
GARD:0000942	diphyllobothriasis	fish tapeworm	tapeworm
GARD:0000942	diphyllobothriasis	Diphyllobothrium infection	diphyllobothrium
GARD:0000942	diphyllobothriasis	Diphyllobothrium infection	infection
GARD:0000943	botulism	botulism poisoning	botulism
GARD:0000943	botulism	botulism poisoning	poisoning
GARD:0000943	botulism	foodborne botulism	botulism
GARD:0000955	elsahy-waters syndrome	brachioskeletogenital syndrome	syndrome
GARD:0000957	Teebi hypertelorism syndrome 1	Brachycephalofrontonasal dysplasia	dysplasia
GARD:0000957	Teebi hypertelorism syndrome 1	Teebi syndrome	syndrome
GARD:0000963	brachydactyly type A3	brachymesophalangy V	v
GARD:0000966	brachydactyly-elbow wrist dysplasia syndrome	liebenberg syndrome	syndrome
GARD:0000967	brachydactyly-arterial hypertension syndrome	Bilginturan syndrome	syndrome
GARD:0000967	brachydactyly-arterial hypertension syndrome	Bilginturan brachydactyly	brachydactyly
GARD:0000971	brachydactyly-nystagmus-cerebellar ataxia syndrome	Biemond syndrome	syndrome
GARD:0000972	brachydactyly-preaxial hallux varus syndrome	Christian brachydactyly	christian
GARD:0000972	brachydactyly-preaxial hallux varus syndrome	Christian brachydactyly	brachydactyly
GARD:0000979	brachydactyly type a2	Brachymesophalangy type 2	type
GARD:0000990	brachydactyly type a4	Brachymesophalangy 2 and 5	and
GARD:0001017	osteogenesis imperfecta	Lobstein disease	disease
GARD:0001017	osteogenesis imperfecta	Vrolik disease	disease
GARD:0001019	brittle cornea syndrome	kyphoscoliosis type	kyphoscoliosis
GARD:0001019	brittle cornea syndrome	kyphoscoliosis type	type
GARD:0001030	Brugada syndrome	dream disease	dream
GARD:0001030	Brugada syndrome	dream disease	disease
GARD:0001044	buschke-ollendorff syndrome	osteopoikilosis, isolated	isolated
GARD:0001053	limited cutaneous systemic sclerosis	limited scleroderma	limited
GARD:0001053	limited cutaneous systemic sclerosis	limited scleroderma	scleroderma
GARD:0001057	autosomal recessive limb-girdle muscular dystrophy type 2a	primary calpainopathy	primary
GARD:0001057	autosomal recessive limb-girdle muscular dystrophy type 2a	myositis, eosinophilic	myositis
GARD:0001057	autosomal recessive limb-girdle muscular dystrophy type 2a	myositis, eosinophilic	eosinophilic
GARD:0001058	X-linked calvarial hyperostosis	calvarial hyperostosis	hyperostosis
GARD:0001061	campomelia, cumming type	Cumming syndrome	syndrome
GARD:0001063	idiopathic camptocormia	idiopathic camptocormism	idiopathic
GARD:0001063	idiopathic camptocormia	bent spine	bent
GARD:0001063	idiopathic camptocormia	bent spine	spine
GARD:0001067	camptodactyly syndrome, guadalajara type 1	faciothoracoskeletal syndrome	syndrome
GARD:0001072	camurati-engelmann disease	diaphyseal dysplasia	dysplasia
GARD:0001072	camurati-engelmann disease	Engelmann disease	disease
GARD:0001076	disseminated candidiasis	systemic candidiasis	systemic
GARD:0001076	disseminated candidiasis	invasive candidiasis	invasive
GARD:0001077	chronic mucocutaneous candidiasis	familial candidiasis	familial
GARD:0001084	capillary leak syndrome	Clarkson disease	disease
GARD:0001093	progressive familial heart block, type 1A	Lenegre disease	disease
GARD:0001093	progressive familial heart block, type 1A	Lev disease	lev
GARD:0001093	progressive familial heart block, type 1A	Lev disease	disease
GARD:0001100	Noonan syndrome with multiple lentigines	generalized lentiginosis	generalized
GARD:0001100	Noonan syndrome with multiple lentigines	Moynahan syndrome	syndrome
GARD:0001118	3MC syndrome	oculopalatoskeletal syndrome	syndrome
GARD:0001119	Carney complex	Carney syndrome	carney
GARD:0001119	Carney complex	Carney syndrome	syndrome
GARD:0001119	Carney complex	lamb	lamb
GARD:0001119	Carney complex	lamb syndrome	lamb
GARD:0001119	Carney complex	lamb syndrome	syndrome
GARD:0001123	carnitine-acylcarnitine translocase deficiency	cact deficiency	deficiency
GARD:0001130	idiopathic chronic eosinophilic pneumonia	Carrington syndrome	syndrome
GARD:0001139	autosomal recessive palmoplantar keratoderma and congenital alopecia	cass	cass
GARD:0001141	cataract-ataxia-deafness syndrome	Begeer syndrome	syndrome
GARD:0001160	cataract-glaucoma syndrome	cataract - glaucoma	cataract
GARD:0001160	cataract-glaucoma syndrome	cataract - glaucoma	glaucoma
GARD:0001164	caudal duplication	dipygus	dipygus
GARD:0001199	autosomal recessive spinocerebellar ataxia 2	cerebelloparenchymal disorder 3	disorder
GARD:0001210	craniofacial dysmorphism, skeletal anomalies, and impaired intellectual development 1	cerebrofaciothoracic dysplasia	dysplasia
GARD:0001219	neuronal ceroid lipofuscinosis 1	Santavuori disease	disease
GARD:0001223	neuronal ceroid lipofuscinosis 5	Finnish Vlincl	finnish
GARD:0001237	char syndrome	char	char
GARD:0001240	Charcot-Marie-Tooth disease X-linked recessive 4	cowchock syndrome	syndrome
GARD:0001292	chondrocalcinosis 2	Pseudogout, familial	familial
GARD:0001292	chondrocalcinosis 2	calcium gout	calcium
GARD:0001292	chondrocalcinosis 2	calcium gout	gout
GARD:0001292	chondrocalcinosis 2	chondrocalcinosis type 2	type
GARD:0001300	acromesomelic dysplasia 2a	Brazilian achondrogenesis	brazilian
GARD:0001300	acromesomelic dysplasia 2a	Grebe syndrome	grebe
GARD:0001300	acromesomelic dysplasia 2a	Grebe syndrome	syndrome
GARD:0001300	acromesomelic dysplasia 2a	achondrogenesis, Brazilian	brazilian
GARD:0001300	acromesomelic dysplasia 2a	grebe chondrodysplasia	grebe
GARD:0001300	acromesomelic dysplasia 2a	Grebe dysplasia	grebe
GARD:0001300	acromesomelic dysplasia 2a	Grebe dysplasia	dysplasia
GARD:0001301	ellis-van creveld syndrome	Chondroectodermal dysplasia	dysplasia
GARD:0001301	ellis-van creveld syndrome	mesodermic dysplasia	mesodermic
GARD:0001301	ellis-van creveld syndrome	mesodermic dysplasia	dysplasia
GARD:0001301	ellis-van creveld syndrome	Mesoectodermal dysplasia	dysplasia
GARD:0001303	chordoma	chordoma (disease)	disease
GARD:0001303	chordoma	chordoma, malignant	malignant
GARD:0001303	chordoma	notochordal sarcoma	notochordal
GARD:0001303	chordoma	notochordal sarcoma	sarcoma
GARD:0001319	chromomycosis	dermatitis Verrucosa	dermatitis
GARD:0001320	ring chromosome 1	chromosome 1, ring	chromosome
GARD:0001320	ring chromosome 1	chromosome 1, ring	ring
GARD:0001320	ring chromosome 1	Ring 1	ring
GARD:0001320	ring chromosome 1	chromosome 1 ring	chromosome
GARD:0001320	ring chromosome 1	chromosome 1 ring	ring
GARD:0001320	ring chromosome 1	r(1) syndrome	r
GARD:0001320	ring chromosome 1	r(1) syndrome	syndrome
GARD:0001322	ring chromosome 10	Ring 10	ring
GARD:0001322	ring chromosome 10	chromosome 10 ring	chromosome
GARD:0001322	ring chromosome 10	chromosome 10 ring	ring
GARD:0001325	ring chromosome 12	chromosome 12 ring	chromosome
GARD:0001325	ring chromosome 12	chromosome 12 ring	ring
GARD:0001325	ring chromosome 12	Ring 12	ring
GARD:0001327	mosaic trisomy 14	trisomy 14 mosaicism	trisomy
GARD:0001327	mosaic trisomy 14	trisomy 14 mosaicism	mosaicism
GARD:0001328	ring chromosome 15	chromosome 15 ring	chromosome
GARD:0001328	ring chromosome 15	chromosome 15 ring	ring
GARD:0001328	ring chromosome 15	Ring 15	ring
GARD:0001333	ring chromosome 19	chromosome 19 ring	chromosome
GARD:0001333	ring chromosome 19	chromosome 19 ring	ring
GARD:0001333	ring chromosome 19	Ring 19	ring
GARD:0001334	ring chromosome 20	chromosome 20 ring	chromosome
GARD:0001334	ring chromosome 20	chromosome 20 ring	ring
GARD:0001334	ring chromosome 20	ring 20	ring
GARD:0001336	ring chromosome 22	Ring 22	ring
GARD:0001336	ring chromosome 22	chromosome 22 ring	chromosome
GARD:0001336	ring chromosome 22	chromosome 22 ring	ring
GARD:0001336	ring chromosome 22	r(22) syndrome	r
GARD:0001336	ring chromosome 22	r(22) syndrome	syndrome
GARD:0001339	ring chromosome 4	r(4) syndrome	r
GARD:0001339	ring chromosome 4	r(4) syndrome	syndrome
GARD:0001339	ring chromosome 4	Ring 4	ring
GARD:0001339	ring chromosome 4	rose cluster 4	rose
GARD:0001339	ring chromosome 4	rose cluster 4	cluster
GARD:0001339	ring chromosome 4	chromosome 4 ring	chromosome
GARD:0001339	ring chromosome 4	chromosome 4 ring	ring
GARD:0001339	ring chromosome 4	syndrome r(4)	syndrome
GARD:0001339	ring chromosome 4	syndrome r(4)	r
GARD:0001345	ring chromosome 7	chromosome 7 ring	chromosome
GARD:0001345	ring chromosome 7	chromosome 7 ring	ring
GARD:0001345	ring chromosome 7	rose cluster 7	rose
GARD:0001345	ring chromosome 7	rose cluster 7	cluster
GARD:0001345	ring chromosome 7	Ring 7	ring
GARD:0001347	chromosome 8-derived supernumerary ring/marker	Ring 8	ring
GARD:0001347	chromosome 8-derived supernumerary ring/marker	rose cluster 8	rose
GARD:0001347	chromosome 8-derived supernumerary ring/marker	rose cluster 8	cluster
GARD:0001347	chromosome 8-derived supernumerary ring/marker	r(8) syndrome	r
GARD:0001347	chromosome 8-derived supernumerary ring/marker	r(8) syndrome	syndrome
GARD:0001347	chromosome 8-derived supernumerary ring/marker	chromosome 8 ring	chromosome
GARD:0001347	chromosome 8-derived supernumerary ring/marker	chromosome 8 ring	ring
GARD:0001347	chromosome 8-derived supernumerary ring/marker	ring chromosome 8	ring
GARD:0001347	chromosome 8-derived supernumerary ring/marker	ring chromosome 8	chromosome
GARD:0001348	ring chromosome 9	Ring 9	ring
GARD:0001348	ring chromosome 9	chromosome 9 ring	chromosome
GARD:0001348	ring chromosome 9	chromosome 9 ring	ring
GARD:0001358	intellectual disability-myopathy-short stature-endocrine defect syndrome	Chudley syndrome	syndrome
GARD:0001359	chylous ascites	ascites, chylous	ascites
GARD:0001359	chylous ascites	ascites, chylous	chylous
GARD:0001391	cleft palate-lateral synechia syndrome	cpls syndrome	syndrome
GARD:0001410	COACH syndrome	gentile syndrome	gentile
GARD:0001410	COACH syndrome	gentile syndrome	syndrome
GARD:0001418	codas syndrome	cerebrooculodentoauriculoskeletal syndrome	syndrome
GARD:0001436	coloboma of macula	macular coloboma	macular
GARD:0001436	coloboma of macula	macular coloboma	coloboma
GARD:0001437	coloboma of macula-brachydactyly type b syndrome	Sorsby syndrome	syndrome
GARD:0001437	coloboma of macula-brachydactyly type b syndrome	apical dystrophy	apical
GARD:0001437	coloboma of macula-brachydactyly type b syndrome	apical dystrophy	dystrophy
GARD:0001443	anophthalmia/microphthalmia-esophageal atresia syndrome	Aeg syndrome	syndrome
GARD:0001443	anophthalmia/microphthalmia-esophageal atresia syndrome	microphthalmia, syndromic 3	microphthalmia
GARD:0001443	anophthalmia/microphthalmia-esophageal atresia syndrome	microphthalmia, syndromic 3	syndromic
GARD:0001446	colonic atresia	colon atresia	colon
GARD:0001446	colonic atresia	colon atresia	atresia
GARD:0001465	congenital lipoid adrenal hyperplasia due to star deficency	adrenal hyperplasia 1	adrenal
GARD:0001465	congenital lipoid adrenal hyperplasia due to star deficency	adrenal hyperplasia 1	hyperplasia
GARD:0001467	congenital adrenal hyperplasia	adrenogenital disorder	disorder
GARD:0001467	congenital adrenal hyperplasia	adrenogenital syndrome	syndrome
GARD:0001467	congenital adrenal hyperplasia	adrenal hyperplasia	adrenal
GARD:0001467	congenital adrenal hyperplasia	adrenal hyperplasia	hyperplasia
GARD:0001469	congenital adrenal hyperplasia due to 17-alpha-hydroxylase deficiency	adrenal hyperplasia 5	adrenal
GARD:0001469	congenital adrenal hyperplasia due to 17-alpha-hydroxylase deficiency	adrenal hyperplasia 5	hyperplasia
GARD:0001470	alopecia, congenital	congenital alopecia	congenital
GARD:0001470	alopecia, congenital	congenital alopecia	alopecia
GARD:0001480	fetal cytomegalovirus syndrome	congenital cytomegalovirus	congenital
GARD:0001481	congenital diaphragmatic hernia	diaphragmatic hernia	diaphragmatic
GARD:0001481	congenital diaphragmatic hernia	diaphragmatic hernia	hernia
GARD:0001487	congenital hypothyroidism	congenital goiter	congenital
GARD:0001487	congenital hypothyroidism	congenital goiter	goiter
GARD:0001487	congenital hypothyroidism	congenital goitre	congenital
GARD:0001487	congenital hypothyroidism	infantile hypothyroidism	infantile
GARD:0001487	congenital hypothyroidism	infantile hypothyroidism	hypothyroidism
GARD:0001493	congenital mesoblastic nephroma	mesoblastic nephroma	mesoblastic
GARD:0001500	congenital nephrotic syndrome, finnish type	nephrosis, congenital	nephrosis
GARD:0001500	congenital nephrotic syndrome, finnish type	nephrosis, congenital	congenital
GARD:0001513	continuous spikes and waves during sleep	epileptic aphasia	epileptic
GARD:0001513	continuous spikes and waves during sleep	epileptic aphasia	aphasia
GARD:0001513	continuous spikes and waves during sleep	eses index	index
GARD:0001521	Menkes disease	Menkes syndrome	syndrome
GARD:0001521	Menkes disease	Menkea syndrome	syndrome
GARD:0001529	corneal dystrophy-perceptive deafness syndrome	Harboyan syndrome	syndrome
GARD:0001531	Stern-Lubinsky-Durrie syndrome	Cdo syndrome	syndrome
GARD:0001537	agenesis of the corpus callosum with peripheral neuropathy	Andermann syndrome	syndrome
GARD:0001537	agenesis of the corpus callosum with peripheral neuropathy	Charlevoix disease	disease
GARD:0001544	congenitally corrected transposition of the great arteries	Double discordance	double
GARD:0001544	congenitally corrected transposition of the great arteries	Double discordance	discordance
GARD:0001544	congenitally corrected transposition of the great arteries	ventricular inversion	ventricular
GARD:0001544	congenitally corrected transposition of the great arteries	ventricular inversion	inversion
GARD:0001550	Costello syndrome	faciocutaneoskeletal syndrome	syndrome
GARD:0001553	tricho-oculo-dermo-vertebral syndrome	Alves syndrome	syndrome
GARD:0001553	tricho-oculo-dermo-vertebral syndrome	Trichooculodermovertebral syndrome	syndrome
GARD:0001553	tricho-oculo-dermo-vertebral syndrome	Todv syndrome	syndrome
GARD:0001555	pelviscapular dysplasia	cousin syndrome	cousin
GARD:0001555	pelviscapular dysplasia	cousin syndrome	syndrome
GARD:0001564	cranio-osteoarthropathy	cranio osteoarthropathy	osteoarthropathy
GARD:0001564	cranio-osteoarthropathy	Currarino disease	disease
GARD:0001578	craniofrontonasal syndrome	craniofrontonasal dysplasia	dysplasia
GARD:0001609	creeping myiasis	migratory myiasis	migratory
GARD:0001609	creeping myiasis	migratory myiasis	myiasis
GARD:0001611	cold-induced sweating syndrome 1	Crisponi syndrome	syndrome
GARD:0001614	cataract-nephropathy-encephalopathy syndrome	crome syndrome	crome
GARD:0001614	cataract-nephropathy-encephalopathy syndrome	crome syndrome	syndrome
GARD:0001617	crossed polysyndactyly	polysyndactyly, crossed	crossed
GARD:0001617	crossed polysyndactyly	crossed polydactyly	crossed
GARD:0001617	crossed polysyndactyly	crossed polydactyly	polydactyly
GARD:0001620	cryptogenic organizing pneumonia	organising pneumonia	pneumonia
GARD:0001620	cryptogenic organizing pneumonia	organizing pneumonia	pneumonia
GARD:0001620	cryptogenic organizing pneumonia	constrictive bronchiolitis	constrictive
GARD:0001620	cryptogenic organizing pneumonia	constrictive bronchiolitis	bronchiolitis
GARD:0001626	Currarino triad	currarino syndrome	syndrome
GARD:0001629	cutaneous larva migrans	dew itch	dew
GARD:0001629	cutaneous larva migrans	dew itch	itch
GARD:0001629	cutaneous larva migrans	creeping eruption	creeping
GARD:0001629	cutaneous larva migrans	creeping eruption	eruption
GARD:0001629	cutaneous larva migrans	ground itch	ground
GARD:0001629	cutaneous larva migrans	ground itch	itch
GARD:0001646	thyrocerebrorenal syndrome	thyrocerebroretinal syndrome	syndrome
GARD:0001669	Dandy-Walker malformation-postaxial polydactyly syndrome	Pierquin syndrome	syndrome
GARD:0001685	DOORS syndrome	door syndrome	door
GARD:0001685	DOORS syndrome	door syndrome	syndrome
GARD:0001685	DOORS syndrome	drc syndrome	syndrome
GARD:0001685	DOORS syndrome	Digitorenocerebral syndrome	syndrome
GARD:0001685	DOORS syndrome	Eronen syndrome	syndrome
GARD:0001697	autosomal recessive nonsyndromic hearing loss 1A	connexin 26 deafness	deafness
GARD:0001802	demodicidosis	demodectic mange	demodectic
GARD:0001802	demodicidosis	demodectic mange	mange
GARD:0001802	demodicidosis	red mange	red
GARD:0001802	demodicidosis	red mange	mange
GARD:0001804	Dent disease type 1	nephrolithiasis type 1	type
GARD:0001806	dentin dysplasia type ii	pulpal dysplasia	pulpal
GARD:0001806	dentin dysplasia type ii	pulpal dysplasia	dysplasia
GARD:0001806	dentin dysplasia type ii	pulp stones	pulp
GARD:0001807	dentin dysplasia type i	rootless teeth	rootless
GARD:0001807	dentin dysplasia type i	rootless teeth	teeth
GARD:0001815	dermochondrocorneal dystrophy	Francois syndrome	francois
GARD:0001815	dermochondrocorneal dystrophy	Francois syndrome	syndrome
GARD:0001816	dermo-odonto dysplasia	dermoodonto dysplasia	dysplasia
GARD:0001818	Desbuquois dysplasia	desbuquois syndrome	syndrome
GARD:0001820	desmoid tumor	aggressive fibromatosis	aggressive
GARD:0001820	desmoid tumor	aggressive fibromatosis	fibromatosis
GARD:0001820	desmoid tumor	deep fibromatosis	deep
GARD:0001820	desmoid tumor	deep fibromatosis	fibromatosis
GARD:0001820	desmoid tumor	desmoid fibromatosis	desmoid
GARD:0001820	desmoid tumor	desmoid fibromatosis	fibromatosis
GARD:0001827	dextrocardia	dextrocardia (disease)	dextrocardia
GARD:0001827	dextrocardia	dextrocardia (disease)	disease
GARD:0001851	diastematomyelia	diplomyelia	diplomyelia
GARD:0001854	hyperdibasic aminoaciduria type 1	dibasic aminoaciduria 1	dibasic
GARD:0001854	hyperdibasic aminoaciduria type 1	dibasic aminoaciduria 1	aminoaciduria
GARD:0001874	hemolytic anemia due to diphosphoglycerate mutase deficiency	bisphosphoglyceromutase deficiency	deficiency
GARD:0001874	hemolytic anemia due to diphosphoglycerate mutase deficiency	erythrocytosis, familial, 8	erythrocytosis
GARD:0001874	hemolytic anemia due to diphosphoglycerate mutase deficiency	erythrocytosis, familial, 8	familial
GARD:0001875	diphtheria	Corynebacterium infection	corynebacterium
GARD:0001875	diphtheria	Corynebacterium infection	infection
GARD:0001876	diprosopus	craniofacial duplication	craniofacial
GARD:0001876	diprosopus	craniofacial duplication	duplication
GARD:0001886	myofibrillar myopathy 4	myopathy, myofibrillar, 4	myopathy
GARD:0001887	distal myopathy with vocal cord weakness	distal myopathy 2	distal
GARD:0001887	distal myopathy with vocal cord weakness	distal myopathy 2	myopathy
GARD:0001891	distomatosis	fluke infection	fluke
GARD:0001891	distomatosis	fluke infection	infection
GARD:0001891	distomatosis	distomiasis	distomiasis
GARD:0001896	isolated cleft palate	cleft palate	cleft
GARD:0001896	isolated cleft palate	cleft palate	palate
GARD:0001899	donnai-barrow syndrome	faciooculoacousticorenal syndrome	syndrome
GARD:0001903	orthostatic hypotension 1	noradrenaline deficiency	deficiency
GARD:0001903	orthostatic hypotension 1	norepinephrine deficiency	deficiency
GARD:0001904	subcortical band heterotopia	band heterotopia	band
GARD:0001904	subcortical band heterotopia	band heterotopia	heterotopia
GARD:0001904	subcortical band heterotopia	Double cortex	double
GARD:0001904	subcortical band heterotopia	Double cortex	cortex
GARD:0001904	subcortical band heterotopia	heterotopic cortex	heterotopic
GARD:0001904	subcortical band heterotopia	heterotopic cortex	cortex
GARD:0001910	double uterus-hemivagina-renal agenesis syndrome	Wunderlich syndrome	syndrome
GARD:0001912	Doyne honeycomb retinal dystrophy	dominant drusen	dominant
GARD:0001912	Doyne honeycomb retinal dystrophy	familial drusen	familial
GARD:0001975	duplication of urethra	urethral duplication	urethral
GARD:0001975	duplication of urethra	urethral duplication	duplication
GARD:0001994	dyschondrosteosis-nephritis syndrome	dyschondrosteosis nephritis	nephritis
GARD:0001998	cerebellar ataxia, intellectual disability, and dysequilibrium	dysequilibrium syndrome	syndrome
GARD:0002001	congenital dyserythropoietic anemia type 2	hempas anaemia	anaemia
GARD:0002001	congenital dyserythropoietic anemia type 2	hempas anemia	anemia
GARD:0002004	familial dysfibrinogenemia	congenital dysfibrinogenemia	congenital
GARD:0002004	familial dysfibrinogenemia	dysfibrinogenemia, congenital	congenital
GARD:0002004	familial dysfibrinogenemia	hypodysfibrinogenemia, congenital	congenital
GARD:0002004	familial dysfibrinogenemia	dysfibrinogenemia, familial	familial
GARD:0002013	autosomal dominant Robinow syndrome 1	Robinow dwarfism	dwarfism
GARD:0002015	peripheral dysostosis	dysostosis peripheral	peripheral
GARD:0002016	dysostosis, stanescu type	Stanescu osteosclerosis	osteosclerosis
GARD:0002019	dysplasia epiphysealis hemimelica	Trevor disease	trevor
GARD:0002019	dysplasia epiphysealis hemimelica	Trevor disease	disease
GARD:0002027	early-onset generalized limb-onset dystonia	torsion dystonia 1	torsion
GARD:0002027	early-onset generalized limb-onset dystonia	idiopathic dystonia	idiopathic
GARD:0002035	Ebola hemorrhagic fever	Ebola fever	fever
GARD:0002044	Leukomelanoderma-infantilism-intellectual disability-hypodontia-hypotrichosis syndrome	Berlin syndrome	berlin
GARD:0002044	Leukomelanoderma-infantilism-intellectual disability-hypodontia-hypotrichosis syndrome	Berlin syndrome	syndrome
GARD:0002049	hypohidrotic ectodermal dysplasia-hypothyroidism-ciliary dyskinesia syndrome	another syndrome	another
GARD:0002049	hypohidrotic ectodermal dysplasia-hypothyroidism-ciliary dyskinesia syndrome	another syndrome	syndrome
GARD:0002068	ectrodactyly-polydactyly syndrome	ectrodactyly polydactyly	ectrodactyly
GARD:0002068	ectrodactyly-polydactyly syndrome	ectrodactyly polydactyly	polydactyly
GARD:0002071	blepharocheilodontic syndrome	Elsching syndrome	syndrome
GARD:0002071	blepharocheilodontic syndrome	blepharocheilodontic syndrome 1	syndrome
GARD:0002071	blepharocheilodontic syndrome	Elschnig syndrome	syndrome
GARD:0002076	EEC syndrome	Rudiger syndrome 1	syndrome
GARD:0002092	ehrlichiosis	human ehrlichiosis	human
GARD:0002096	acrocephalopolydactyly	Elejalde syndrome	syndrome
GARD:0002096	acrocephalopolydactyly	acrocephalopolydactylous dysplasia	dysplasia
GARD:0002108	encephalocraniocutaneous lipomatosis	Fishman syndrome	fishman
GARD:0002108	encephalocraniocutaneous lipomatosis	Fishman syndrome	syndrome
GARD:0002108	encephalocraniocutaneous lipomatosis	Haberland syndrome	syndrome
GARD:0002125	glycogen storage disease due to muscle beta-enolase deficiency	enolase 3 deficiency	deficiency
GARD:0002125	glycogen storage disease due to muscle beta-enolase deficiency	glycogenosis type 13	type
GARD:0002155	pretibial dystrophic epidermolysis bullosa	Deb, pretibial	deb
GARD:0002155	pretibial dystrophic epidermolysis bullosa	Deb, pretibial	pretibial
GARD:0002168	epilepsy-telangiectasia syndrome	epilepsy telangiectasia	epilepsy
GARD:0002168	epilepsy-telangiectasia syndrome	epilepsy telangiectasia	telangiectasia
GARD:0002169	myoclonic-astatic epilepsy	Doose syndrome	syndrome
GARD:0002197	esthesioneuroblastoma	olfactory neuroblastoma	olfactory
GARD:0002197	esthesioneuroblastoma	olfactory neuroblastoma	neuroblastoma
GARD:0002198	ethylmalonic encephalopathy	encephalopathy, ethylmalonic	encephalopathy
GARD:0002204	exostoses, multiple, type 1	multiple osteochondromas	multiple
GARD:0002221	facial dysmorphism-anorexia-cachexia-eye and skin anomalies syndrome	faces syndrome	syndrome
GARD:0002237	congenital factor v deficiency	factor 5 deficiency	factor
GARD:0002237	congenital factor v deficiency	factor 5 deficiency	deficiency
GARD:0002237	congenital factor v deficiency	Owren disease	disease
GARD:0002237	congenital factor v deficiency	hereditary hypoproaccelerinaemia	hereditary
GARD:0002237	congenital factor v deficiency	deficiency, labile	deficiency
GARD:0002237	congenital factor v deficiency	deficiency, labile	labile
GARD:0002237	congenital factor v deficiency	Proaccelerin deficiency	deficiency
GARD:0002238	congenital factor vii deficiency	factor 7 deficiency	factor
GARD:0002238	congenital factor vii deficiency	factor 7 deficiency	deficiency
GARD:0002245	tetralogy of fallot	Fallot tetralogy	tetralogy
GARD:0002249	familial thoracic aortic aneurysm and aortic dissection	annuloaortic ectasia	ectasia
GARD:0002249	familial thoracic aortic aneurysm and aortic dissection	Erdheim disease	disease
GARD:0002250	band heterotopia of brain	band heterotopia	band
GARD:0002250	band heterotopia of brain	band heterotopia	heterotopia
GARD:0002252	non-acquired combined pituitary hormone deficiency	congenital hypopituitarism	congenital
GARD:0002252	non-acquired combined pituitary hormone deficiency	congenital hypopituitarism	hypopituitarism
GARD:0002256	polydactyly of an index finger	polydactyly, preaxial 3	polydactyly
GARD:0002256	polydactyly of an index finger	polydactyly, preaxial 3	preaxial
GARD:0002258	familial porencephaly	hereditary porencephaly	hereditary
GARD:0002258	familial porencephaly	hereditary porencephaly	porencephaly
GARD:0002286	femur-fibula-ulna complex	Ffu syndrome	syndrome
GARD:0002317	fg syndrome 1	Keller syndrome	syndrome
GARD:0002327	fibrosarcoma	fibrocytic tumor	tumor
GARD:0002327	fibrosarcoma	fibrosarcoma (disease)	fibrosarcoma
GARD:0002327	fibrosarcoma	fibrosarcoma (disease)	disease
GARD:0002327	fibrosarcoma	fibrosarcoma, malignant	fibrosarcoma
GARD:0002327	fibrosarcoma	fibrosarcoma, malignant	malignant
GARD:0002336	absence of fingerprints-congenital milia syndrome	Basan syndrome	syndrome
GARD:0002336	absence of fingerprints-congenital milia syndrome	Baird syndrome	syndrome
GARD:0002339	Finnish type amyloidosis	amyloidosis V	amyloidosis
GARD:0002339	Finnish type amyloidosis	amyloidosis V	v
GARD:0002339	Finnish type amyloidosis	AGel amyloidosis	amyloidosis
GARD:0002339	Finnish type amyloidosis	meretoja syndrome	syndrome
GARD:0002339	Finnish type amyloidosis	amyloidosis 5	amyloidosis
GARD:0002339	Finnish type amyloidosis	gelsolin amyloidosis	amyloidosis
GARD:0002355	ichthyosis, follicular	follicular ichthyosis	follicular
GARD:0002355	ichthyosis, follicular	follicular ichthyosis	ichthyosis
GARD:0002356	follicular lymphoma	lymphoma, follicular	lymphoma
GARD:0002356	follicular lymphoma	lymphoma, follicular	follicular
GARD:0002361	formaldehyde poisoning	formaldehyde exposure	formaldehyde
GARD:0002361	formaldehyde poisoning	formaldehyde exposure	exposure
GARD:0002361	formaldehyde poisoning	formaldehyde toxicity	formaldehyde
GARD:0002361	formaldehyde poisoning	formaldehyde toxicity	toxicity
GARD:0002361	formaldehyde poisoning	Formalin toxicity	formalin
GARD:0002361	formaldehyde poisoning	Formalin toxicity	toxicity
GARD:0002361	formaldehyde poisoning	Formalin intoxication	formalin
GARD:0002361	formaldehyde poisoning	Formalin intoxication	intoxication
GARD:0002362	cardiospondylocarpofacial syndrome	Forney syndrome	syndrome
GARD:0002390	frontofacionasal dysplasia	Gollop syndrome	syndrome
GARD:0002392	frontonasal dysplasia	frontonasal dysplasia 1	frontonasal
GARD:0002392	frontonasal dysplasia	frontonasal dysplasia 1	dysplasia
GARD:0002397	diaphragmatic defect-limb deficiency-skull defect syndrome	froster syndrome	froster
GARD:0002397	diaphragmatic defect-limb deficiency-skull defect syndrome	froster syndrome	syndrome
GARD:0002408	upper limb mesomelic dysplasia	ulnar hypoplasia	ulnar
GARD:0002408	upper limb mesomelic dysplasia	ulnar hypoplasia	hypoplasia
GARD:0002408	upper limb mesomelic dysplasia	ulna hypoplasia	ulna
GARD:0002408	upper limb mesomelic dysplasia	ulna hypoplasia	hypoplasia
GARD:0002418	furuncular myiasis	furunculoid myiasis	furunculoid
GARD:0002418	furuncular myiasis	furunculoid myiasis	myiasis
GARD:0002418	furuncular myiasis	furunculous myiasis	furunculous
GARD:0002418	furuncular myiasis	furunculous myiasis	myiasis
GARD:0002419	fused mandibular incisors	Double tooth	double
GARD:0002419	fused mandibular incisors	Double tooth	tooth
GARD:0002419	fused mandibular incisors	'Double Tooth'	double
GARD:0002419	fused mandibular incisors	'Double Tooth'	tooth
GARD:0002422	galactokinase deficiency	galactosemia type 2	type
GARD:0002422	galactokinase deficiency	galk deficiency	deficiency
GARD:0002424	galactosemia	galactose intolerance	galactose
GARD:0002424	galactosemia	galactose intolerance	intolerance
GARD:0002428	cystathioninuria	cystathionase deficiency	deficiency
GARD:0002428	cystathioninuria	cystathioninuria (disease)	disease
GARD:0002429	autosomal recessive limb-girdle muscular dystrophy type 2c	Maghrebian myopathy	myopathy
GARD:0002430	ganglioglioma	childhood ganglioglioma	childhood
GARD:0002430	ganglioglioma	adult ganglioglioma	adult
GARD:0002436	gastric mucosal hypertrophy	hypertrophic gastritis	hypertrophic
GARD:0002436	gastric mucosal hypertrophy	hypertrophic gastritis	gastritis
GARD:0002436	gastric mucosal hypertrophy	hypertrophic gastropathy	hypertrophic
GARD:0002436	gastric mucosal hypertrophy	hypertrophic gastropathy	gastropathy
GARD:0002436	gastric mucosal hypertrophy	menetrier disease	disease
GARD:0002437	digestive system neuroendocrine neoplasm	carcinoid tumor	carcinoid
GARD:0002437	digestive system neuroendocrine neoplasm	carcinoid tumor	tumor
GARD:0002437	digestive system neuroendocrine neoplasm	carcinoid tumour	carcinoid
GARD:0002441	Gaucher disease type I	Gba deficiency	deficiency
GARD:0002449	geleophysic dysplasia	geleophysic dwarfism	dwarfism
GARD:0002454	holoprosencephaly-craniosynostosis syndrome	Genoa syndrome	genoa
GARD:0002454	holoprosencephaly-craniosynostosis syndrome	Genoa syndrome	syndrome
GARD:0002469	large congenital melanocytic nevus	congenital nevus	congenital
GARD:0002469	large congenital melanocytic nevus	congenital nevus	nevus
GARD:0002469	large congenital melanocytic nevus	nevus spilus	nevus
GARD:0002469	large congenital melanocytic nevus	nevus spilus	spilus
GARD:0002469	large congenital melanocytic nevus	spitz nevus	spitz
GARD:0002469	large congenital melanocytic nevus	spitz nevus	nevus
GARD:0002474	fibromatosis, gingival, 2	gingival fibromatosis, 2	gingival
GARD:0002474	fibromatosis, gingival, 2	gingival fibromatosis, 2	fibromatosis
GARD:0002475	fibromatosis, gingival, 4	gingival fibromatosis, 4	gingival
GARD:0002475	fibromatosis, gingival, 4	gingival fibromatosis, 4	fibromatosis
GARD:0002486	hereditary glaucoma	glaucoma, hereditary	glaucoma
GARD:0002486	hereditary glaucoma	glaucoma, hereditary	hereditary
GARD:0002491	glioblastoma	spongioblastoma multiforme	spongioblastoma
GARD:0002491	glioblastoma	glioblastoma (disease)	disease
GARD:0002496	glucagonoma	glucagonoma syndrome	syndrome
GARD:0002496	glucagonoma	pancreatic glucagonoma	pancreatic
GARD:0002498	familial glucocorticoid deficiency	glucocorticoid deficiency	deficiency
GARD:0002499	glucocorticoid resistance	Grl deficiency	deficiency
GARD:0002499	glucocorticoid resistance	Gcr deficiency	deficiency
GARD:0002499	glucocorticoid resistance	Gccr deficiency	deficiency
GARD:0002520	glycogen storage disease due to glycogen branching enzyme deficiency	Andersen disease	disease
GARD:0002520	glycogen storage disease due to glycogen branching enzyme deficiency	brancher deficiency	brancher
GARD:0002520	glycogen storage disease due to glycogen branching enzyme deficiency	brancher deficiency	deficiency
GARD:0002520	glycogen storage disease due to glycogen branching enzyme deficiency	glycogenosis type 4	type
GARD:0002546	gonococcal conjunctivitis	conjunctivitis gonococcal	conjunctivitis
GARD:0002546	gonococcal conjunctivitis	conjunctivitis gonococcal	gonococcal
GARD:0002549	Goodman syndrome	acrocephalopolysyndactyly type 4	type
GARD:0002549	Goodman syndrome	Goodman camptodactyly	goodman
GARD:0002551	anti-glomerular basement membrane disease	goodpasture syndrome	syndrome
GARD:0002555	nonsyndromic congenital nail disorder 3	porcelain nails	porcelain
GARD:0002599	muscular dystrophy-dystroglycanopathy, type A	cerebroocular dysgenesis	dysgenesis
GARD:0002599	muscular dystrophy-dystroglycanopathy, type A	Chemke syndrome	syndrome
GARD:0002599	muscular dystrophy-dystroglycanopathy, type A	Pagon syndrome	syndrome
GARD:0002599	muscular dystrophy-dystroglycanopathy, type A	hard syndrome	hard
GARD:0002599	muscular dystrophy-dystroglycanopathy, type A	hard syndrome	syndrome
GARD:0002599	muscular dystrophy-dystroglycanopathy, type A	Warburg syndrome	syndrome
GARD:0002600	early-onset cerebellar ataxia with retained tendon reflexes	Harding ataxia	ataxia
GARD:0002605	short stature-craniofacial anomalies-genital hypoplasia syndrome	Haspeslagh syndrome	syndrome
GARD:0002619	heart neoplasm	Cardiac tumor	cardiac
GARD:0002619	heart neoplasm	Cardiac tumor	tumor
GARD:0002619	heart neoplasm	Cardiac tumour	cardiac
GARD:0002619	heart neoplasm	heart tumor	heart
GARD:0002619	heart neoplasm	heart tumor	tumor
GARD:0002619	heart neoplasm	heart tumour	heart
GARD:0002619	heart neoplasm	Cardiac neoplasm	cardiac
GARD:0002619	heart neoplasm	Cardiac neoplasm	neoplasm
GARD:0002619	heart neoplasm	Cardiac neoplasms	cardiac
GARD:0002621	trismus-pseudocamptodactyly syndrome	Hecht syndrome	syndrome
GARD:0002627	hemangiopericytoma, malignant	malignant hemangiopericytoma	malignant
GARD:0002630	isolated hemihyperplasia	hemihypertrophy	hemihypertrophy
GARD:0002630	isolated hemihyperplasia	isolated hemihypertrophy	isolated
GARD:0002630	isolated hemihyperplasia	isolated hemihypertrophy	hemihypertrophy
GARD:0002630	isolated hemihyperplasia	hemi 3 syndrome	syndrome
GARD:0002630	isolated hemihyperplasia	Hemicorporal hypertrophy	hypertrophy
GARD:0002630	isolated hemihyperplasia	hemihyperplasia, isolated	isolated
GARD:0002630	isolated hemihyperplasia	hemihypertrophy, isolated	hemihypertrophy
GARD:0002630	isolated hemihyperplasia	hemihypertrophy, isolated	isolated
GARD:0002637	hemimegalencephaly	unilateral megalencephaly	unilateral
GARD:0002651	liver mesenchymal hamartoma	biliary hamartoma	biliary
GARD:0002657	hepatoblastoma	hepatoblastoma, malignant	malignant
GARD:0002657	hepatoblastoma	pediatric hepatoblastoma	pediatric
GARD:0002658	tyrosinemia type i	fah deficiency	deficiency
GARD:0002658	tyrosinemia type i	fumarylacetoacetase deficiency	deficiency
GARD:0002658	tyrosinemia type i	tyrosinemia, type 1	type
GARD:0002658	tyrosinemia type i	hepatorenal tyrosinemia	hepatorenal
GARD:0002658	tyrosinemia type i	tyrosinemia type 1	type
GARD:0002659	hereditary methemoglobinemia	congenital methemoglobinemia	congenital
GARD:0002659	hereditary methemoglobinemia	congenital methemoglobinemia	methemoglobinemia
GARD:0002684	congenital high-molecular-weight kininogen deficiency	Flaujeac trait	trait
GARD:0002684	congenital high-molecular-weight kininogen deficiency	kininogen deficiency	deficiency
GARD:0002684	congenital high-molecular-weight kininogen deficiency	Fitzgerald trait	trait
GARD:0002684	congenital high-molecular-weight kininogen deficiency	Williams trait	trait
GARD:0002714	Hodgkins lymphoma	Hodgkin disease	hodgkin
GARD:0002714	Hodgkins lymphoma	Hodgkin disease	disease
GARD:0002714	Hodgkins lymphoma	Hodgkin lymphoma	hodgkin
GARD:0002714	Hodgkins lymphoma	Hodgkin lymphoma	lymphoma
GARD:0002720	holoacardius amorphus	fetus anideus	fetus
GARD:0002720	holoacardius amorphus	amorphous globosus	amorphous
GARD:0002720	holoacardius amorphus	amorphus globosus	amorphus
GARD:0002727	holoprosencephaly-radial heart renal anomalies syndrome	steinfeld syndrome	syndrome
GARD:0002728	Holzgreve-Wagner-Rehder syndrome	Holzgreve syndrome	syndrome
GARD:0002730	homocarnosinosis	Homocarnosinase deficiency	deficiency
GARD:0002764	cystic echinococcosis	echinococcus granulosus	echinococcus
GARD:0002764	cystic echinococcosis	hydatid disease	hydatid
GARD:0002764	cystic echinococcosis	hydatid disease	disease
GARD:0002764	cystic echinococcosis	unilocular echinococcosis	unilocular
GARD:0002783	hydrops fetalis	fetal hydrops	fetal
GARD:0002783	hydrops fetalis	fetal hydrops	hydrops
GARD:0002783	hydrops fetalis	fetal anasarca	fetal
GARD:0002783	hydrops fetalis	fetal anasarca	anasarca
GARD:0002783	hydrops fetalis	foetal hydrops	hydrops
GARD:0002783	hydrops fetalis	fetal edema	fetal
GARD:0002783	hydrops fetalis	fetal edema	edema
GARD:0002783	hydrops fetalis	foetal anasarca	anasarca
GARD:0002787	hymenolepiasis	Hymenolepsis infection	infection
GARD:0002793	dubin-johnson syndrome	hyperbilirubinemia type 2	type
GARD:0002793	dubin-johnson syndrome	conjugated hyperbilirubinemia	conjugated
GARD:0002804	hypereosinophilic syndrome	eosinophilia	eosinophilia
GARD:0002804	hypereosinophilic syndrome	eosinophilic leukocytosis	eosinophilic
GARD:0002804	hypereosinophilic syndrome	hypereosinophilic disease	disease
GARD:0002804	hypereosinophilic syndrome	hypereosinophilic disorder	disorder
GARD:0002824	hyperkeratosis lenticularis perstans	Flegel disease	disease
GARD:0002826	epidermolytic palmoplantar keratoderma, 1	tylosis	tylosis
GARD:0002828	hyperlysinemia	hyperlysinemia (disease)	disease
GARD:0002828	hyperlysinemia	hyperlysinemia, type 1	type
GARD:0002828	hyperlysinemia	lysine intolerance	lysine
GARD:0002828	hyperlysinemia	lysine intolerance	intolerance
GARD:0002830	ornithine translocase deficiency	hhh syndrome	syndrome
GARD:0002831	juvenile paget disease	familial hyperphosphatasia	familial
GARD:0002831	juvenile paget disease	osteoectasia, familial	familial
GARD:0002831	juvenile paget disease	familial osteoectasia	familial
GARD:0002831	juvenile paget disease	hereditary hyperphosphatasia	hereditary
GARD:0002833	hyperostosis corticalis generalisata	endosteal hyperostosis	endosteal
GARD:0002833	hyperostosis corticalis generalisata	endosteal hyperostosis	hyperostosis
GARD:0002835	primary hyperoxaluria type 1	glycolic aciduria	glycolic
GARD:0002836	primary hyperoxaluria type 2	glyceric aciduria	glyceric
GARD:0002838	neonatal severe primary hyperparathyroidism	hyperparathyroidism, neonatal	neonatal
GARD:0002843	pterin-4 alpha-carbinolamine dehydratase 1 deficiency	dehydratase deficiency	deficiency
GARD:0002847	hyperprolinemia	hyperprolinemia type 1	type
GARD:0002858	familial hyperthyroidism due to mutations in tsh receptor	Nonautoimmune hyperthyroidism	hyperthyroidism
GARD:0002865	hypertrichosis lanuginosa congenita	hypertrichosis universalis	hypertrichosis
GARD:0002871	familial hypertryptophanemia	hypertryptophanemia, familial	familial
GARD:0002876	familial hypobetalipoproteinemia 1	hypobetalipoproteinemia, familial, 1	familial
GARD:0002876	familial hypobetalipoproteinemia 1	hypobetalipoproteinemia, familial	familial
GARD:0002877	autosomal dominant hypocalcemia	hypocalcemia	hypocalcemia
GARD:0002887	familial hypofibrinogenemia	hypofibrinogenemia, familial	familial
GARD:0002906	renal hypomagnesemia 3	hypomagnesemia 3, renal	renal
GARD:0002910	familial hypoparathyroidism	hypoparathyroidism, familial	familial
GARD:0002911	hypoparathyroidism-deafness-renal disease syndrome	barakat syndrome	syndrome
GARD:0002926	congenital prothrombin deficiency	factor 2 deficiency	factor
GARD:0002926	congenital prothrombin deficiency	factor 2 deficiency	deficiency
GARD:0002926	congenital prothrombin deficiency	prothrombin deficiency	prothrombin
GARD:0002926	congenital prothrombin deficiency	prothrombin deficiency	deficiency
GARD:0002930	schilbach-rott syndrome	blepharofacioskeletal syndrome	syndrome
GARD:0002934	congenital hypothalamic hamartoma syndrome	hypothalamic hamartoma	hypothalamic
GARD:0002934	congenital hypothalamic hamartoma syndrome	hypothalamic hamartomas	hypothalamic
GARD:0002946	ichthyosiform erythroderma, corneal involvement, and hearing loss	Desmons syndrome	syndrome
GARD:0002966	superficial epidermolytic ichthyosis	ichthyosis exfoliativa	ichthyosis
GARD:0002978	anterior segment dysgenesis 3	iridogoniodysgenesis, type 1	type
GARD:0002978	anterior segment dysgenesis 3	glaucoma iridogoniodysgenesia	glaucoma
GARD:0002978	anterior segment dysgenesis 3	iridogoniodysgenesis type 1	type
GARD:0002989	imperforate oropharynx-costo vetebral anomalies syndrome	Seghers syndrome	syndrome
GARD:0002992	Ito hypomelanosis	hi syndrome	hi
GARD:0002992	Ito hypomelanosis	hi syndrome	syndrome
GARD:0002998	infantile myofibromatosis	multicentric myofibromatosis	multicentric
GARD:0002998	infantile myofibromatosis	infantile hemangiopericytoma	infantile
GARD:0003005	infundibulopelvic stenosis-multicystic kidney syndrome	infundibulopelvic dysgenesis	dysgenesis
GARD:0003026	anterior segment dysgenesis 4	iridogoniodysgenesis type 2	type
GARD:0003026	anterior segment dysgenesis 4	iridogoniodysgenesis, type 2	type
GARD:0003026	anterior segment dysgenesis 4	iridogoniodysgenesis syndrome	syndrome
GARD:0003030	coxopodopatellar syndrome	ischiocoxopodopatellar syndrome	syndrome
GARD:0003030	coxopodopatellar syndrome	ischiopatellar dysplasia	dysplasia
GARD:0003054	joint laxity, familial	eds xi	xi
GARD:0003056	gingival fibromatosis-progressive deafness syndrome	Jones syndrome	jones
GARD:0003056	gingival fibromatosis-progressive deafness syndrome	Jones syndrome	syndrome
GARD:0003060	juberg-hayward syndrome	orocraniodigital syndrome	syndrome
GARD:0003065	juvenile polyposis syndrome	juvenile polyposis	juvenile
GARD:0003065	juvenile polyposis syndrome	juvenile polyposis	polyposis
GARD:0003070	hypogonadotropic hypogonadism 2 with or without anosmia	Kallmann syndrome 2	syndrome
GARD:0003071	hypogonadotropic hypogonadism 1 with or without anosmia	Kallmann syndrome 1	syndrome
GARD:0003071	hypogonadotropic hypogonadism 1 with or without anosmia	anosmic hypogonadism	anosmic
GARD:0003073	hypogonadotropic hypogonadism 3 with or without anosmia	Kallmann syndrome 3	syndrome
GARD:0003089	autosomal dominant keratitis	hereditary keratitis	hereditary
GARD:0003089	autosomal dominant keratitis	hereditary keratitis	keratitis
GARD:0003089	autosomal dominant keratitis	keratitis, hereditary	keratitis
GARD:0003089	autosomal dominant keratitis	keratitis, hereditary	hereditary
GARD:0003092	keratoderma hereditarium mutilans	Vohwinkel syndrome	syndrome
GARD:0003096	transgrediens et progrediens palmoplantar keratoderma	Greither disease	disease
GARD:0003105	tyrosinemia type ii	tyrosinemia type 2	type
GARD:0003105	tyrosinemia type ii	tyrosinemia, type 2	type
GARD:0003105	tyrosinemia type ii	Tat deficiency	tat
GARD:0003105	tyrosinemia type ii	Tat deficiency	deficiency
GARD:0003109	Kerion celsi	Trichophyton infection	trichophyton
GARD:0003109	Kerion celsi	Trichophyton infection	infection
GARD:0003113	KID syndrome	Senter syndrome	syndrome
GARD:0003115	isolated cloverleaf skull syndrome	Kleeblattschaedel syndrome	syndrome
GARD:0003115	isolated cloverleaf skull syndrome	cloverleaf skull	cloverleaf
GARD:0003115	isolated cloverleaf skull syndrome	cloverleaf skull	skull
GARD:0003122	angioosteohypertrophic syndrome	haemangiectatic hypertrophy	hypertrophy
GARD:0003122	angioosteohypertrophic syndrome	Ktw syndrome	syndrome
GARD:0003122	angioosteohypertrophic syndrome	angioosteohypertrophy syndrome	syndrome
GARD:0003123	klumpke's paralysis	Klumpke Palsy	palsy
GARD:0003123	klumpke's paralysis	klumpke paralysis	paralysis
GARD:0003123	klumpke's paralysis	Paralysis, Klumpke	paralysis
GARD:0003123	klumpke's paralysis	Klumpkes Palsy	palsy
GARD:0003126	familial partial lipodystrophy, dunnigan type	Dunnigan syndrome	syndrome
GARD:0003128	amelocerebrohypohidrotic syndrome	Kohlschutter syndrome	syndrome
GARD:0003129	hereditary hyperekplexia	hyperexplexia hereditary	hereditary
GARD:0003129	hereditary hyperekplexia	startle disease	startle
GARD:0003129	hereditary hyperekplexia	startle disease	disease
GARD:0003129	hereditary hyperekplexia	hereditary hyperexplexia	hereditary
GARD:0003129	hereditary hyperekplexia	Kok disease	disease
GARD:0003150	arthrogryposis-like syndrome	Kuskokwim disease	disease
GARD:0003150	arthrogryposis-like syndrome	Kuskokwim syndrome	syndrome
GARD:0003160	glycogen storage disease due to lactate dehydrogenase m-subunit deficiency	glycogenosis type 11	type
GARD:0003170	autosomal recessive congenital ichthyosis 1	ichthyosis congenita 2	ichthyosis
GARD:0003170	autosomal recessive congenital ichthyosis 1	ichthyosis, lamellar, 1	ichthyosis
GARD:0003170	autosomal recessive congenital ichthyosis 1	ichthyosis, lamellar, 1	lamellar
GARD:0003170	autosomal recessive congenital ichthyosis 1	collodion fetus	collodion
GARD:0003170	autosomal recessive congenital ichthyosis 1	collodion fetus	fetus
GARD:0003170	autosomal recessive congenital ichthyosis 1	ichthyosis lamellar 1	ichthyosis
GARD:0003170	autosomal recessive congenital ichthyosis 1	ichthyosis lamellar 1	lamellar
GARD:0003170	autosomal recessive congenital ichthyosis 1	collodion foetus	collodion
GARD:0003170	autosomal recessive congenital ichthyosis 1	ichthyosis congenita	ichthyosis
GARD:0003188	laryngotracheoesophageal cleft	Larnygeotracheoesophageal cleft	cleft
GARD:0003188	laryngotracheoesophageal cleft	laryngeal cleft	laryngeal
GARD:0003188	laryngotracheoesophageal cleft	laryngeal cleft	cleft
GARD:0003188	laryngotracheoesophageal cleft	tracheal cleft	tracheal
GARD:0003188	laryngotracheoesophageal cleft	tracheal cleft	cleft
GARD:0003194	larynx atresia	laryngeal atresia	laryngeal
GARD:0003194	larynx atresia	laryngeal atresia	atresia
GARD:0003203	early-onset parkinsonism-intellectual disability syndrome	waisman syndrome	syndrome
GARD:0003212	branchiooculofacial syndrome	Bof syndrome	syndrome
GARD:0003224	leri-weill dyschondrosteosis	Madelung deformity	deformity
GARD:0003227	lethal congenital contracture syndrome 1	Herva disease	disease
GARD:0003242	autosomal dominant popliteal pterygium syndrome	faciogenitopopliteal syndrome	syndrome
GARD:0003247	lichen planopilaris	Kossard disease	disease
GARD:0003247	lichen planopilaris	lichen follicularis	lichen
GARD:0003263	pyruvate dehydrogenase e3 deficiency	dld deficiency	deficiency
GARD:0003277	cobblestone lissencephaly	lissencephaly type 2	type
GARD:0003295	oculocerebrorenal syndrome	Lowe syndrome	syndrome
GARD:0003295	oculocerebrorenal syndrome	oculocerebrorenal dystrophy	dystrophy
GARD:0003295	oculocerebrorenal syndrome	Lowe disease	disease
GARD:0003307	X-linked intellectual disability with marfanoid habitus	Lujan syndrome	syndrome
GARD:0003319	lung lymphangioleiomyomatosis	pulmonary lymphangioleiomyomatosis	pulmonary
GARD:0003319	lung lymphangioleiomyomatosis	lung lymphangiomyomatosis	lung
GARD:0003319	lung lymphangioleiomyomatosis	pulmonary lymphangiomyomatosis	pulmonary
GARD:0003321	filarial elephantiasis	Bancroftian filariasis	filariasis
GARD:0003321	filarial elephantiasis	Bancroftian elephantiasis	elephantiasis
GARD:0003321	filarial elephantiasis	elephantiasis	elephantiasis
GARD:0003321	filarial elephantiasis	eyelid elephantiasis	eyelid
GARD:0003321	filarial elephantiasis	eyelid elephantiasis	elephantiasis
GARD:0003324	lymphatic malformation 5	lymphedema praecox	lymphedema
GARD:0003324	lymphatic malformation 5	lymphedema praecox	praecox
GARD:0003324	lymphatic malformation 5	Meige disease	disease
GARD:0003324	lymphatic malformation 5	Meige lymphedema	lymphedema
GARD:0003324	lymphatic malformation 5	lymphedema preacox	lymphedema
GARD:0003328	lymphatic malformation 1	hereditary lymphedema 1	hereditary
GARD:0003328	lymphatic malformation 1	hereditary lymphedema 1	lymphedema
GARD:0003328	lymphatic malformation 1	Milroy disease	disease
GARD:0003329	lymphoblastic lymphoma	lymphoma, lymphoblastic	lymphoma
GARD:0003329	lymphoblastic lymphoma	lymphoma, lymphoblastic	lymphoblastic
GARD:0003335	lysinuric protein intolerance	dibasic aminoaciduria 2	dibasic
GARD:0003335	lysinuric protein intolerance	dibasic aminoaciduria 2	aminoaciduria
GARD:0003335	lysinuric protein intolerance	hyperdibasic aminoaciduria	aminoaciduria
GARD:0003342	macroglossia	enlarged tongue	enlarged
GARD:0003342	macroglossia	enlarged tongue	tongue
GARD:0003342	macroglossia	giant tongue	giant
GARD:0003342	macroglossia	giant tongue	tongue
GARD:0003348	blepharophimosis - intellectual disability syndrome, Ohdo type	Ohdo syndrome	syndrome
GARD:0003350	renal hypomagnesemia 2	hypomagnesemia 2, renal	renal
GARD:0003371	malonic aciduria	malonic acidemia	malonic
GARD:0003371	malonic aciduria	malonic acidemia	acidemia
GARD:0003373	dilated cardiomyopathy-hypergonadotropic hypogonadism syndrome	Malouf syndrome	syndrome
GARD:0003373	dilated cardiomyopathy-hypergonadotropic hypogonadism syndrome	Najjar syndrome	syndrome
GARD:0003373	dilated cardiomyopathy-hypergonadotropic hypogonadism syndrome	cardiogenital syndrome	syndrome
GARD:0003374	mandibuloacral dysplasia with type a lipodystrophy	mandibuloacral dysplasia	dysplasia
GARD:0003378	lung agenesis-heart defect-thumb anomalies syndrome	Manouvrier syndrome	syndrome
GARD:0003395	oculotrichoanal syndrome	Marles syndrome	syndrome
GARD:0003396	osteocraniostenosis	Osteocraniosplenic syndrome	syndrome
GARD:0003406	Martsolf syndrome 1	martsolf syndrome	syndrome
GARD:0003413	maternal phenylketonuria	maternal hyperphenylalaninemia	maternal
GARD:0003427	mckusick-kaufman syndrome	hydrometrocolpos syndrome	syndrome
GARD:0003448	megalocornea-intellectual disability syndrome	Neuhauser syndrome	syndrome
GARD:0003449	delayed speech-facial asymmetry-strabismus-ear lobe creases syndrome	Mehes syndrome	syndrome
GARD:0003475	myelomeningocele	meningomyelocele	meningomyelocele
GARD:0003485	intellectual disability, buenos-aires type	Mutchinick syndrome	syndrome
GARD:0003519	metaphyseal acroscyphodysplasia	Bellini syndrome	syndrome
GARD:0003520	skeletal dysplasia-intellectual disability syndrome	Christian syndrome	christian
GARD:0003520	skeletal dysplasia-intellectual disability syndrome	Christian syndrome	syndrome
GARD:0003521	intellectual disability-hypotonic facies syndrome, x-linked, 1	Chudley syndrome 1	syndrome
GARD:0003523	intellectual disability-spasticity-ectrodactyly syndrome	Jancar syndrome	syndrome
GARD:0003537	atkin-flaitz syndrome	Atkin syndrome	syndrome
GARD:0003553	Langer mesomelic dysplasia	dyschondrosteosis, homozygous	homozygous
GARD:0003553	Langer mesomelic dysplasia	Langer syndrome	syndrome
GARD:0003554	mesomelic dwarfism, nievergelt type	Nievergelt syndrome	syndrome
GARD:0003571	metatropic dysplasia	Metatropic dwarfism	dwarfism
GARD:0003575	fetal methylmercury syndrome	Minamata disease	disease
GARD:0003582	methylmalonic aciduria and homocystinuria type cblD	cblD defect	defect
GARD:0003584	methylmalonic aciduria and homocystinuria type cblF	cblF defect	defect
GARD:0003603	isolated congenital microcephaly	primary microcephaly	primary
GARD:0003603	isolated congenital microcephaly	primary microcephaly	microcephaly
GARD:0003603	isolated congenital microcephaly	true microcephaly	true
GARD:0003603	isolated congenital microcephaly	true microcephaly	microcephaly
GARD:0003603	isolated congenital microcephaly	microcephaly, primary	microcephaly
GARD:0003603	isolated congenital microcephaly	microcephaly, primary	primary
GARD:0003622	microcephaly with or without chorioretinopathy, lymphedema, or intellectual disability	Mlcrd syndrome	syndrome
GARD:0003622	microcephaly with or without chorioretinopathy, lymphedema, or intellectual disability	Cdmmr syndrome	syndrome
GARD:0003630	isolated microcephaly	Nonsyndromal microcephaly	microcephaly
GARD:0003630	isolated microcephaly	nonsyndromic microcephaly	microcephaly
GARD:0003635	congenital microcoria	miosis, congenital	congenital
GARD:0003635	congenital microcoria	congenital miosis	congenital
GARD:0003635	congenital microcoria	microcoria, congenital	microcoria
GARD:0003635	congenital microcoria	microcoria, congenital	congenital
GARD:0003635	congenital microcoria	pinhole pupils	pinhole
GARD:0003644	microphthalmia, isolated, with coloboma	colobomatous microphthalmia	microphthalmia
GARD:0003645	microphthalmia with brain and digit anomalies	microphthalmia syndromic 6	microphthalmia
GARD:0003645	microphthalmia with brain and digit anomalies	microphthalmia syndromic 6	syndromic
GARD:0003645	microphthalmia with brain and digit anomalies	microphthalmia, syndromic 6	microphthalmia
GARD:0003645	microphthalmia with brain and digit anomalies	microphthalmia, syndromic 6	syndromic
GARD:0003652	microscopic polyangiitis	microscopic polyarteritis	microscopic
GARD:0003652	microscopic polyangiitis	microscopic polyarteritis	polyarteritis
GARD:0003655	microsporidiosis	Microsporidia infection	microsporidia
GARD:0003655	microsporidiosis	Microsporidia infection	infection
GARD:0003659	linear skin defects with multiple congenital anomalies	Micropthalmia syndromic 7	syndromic
GARD:0003668	Miller Fisher syndrome	syndrome, Fisher	syndrome
GARD:0003668	Miller Fisher syndrome	syndrome, Fisher	fisher
GARD:0003668	Miller Fisher syndrome	Fisher syndrome	fisher
GARD:0003668	Miller Fisher syndrome	Fisher syndrome	syndrome
GARD:0003685	mitral atresia disorder	mitral atresia	mitral
GARD:0003685	mitral atresia disorder	mitral atresia	atresia
GARD:0003688	MVP1	barlow syndrome	barlow
GARD:0003688	MVP1	barlow syndrome	syndrome
GARD:0003692	syndromic microphthalmia type 5	microphthalmia syndromic 5	microphthalmia
GARD:0003692	syndromic microphthalmia type 5	microphthalmia syndromic 5	syndromic
GARD:0003692	syndromic microphthalmia type 5	microphthalmia, syndromic 5	microphthalmia
GARD:0003692	syndromic microphthalmia type 5	microphthalmia, syndromic 5	syndromic
GARD:0003693	MMEP syndrome	microphthalmia syndromic 8	microphthalmia
GARD:0003693	MMEP syndrome	microphthalmia syndromic 8	syndromic
GARD:0003693	MMEP syndrome	microphthalmia, syndromic 8	microphthalmia
GARD:0003693	MMEP syndrome	microphthalmia, syndromic 8	syndromic
GARD:0003701	orofaciodigital syndrome type II	mohr syndrome	mohr
GARD:0003701	orofaciodigital syndrome type II	mohr syndrome	syndrome
GARD:0003701	orofaciodigital syndrome type II	orofaciodigital syndrome 2	syndrome
GARD:0003704	choroidal atrophy-alopecia syndrome	Moloney syndrome	syndrome
GARD:0003726	chromosome 18 mosaic monosomy	Mosaic monosomy 18	mosaic
GARD:0003726	chromosome 18 mosaic monosomy	monosomy 18 mosaicism	mosaicism
GARD:0003773	chromosome 9p deletion syndrome	Alfi syndrome	syndrome
GARD:0003787	VIPoma	pancreatic cholera	pancreatic
GARD:0003787	VIPoma	pancreatic cholera	cholera
GARD:0003787	VIPoma	pancreatic vipoma	pancreatic
GARD:0003787	VIPoma	VIPoma, malignant	malignant
GARD:0003793	Mounier-Kuhn syndrome	congenital tracheobronchomegaly	congenital
GARD:0003793	Mounier-Kuhn syndrome	idiopathic tracheobronchomegaly	idiopathic
GARD:0003807	mucopolysaccharidosis type 3	Sanfilippo disease	disease
GARD:0003807	mucopolysaccharidosis type 3	Sanfilippo syndrome	syndrome
GARD:0003829	multiple endocrine neoplasia type 1	men 1	men
GARD:0003829	multiple endocrine neoplasia type 1	men type 1	men
GARD:0003829	multiple endocrine neoplasia type 1	men type 1	type
GARD:0003829	multiple endocrine neoplasia type 1	Wermer syndrome	syndrome
GARD:0003844	autosomal recessive limb-girdle muscular dystrophy type 2h	sarcotubular myopathy	myopathy
GARD:0003862	mycetoma	Madura foot	foot
GARD:0003863	mycosis fungoides	granuloma fungoides	granuloma
GARD:0003865	ataxia-pancytopenia syndrome	myelocerebellar disorder	myelocerebellar
GARD:0003865	ataxia-pancytopenia syndrome	myelocerebellar disorder	disorder
GARD:0003879	myoglobinuria, recurrent	myoglobinuria recurrent	recurrent
GARD:0003892	X-linked myopathy with excessive autophagy	vacuolar myopathy	vacuolar
GARD:0003892	X-linked myopathy with excessive autophagy	vacuolar myopathy	myopathy
GARD:0003896	inclusion body myositis	inflammatory myopathy	inflammatory
GARD:0003896	inclusion body myositis	inflammatory myopathy	myopathy
GARD:0003904	Nijmegen breakage syndrome	Seemanova syndrome	syndrome
GARD:0003904	Nijmegen breakage syndrome	Seemanova syndrome 2	syndrome
GARD:0003912	naegeli-franceschetti-jadassohn syndrome	naegeli syndrome	syndrome
GARD:0003912	naegeli-franceschetti-jadassohn syndrome	nfj syndrome	syndrome
GARD:0003921	isolated growth hormone deficiency type iii	Fleisher syndrome	syndrome
GARD:0003947	congenital isolated hyperinsulinism	hyperinsulinism congenital	congenital
GARD:0003947	congenital isolated hyperinsulinism	congenital hyperinsulinism	congenital
GARD:0003953	galactosialidosis	Goldberg syndrome	syndrome
GARD:0003955	amyotrophic neuralgia	neuralgic amyotrophy	neuralgic
GARD:0003955	amyotrophic neuralgia	neuralgic amyotrophy	amyotrophy
GARD:0003956	chorea-acanthocytosis	Chac	chac
GARD:0003956	chorea-acanthocytosis	chorea acanthocytosis	chorea
GARD:0003964	neurofaciodigitorenal syndrome	Nfdr syndrome	syndrome
GARD:0003967	cafe au lait spots, multiple	neurofibromatosis type 6	neurofibromatosis
GARD:0003967	cafe au lait spots, multiple	neurofibromatosis type 6	type
GARD:0003972	mitochondrial dna depletion syndrome 6 (hepatocerebral type)	Navajo neurohepatopathy	navajo
GARD:0003972	mitochondrial dna depletion syndrome 6 (hepatocerebral type)	Navajo neuropathy	navajo
GARD:0003972	mitochondrial dna depletion syndrome 6 (hepatocerebral type)	Navajo neuropathy	neuropathy
GARD:0003976	hereditary sensory and autonomic neuropathy type 2	neurogenic acroosteolysis	neurogenic
GARD:0003986	familial multiple nevi flammei	Nevus flammeus	nevus
GARD:0003986	familial multiple nevi flammei	capillary malformations	capillary
GARD:0004001	noma	cancrum oris	cancrum
GARD:0004001	noma	gangrenous stomatitis	gangrenous
GARD:0004001	noma	gangrenous stomatitis	stomatitis
GARD:0004001	noma	noma neonatorum	noma
GARD:0004001	noma	oral gangrene	oral
GARD:0004001	noma	oral gangrene	gangrene
GARD:0004003	maternally-inherited diabetes and deafness	mitochondrial diabetes	mitochondrial
GARD:0004003	maternally-inherited diabetes and deafness	mitochondrial diabetes	diabetes
GARD:0004010	neuronal ceroid lipofuscinosis 8 northern epilepsy variant	Northern epilepsy	northern
GARD:0004010	neuronal ceroid lipofuscinosis 8 northern epilepsy variant	Northern epilepsy	epilepsy
GARD:0004014	port-wine nevi-mega cisterna magna-hydrocephalus syndrome	nova syndrome	nova
GARD:0004014	port-wine nevi-mega cisterna magna-hydrocephalus syndrome	nova syndrome	syndrome
GARD:0004015	cleft larynx, posterior	Novak syndrome	syndrome
GARD:0004015	cleft larynx, posterior	stridor, congenital	stridor
GARD:0004015	cleft larynx, posterior	stridor, congenital	congenital
GARD:0004031	oculoauriculofrontonasal syndrome	oculoauriculofrontonasal dysplasia	dysplasia
GARD:0004038	oculocutaneous albinism type 2	albinism 2	albinism
GARD:0004039	oculocutaneous albinism type 3	albinism 3	albinism
GARD:0004049	3mc syndrome 1	oculopalatoskeletal syndrome	syndrome
GARD:0004049	3mc syndrome 1	Michels syndrome	syndrome
GARD:0004054	odonto-onycho-dermal dysplasia	ectodermal dysplasia	ectodermal
GARD:0004054	odonto-onycho-dermal dysplasia	ectodermal dysplasia	dysplasia
GARD:0004054	odonto-onycho-dermal dysplasia	odontoonychodermal dysplasia	dysplasia
GARD:0004060	orofaciodigital syndrome viii	orofaciodigital syndrome 8	syndrome
GARD:0004061	orofaciodigital syndrome x	orofaciodigital syndrome 10	syndrome
GARD:0004061	orofaciodigital syndrome x	Figuera syndrome	syndrome
GARD:0004062	mitochondrial dna depletion syndrome 7 (hepatocerebral type)	ohaha syndrome	syndrome
GARD:0004062	mitochondrial dna depletion syndrome 7 (hepatocerebral type)	spinocerebellar ataxia 8	spinocerebellar
GARD:0004062	mitochondrial dna depletion syndrome 7 (hepatocerebral type)	spinocerebellar ataxia 8	ataxia
GARD:0004064	au-kline syndrome	Okamoto syndrome	syndrome
GARD:0004071	spinocerebellar ataxia type 1	olivopontocerebellar atrophy 1	atrophy
GARD:0004071	spinocerebellar ataxia type 1	olivopontocerebellar atrophy 4	atrophy
GARD:0004071	spinocerebellar ataxia type 1	spinocerebellar ataxia 1	spinocerebellar
GARD:0004071	spinocerebellar ataxia type 1	spinocerebellar ataxia 1	ataxia
GARD:0004071	spinocerebellar ataxia type 1	spinocerebellar atrophy 1	spinocerebellar
GARD:0004071	spinocerebellar ataxia type 1	spinocerebellar atrophy 1	atrophy
GARD:0004071	spinocerebellar ataxia type 1	cerebelloparenchymal disorder 1	disorder
GARD:0004072	spinocerebellar ataxia type 2	olivopontocerebellar atrophy 2	atrophy
GARD:0004072	spinocerebellar ataxia type 2	spinocerebellar atrophy 2	spinocerebellar
GARD:0004072	spinocerebellar ataxia type 2	spinocerebellar atrophy 2	atrophy
GARD:0004072	spinocerebellar ataxia type 2	spinocerebellar ataxia 2	spinocerebellar
GARD:0004072	spinocerebellar ataxia type 2	spinocerebellar ataxia 2	ataxia
GARD:0004076	autosomal recessive omodysplasia	omodysplasia type 1	type
GARD:0004079	lethal omphalocele-cleft palate syndrome	Czeizel syndrome	syndrome
GARD:0004085	poikiloderma with neutropenia	Prurigo Nodularis	prurigo
GARD:0004106	renal coloboma syndrome	papillorenal syndrome	syndrome
GARD:0004116	oromandibular-limb hypogenesis syndrome	Oroacral syndrome	syndrome
GARD:0004118	orofaciodigital syndrome xi	orofaciodigital syndrome 11	syndrome
GARD:0004118	orofaciodigital syndrome xi	Gabrielli syndrome	syndrome
GARD:0004120	orofaciodigital syndrome v	orofaciodigital syndrome 5	syndrome
GARD:0004120	orofaciodigital syndrome v	Thurston syndrome	syndrome
GARD:0004121	orofaciodigital syndrome i	orofaciodigital syndrome 1	syndrome
GARD:0004130	otospondylomegaepiphyseal dysplasia	otospondylmegaepiphyseal dysplasia	dysplasia
GARD:0004142	osteoglophonic dwarfism	Osteoglosphonic dysplasia	dysplasia
GARD:0004155	osteopetrosis	marble bone	marble
GARD:0004155	osteopetrosis	marble bone	bone
GARD:0004155	osteopetrosis	marble bones	marble
GARD:0004155	osteopetrosis	osteosclerosis fragilis	osteosclerosis
GARD:0004155	osteopetrosis	osteopetrosis (disease)	osteopetrosis
GARD:0004155	osteopetrosis	osteopetrosis (disease)	disease
GARD:0004156	autosomal recessive osteopetrosis 6	intermediate osteopetrosis	intermediate
GARD:0004156	autosomal recessive osteopetrosis 6	intermediate osteopetrosis	osteopetrosis
GARD:0004168	otodental syndrome	otodental dysplasia	dysplasia
GARD:0004168	otodental syndrome	oculootodental syndrome	syndrome
GARD:0004183	overhydrated hereditary stomatocytosis	stomatocytosis I	i
GARD:0004189	pacman dysplasia	Pacman syndrome	syndrome
GARD:0004203	pancreatic agenesis	pancreatic agenesis 1	pancreatic
GARD:0004203	pancreatic agenesis	pancreatic agenesis 1	agenesis
GARD:0004204	adenoma of pancreas	pancreatic adenoma	pancreatic
GARD:0004204	adenoma of pancreas	pancreatic adenoma	adenoma
GARD:0004218	paraomphalocele	Paraomphalocele, epigastric	epigastric
GARD:0004218	paraomphalocele	Paraomphalocele, hypogastric	hypogastric
GARD:0004219	hereditary spastic paraplegia 17	Silver syndrome	silver
GARD:0004219	hereditary spastic paraplegia 17	Silver syndrome	syndrome
GARD:0004219	hereditary spastic paraplegia 17	spastic paraplegia 17	spastic
GARD:0004219	hereditary spastic paraplegia 17	spastic paraplegia 17	paraplegia
GARD:0004222	parastremmatic dwarfism	Parastremmatic dysplasia	dysplasia
GARD:0004236	fetal parvovirus syndrome	fifth disease	fifth
GARD:0004236	fetal parvovirus syndrome	fifth disease	disease
GARD:0004238	blepharonasofacial malformation syndrome	Pashayan syndrome	syndrome
GARD:0004259	pseudoleprechaunism syndrome, patterson type	Patterson syndrome	syndrome
GARD:0004264	peho syndrome	peho	peho
GARD:0004272	penile agenesis	penis agenesis	penis
GARD:0004272	penile agenesis	penis agenesis	agenesis
GARD:0004272	penile agenesis	micropenis	micropenis
GARD:0004272	penile agenesis	penis agenesia	penis
GARD:0004272	penile agenesis	penis agenesia	agenesia
GARD:0004273	penoscrotal transposition	Prepenile scrotum	scrotum
GARD:0004302	mesomelia-synostoses syndrome	Del(8)q(13)	del
GARD:0004302	mesomelia-synostoses syndrome	Del(8)q(13)	q
GARD:0004319	dihydropteridine reductase deficiency	phenylketonuria type 2	type
GARD:0004319	dihydropteridine reductase deficiency	Qdpr deficiency	deficiency
GARD:0004323	phocomelia-ectrodactyly-deafness-sinus arrhythmia syndrome	facioauriculoradial dysplasia	dysplasia
GARD:0004329	PGM1-congenital disorder of glycosylation	phosphoglucomutase 1 deficiency	deficiency
GARD:0004329	PGM1-congenital disorder of glycosylation	type 14 glycogenosis	type
GARD:0004331	immunodeficiency 23	immunodeficiency type 23	type
GARD:0004331	immunodeficiency 23	phosphoglucomutase 3 deficiency	deficiency
GARD:0004344	piebaldism	piebald trait	piebald
GARD:0004344	piebaldism	piebald trait	trait
GARD:0004344	piebaldism	partial albinism	partial
GARD:0004344	piebaldism	partial albinism	albinism
GARD:0004346	autosomal dominant cerebellar ataxia	spinocerebellar ataxia	spinocerebellar
GARD:0004346	autosomal dominant cerebellar ataxia	spinocerebellar ataxia	ataxia
GARD:0004347	isolated Pierre-Robin syndrome	Robin sequence	robin
GARD:0004347	isolated Pierre-Robin syndrome	Robin sequence	sequence
GARD:0004347	isolated Pierre-Robin syndrome	sequence, Robin	sequence
GARD:0004347	isolated Pierre-Robin syndrome	sequence, Robin	robin
GARD:0004357	late-onset retinal degeneration	pigmentary retinopathy	pigmentary
GARD:0004358	T-cell immunodeficiency, congenital alopecia, and nail dystrophy	alopecia immunodeficiency	alopecia
GARD:0004359	ringed hair disease	pili annulati	pili
GARD:0004359	ringed hair disease	ringed hair	ringed
GARD:0004359	ringed hair disease	ringed hair	hair
GARD:0004361	pili torti	twisted hair	twisted
GARD:0004361	pili torti	twisted hair	hair
GARD:0004365	ophthalmomandibulomelic dysplasia	Pillay syndrome	syndrome
GARD:0004380	hypoplasminogenemia	ligneous conjunctivitis	ligneous
GARD:0004380	hypoplasminogenemia	ligneous conjunctivitis	conjunctivitis
GARD:0004386	pneumocystosis	pneumocystosis pneumonia	pneumonia
GARD:0004386	pneumocystosis	pneumocystis pneumonia	pneumonia
GARD:0004386	pneumocystosis	pulmonary pneumocystosis	pulmonary
GARD:0004392	Rothmund-Thomson syndrome	congenital poikiloderma	congenital
GARD:0004412	orofaciodigital syndrome type 6	Varadi syndrome	syndrome
GARD:0004412	orofaciodigital syndrome type 6	orofaciodigital syndrome 6	syndrome
GARD:0004414	polydactyly, postaxial, type a1	polydactyly, postaxial	polydactyly
GARD:0004414	polydactyly, postaxial, type a1	polydactyly, postaxial	postaxial
GARD:0004417	polydactyly of a biphalangeal thumb	Fromont anomaly	anomaly
GARD:0004417	polydactyly of a biphalangeal thumb	polydactyly preaxial 1	polydactyly
GARD:0004417	polydactyly of a biphalangeal thumb	polydactyly preaxial 1	preaxial
GARD:0004417	polydactyly of a biphalangeal thumb	thenar hypoplasia	thenar
GARD:0004417	polydactyly of a biphalangeal thumb	thenar hypoplasia	hypoplasia
GARD:0004417	polydactyly of a biphalangeal thumb	preaxial polydactyly 1	preaxial
GARD:0004417	polydactyly of a biphalangeal thumb	preaxial polydactyly 1	polydactyly
GARD:0004417	polydactyly of a biphalangeal thumb	thumb polydactyly	thumb
GARD:0004417	polydactyly of a biphalangeal thumb	thumb polydactyly	polydactyly
GARD:0004417	polydactyly of a biphalangeal thumb	polydactyly, preaxial 1	polydactyly
GARD:0004417	polydactyly of a biphalangeal thumb	polydactyly, preaxial 1	preaxial
GARD:0004424	polyneuropathy-intellectual disability-acromicria-premature menopause syndrome	Lundberg syndrome	syndrome
GARD:0004428	polysyndactyly-cardiac malformation syndrome	Bonneau syndrome	syndrome
GARD:0004434	syndactyly type 4	syndactyly, type 4	syndactyly
GARD:0004434	syndactyly type 4	syndactyly, type 4	type
GARD:0004446	cutaneous porphyria	erythropoietic porphyria	erythropoietic
GARD:0004446	cutaneous porphyria	erythropoietic porphyria	porphyria
GARD:0004446	cutaneous porphyria	Uros deficiency	deficiency
GARD:0004446	cutaneous porphyria	congenital porphyria	congenital
GARD:0004446	cutaneous porphyria	congenital porphyria	porphyria
GARD:0004446	cutaneous porphyria	Gunther disease	gunther
GARD:0004446	cutaneous porphyria	Gunther disease	disease
GARD:0004454	postpoliomyelitis syndrome	postpolio sequelae	sequelae
GARD:0004454	postpoliomyelitis syndrome	postpoliomyelitis sequelae	sequelae
GARD:0004454	postpoliomyelitis syndrome	postpolio syndrome	syndrome
GARD:0004454	postpoliomyelitis syndrome	postpoliomyelitic syndrome	syndrome
GARD:0004457	choroiditis	posterior uveitis	posterior
GARD:0004457	choroiditis	posterior uveitis	uveitis
GARD:0004459	potassium-aggravated myotonia	Myotonia Permanens	myotonia
GARD:0004459	potassium-aggravated myotonia	Myotonia Fluctuans	myotonia
GARD:0004475	familial male-limited precocious puberty	pubertas praecox	praecox
GARD:0004475	familial male-limited precocious puberty	testotoxicosis, familial	familial
GARD:0004477	inherited prekallikrein deficiency	prekallikrein deficiency	deficiency
GARD:0004483	Griscelli syndrome type 2	paid syndrome	syndrome
GARD:0004484	primary ciliary dyskinesia	Kartagener syndrome	syndrome
GARD:0004484	primary ciliary dyskinesia	Siewert syndrome	syndrome
GARD:0004485	juvenile primary lateral sclerosis	Pls, juvenile	juvenile
GARD:0004497	Fontaine progeroid syndrome	Petty syndrome	petty
GARD:0004497	Fontaine progeroid syndrome	Petty syndrome	syndrome
GARD:0004500	acromelanosis	progressive acromelanosis	progressive
GARD:0004504	X-linked mixed hearing loss with perilymphatic gusher	gusher syndrome	gusher
GARD:0004504	X-linked mixed hearing loss with perilymphatic gusher	gusher syndrome	syndrome
GARD:0004504	X-linked mixed hearing loss with perilymphatic gusher	perceptive deafness	perceptive
GARD:0004504	X-linked mixed hearing loss with perilymphatic gusher	perceptive deafness	deafness
GARD:0004504	X-linked mixed hearing loss with perilymphatic gusher	sensorineural deafness	deafness
GARD:0004504	X-linked mixed hearing loss with perilymphatic gusher	Nance deafness	nance
GARD:0004504	X-linked mixed hearing loss with perilymphatic gusher	Nance deafness	deafness
GARD:0004508	prolactin-producing pituitary gland adenoma	prolactinoma, familial	familial
GARD:0004508	prolactin-producing pituitary gland adenoma	pituitary prolactinoma	pituitary
GARD:0004508	prolactin-producing pituitary gland adenoma	familial prolactinoma	familial
GARD:0004508	prolactin-producing pituitary gland adenoma	lactotrope adenoma	adenoma
GARD:0004508	prolactin-producing pituitary gland adenoma	lactotroph adenoma	adenoma
GARD:0004509	proliferating trichilemmal cyst	Pilar tumor	pilar
GARD:0004509	proliferating trichilemmal cyst	Pilar tumor	tumor
GARD:0004509	proliferating trichilemmal cyst	Pilar tumour	pilar
GARD:0004509	proliferating trichilemmal cyst	Pilar cyst	pilar
GARD:0004509	proliferating trichilemmal cyst	Pilar cyst	cyst
GARD:0004522	transcobalamin i deficiency	transcobalamin 1 deficiency	deficiency
GARD:0004522	transcobalamin i deficiency	Haptocorrin deficiency	deficiency
GARD:0004528	corpus callosum agenesis-abnormal genitalia syndrome	Proud syndrome	syndrome
GARD:0004539	d-bifunctional protein deficiency	Pbfe deficiency	deficiency
GARD:0004540	pseudoachondroplasia	pseudoachondroplastic dysplasia	dysplasia
GARD:0004542	pseudoachondroplastic dysplasia 2	recessive pseudoachondroplasia	recessive
GARD:0004550	disorder of sex development-intellectual disability syndrome	Verloes syndrome	syndrome
GARD:0004553	pseudohypoaldosteronism type 2	Gordon syndrome	gordon
GARD:0004553	pseudohypoaldosteronism type 2	Gordon syndrome	syndrome
GARD:0004553	pseudohypoaldosteronism type 2	pseudohypoaldosteronism, type 2	type
GARD:0004553	pseudohypoaldosteronism type 2	hypertensive hyperkalemia	hypertensive
GARD:0004559	acrootoocular syndrome	Aoo syndrome	syndrome
GARD:0004570	antecubital pterygium syndrome	pterygium antecubital	pterygium
GARD:0004570	antecubital pterygium syndrome	pterygium antecubital	antecubital
GARD:0004570	antecubital pterygium syndrome	antecubital pterygium	antecubital
GARD:0004570	antecubital pterygium syndrome	antecubital pterygium	pterygium
GARD:0004570	antecubital pterygium syndrome	pterygium, antecubital	pterygium
GARD:0004570	antecubital pterygium syndrome	pterygium, antecubital	antecubital
GARD:0004593	congenital pulmonary sequestration	bronchopulmonary sequestration	bronchopulmonary
GARD:0004593	congenital pulmonary sequestration	bronchopulmonary sequestration	sequestration
GARD:0004593	congenital pulmonary sequestration	pulmonary sequestration	pulmonary
GARD:0004593	congenital pulmonary sequestration	pulmonary sequestration	sequestration
GARD:0004599	congenital pulmonary venous return anomaly	scimitar anomaly	scimitar
GARD:0004599	congenital pulmonary venous return anomaly	scimitar anomaly	anomaly
GARD:0004599	congenital pulmonary venous return anomaly	scimitar syndrome	scimitar
GARD:0004599	congenital pulmonary venous return anomaly	scimitar syndrome	syndrome
GARD:0004606	purine nucleoside phosphorylase deficiency	PNPase deficiency	deficiency
GARD:0004607	acquired thrombotic thrombocytopenic purpura	Moschowitz syndrome	syndrome
GARD:0004610	pyknoachondrogenesis	camera syndrome	camera
GARD:0004610	pyknoachondrogenesis	camera syndrome	syndrome
GARD:0004612	Pyle disease	metaphyseal dysplasia	metaphyseal
GARD:0004612	Pyle disease	metaphyseal dysplasia	dysplasia
GARD:0004614	pyomyositis	myositis tropicans	myositis
GARD:0004614	pyomyositis	suppurative myositis	suppurative
GARD:0004614	pyomyositis	suppurative myositis	myositis
GARD:0004614	pyomyositis	tropical pyomyositis	tropical
GARD:0004616	pyridoxine deficiency anemia	pyridoxine deficiency	pyridoxine
GARD:0004616	pyridoxine deficiency anemia	pyridoxine deficiency	deficiency
GARD:0004616	pyridoxine deficiency anemia	pyridoxine Deficincy	pyridoxine
GARD:0004616	pyridoxine deficiency anemia	deficiency, pyridoxine	deficiency
GARD:0004616	pyridoxine deficiency anemia	deficiency, pyridoxine	pyridoxine
GARD:0004619	pyropoikilocytosis, hereditary	pyropoikilocytosis hereditary	hereditary
GARD:0004619	pyropoikilocytosis, hereditary	hereditary pyropoikilocytosis	hereditary
GARD:0004628	microphthalmia, syndromic 2	oculofaciocardiodental syndrome	syndrome
GARD:0004628	microphthalmia, syndromic 2	microphthalmia syndromic 2	microphthalmia
GARD:0004628	microphthalmia, syndromic 2	microphthalmia syndromic 2	syndromic
GARD:0004638	external auditory canal atresia-vertical talus-hypertelorism syndrome	Rasmussen syndrome	syndrome
GARD:0004644	ataxia - deafness - intellectual disability syndrome	Adr syndrome	syndrome
GARD:0004665	NPHP3-related Meckel-like syndrome	Goldston syndrome	syndrome
GARD:0004665	NPHP3-related Meckel-like syndrome	Meckel syndrome 7	syndrome
GARD:0004684	retinitis pigmentosa-deafness syndrome	retinitis pigmentosa 21	retinitis
GARD:0004684	retinitis pigmentosa-deafness syndrome	retinitis pigmentosa 8	retinitis
GARD:0004685	retinohepatoendocrinologic syndrome	rhe syndrome	rhe
GARD:0004685	retinohepatoendocrinologic syndrome	rhe syndrome	syndrome
GARD:0004690	X-linked retinoschisis	juvenile retinoschisis	juvenile
GARD:0004701	alveolar rhabdomyosarcoma	arms	arms
GARD:0004701	alveolar rhabdomyosarcoma	rhabdomyosarcoma type 2	rhabdomyosarcoma
GARD:0004701	alveolar rhabdomyosarcoma	rhabdomyosarcoma type 2	type
GARD:0004701	alveolar rhabdomyosarcoma	rhabdomyosarcoma, alveolar	rhabdomyosarcoma
GARD:0004701	alveolar rhabdomyosarcoma	rhabdomyosarcoma, alveolar	alveolar
GARD:0004701	alveolar rhabdomyosarcoma	rhabdomyosarcoma 2	rhabdomyosarcoma
GARD:0004701	alveolar rhabdomyosarcoma	rhabdomyosarcoma alveolar	rhabdomyosarcoma
GARD:0004701	alveolar rhabdomyosarcoma	rhabdomyosarcoma alveolar	alveolar
GARD:0004702	embryonal rhabdomyosarcoma	rhabdomyosarcoma, embryonal, 1	rhabdomyosarcoma
GARD:0004702	embryonal rhabdomyosarcoma	rhabdomyosarcoma, embryonal, 1	embryonal
GARD:0004702	embryonal rhabdomyosarcoma	rhabdomyosarcoma embryonal	rhabdomyosarcoma
GARD:0004702	embryonal rhabdomyosarcoma	rhabdomyosarcoma embryonal	embryonal
GARD:0004702	embryonal rhabdomyosarcoma	rhabdomyosarcoma, somatic	rhabdomyosarcoma
GARD:0004702	embryonal rhabdomyosarcoma	rhabdomyosarcoma, somatic	somatic
GARD:0004702	embryonal rhabdomyosarcoma	rhabdomyosarcoma 1	rhabdomyosarcoma
GARD:0004704	polymyalgia rheumatica	rhizomelic pseudopolyarthritis	rhizomelic
GARD:0004705	rhizomelic syndrome, urbach type	rhizomelic syndrome	rhizomelic
GARD:0004705	rhizomelic syndrome, urbach type	rhizomelic syndrome	syndrome
GARD:0004724	ring chromosome 17	Ring 17	ring
GARD:0004724	ring chromosome 17	chromosome 17 ring	chromosome
GARD:0004724	ring chromosome 17	chromosome 17 ring	ring
GARD:0004732	autosomal dominant deafness - onychodystrophy syndrome	ddod syndrome	syndrome
GARD:0004737	Mayer-Rokitansky-Kuster-Hauser syndrome type 1	urogenital adysplasia	urogenital
GARD:0004737	Mayer-Rokitansky-Kuster-Hauser syndrome type 1	Rokitansky sequence	sequence
GARD:0004737	Mayer-Rokitansky-Kuster-Hauser syndrome type 1	Rokitansky syndrome	syndrome
GARD:0004737	Mayer-Rokitansky-Kuster-Hauser syndrome type 1	Mrk anomaly	anomaly
GARD:0004737	Mayer-Rokitansky-Kuster-Hauser syndrome type 1	Mullerian dysgenesis	mullerian
GARD:0004737	Mayer-Rokitansky-Kuster-Hauser syndrome type 1	Mullerian dysgenesis	dysgenesis
GARD:0004742	rubella	german measles	german
GARD:0004742	rubella	german measles	measles
GARD:0004742	rubella	Rubella infection	rubella
GARD:0004742	rubella	Rubella infection	infection
GARD:0004744	congenital rubella syndrome	Rubella, Congenital	rubella
GARD:0004744	congenital rubella syndrome	Rubella, Congenital	congenital
GARD:0004744	congenital rubella syndrome	congenital rubella	congenital
GARD:0004744	congenital rubella syndrome	congenital rubella	rubella
GARD:0004744	congenital rubella syndrome	rubella congenital	rubella
GARD:0004744	congenital rubella syndrome	rubella congenital	congenital
GARD:0004767	schwannoma	neurinoma	neurinoma
GARD:0004767	schwannoma	benign schwannoma	benign
GARD:0004767	schwannoma	peripheral fibroblastoma	peripheral
GARD:0004767	schwannoma	schwannoma, benign	benign
GARD:0004767	schwannoma	benign neurilemmoma	benign
GARD:0004768	schwannomatosis	neurofibromatosis type 3	neurofibromatosis
GARD:0004768	schwannomatosis	neurofibromatosis type 3	type
GARD:0004769	Ullrich congenital muscular dystrophy	Ullrich disease	disease
GARD:0004774	succinyl-coa:3-ketoacid coa transferase deficiency	scot deficiency	scot
GARD:0004774	succinyl-coa:3-ketoacid coa transferase deficiency	scot deficiency	deficiency
GARD:0004775	faciodigitogenital syndrome	Aarskog syndrome	syndrome
GARD:0004775	faciodigitogenital syndrome	faciogenital dysplasia	dysplasia
GARD:0004791	renal hypodysplasia/aplasia 1	renal aplasia	renal
GARD:0004791	renal hypodysplasia/aplasia 1	renal aplasia	aplasia
GARD:0004791	renal hypodysplasia/aplasia 1	renal adysplasia	renal
GARD:0004791	renal hypodysplasia/aplasia 1	renal agenesis	renal
GARD:0004791	renal hypodysplasia/aplasia 1	renal agenesis	agenesis
GARD:0004792	testicular seminoma	testis seminoma	testis
GARD:0004792	testicular seminoma	testis seminoma	seminoma
GARD:0004792	testicular seminoma	seminoma testis	seminoma
GARD:0004792	testicular seminoma	seminoma testis	testis
GARD:0004815	spontaneous periodic hypothermia	Shapiro syndrome	syndrome
GARD:0004818	shigellosis	Shigella gastroenteritis	shigella
GARD:0004818	shigellosis	Shigella gastroenteritis	gastroenteritis
GARD:0004818	shigellosis	Shigella dysentery	shigella
GARD:0004818	shigellosis	Shigella dysentery	dysentery
GARD:0004818	shigellosis	japanese dysentery	japanese
GARD:0004818	shigellosis	japanese dysentery	dysentery
GARD:0004818	shigellosis	bacillary dysentery	bacillary
GARD:0004818	shigellosis	bacillary dysentery	dysentery
GARD:0004822	short chain acyl-coa dehydrogenase deficiency	scad deficiency	scad
GARD:0004822	short chain acyl-coa dehydrogenase deficiency	scad deficiency	deficiency
GARD:0004822	short chain acyl-coa dehydrogenase deficiency	acads deficiency	deficiency
GARD:0004822	short chain acyl-coa dehydrogenase deficiency	Scadh deficiency	deficiency
GARD:0004863	Shwachman-Diamond syndrome	Shwachman syndrome	syndrome
GARD:0004877	solitary median maxillary central incisor syndrome	Fused incisors	fused
GARD:0004877	solitary median maxillary central incisor syndrome	incisors fused	fused
GARD:0004877	solitary median maxillary central incisor syndrome	incisors, Fused	fused
GARD:0004881	multiple endocrine neoplasia type 2a	Sipple syndrome	syndrome
GARD:0004881	multiple endocrine neoplasia type 2a	ptc syndrome	syndrome
GARD:0004883	situs inversus	laterality sequence	laterality
GARD:0004883	situs inversus	laterality sequence	sequence
GARD:0004883	situs inversus	situs ambiguus	situs
GARD:0004900	somatostatinoma	carcinoid somatostatinoma	carcinoid
GARD:0004900	somatostatinoma	ampullary somatostatinoma	ampullary
GARD:0004905	congenital heart defect-round face-developmental delay syndrome	Sonoda syndrome	syndrome
GARD:0004908	inherited torticollis	congenital torticollis	congenital
GARD:0004908	inherited torticollis	congenital torticollis	torticollis
GARD:0004908	inherited torticollis	torticollis, congenital	torticollis
GARD:0004908	inherited torticollis	torticollis, congenital	congenital
GARD:0004908	inherited torticollis	fibromatosis colli	fibromatosis
GARD:0004908	inherited torticollis	torticollis	torticollis
GARD:0004908	inherited torticollis	congenital wryneck	congenital
GARD:0004908	inherited torticollis	congenital wryneck	wryneck
GARD:0004908	inherited torticollis	familial torticollis	familial
GARD:0004908	inherited torticollis	familial torticollis	torticollis
GARD:0004908	inherited torticollis	torticollis, familial	torticollis
GARD:0004908	inherited torticollis	torticollis, familial	familial
GARD:0004919	hereditary spastic paraplegia 11	spastic paraplegia 11	spastic
GARD:0004919	hereditary spastic paraplegia 11	spastic paraplegia 11	paraplegia
GARD:0004922	hereditary spastic paraplegia 18	spastic paraplegia 18	spastic
GARD:0004922	hereditary spastic paraplegia 18	spastic paraplegia 18	paraplegia
GARD:0004923	hereditary spastic paraplegia 2	spastic paraplegia 2	spastic
GARD:0004923	hereditary spastic paraplegia 2	spastic paraplegia 2	paraplegia
GARD:0004924	hereditary spastic paraplegia 39	spastic paraplegia 39	spastic
GARD:0004924	hereditary spastic paraplegia 39	spastic paraplegia 39	paraplegia
GARD:0004925	hereditary spastic paraplegia 4	spastic paraplegia 4	spastic
GARD:0004925	hereditary spastic paraplegia 4	spastic paraplegia 4	paraplegia
GARD:0004927	hereditary spastic paraplegia 7	spastic paraplegia 7	spastic
GARD:0004927	hereditary spastic paraplegia 7	spastic paraplegia 7	paraplegia
GARD:0004928	hereditary spastic paraplegia 6	spastic paraplegia 6	spastic
GARD:0004928	hereditary spastic paraplegia 6	spastic paraplegia 6	paraplegia
GARD:0004938	juvenile neuronal ceroid lipofuscinosis	batten disease	batten
GARD:0004938	juvenile neuronal ceroid lipofuscinosis	batten disease	disease
GARD:0004945	spinal muscular atrophy, type ii	Dubowitz disease	disease
GARD:0004945	spinal muscular atrophy, type ii	Sma 2	sma
GARD:0004950	spinocerebellar ataxia type 30	spinocerebellar ataxia 30	spinocerebellar
GARD:0004950	spinocerebellar ataxia type 30	spinocerebellar ataxia 30	ataxia
GARD:0004952	autosomal recessive cerebellar ataxia-saccadic intrusion syndrome	spinocerebellar ataxia 24	spinocerebellar
GARD:0004952	autosomal recessive cerebellar ataxia-saccadic intrusion syndrome	spinocerebellar ataxia 24	ataxia
GARD:0004953	spinocerebellar ataxia type 5	spinocerebellar ataxia 5	spinocerebellar
GARD:0004953	spinocerebellar ataxia type 5	spinocerebellar ataxia 5	ataxia
GARD:0004956	spinocerebellar ataxia type 8	spinocerebellar ataxia 8	spinocerebellar
GARD:0004956	spinocerebellar ataxia type 8	spinocerebellar ataxia 8	ataxia
GARD:0004963	splenogonadal fusion-limb defects-micrognathia syndrome	sgfld syndrome	syndrome
GARD:0004970	spondyloepimetaphyseal dysplasia, sponastrime type	sponastrime dysplasia	dysplasia
GARD:0004971	spondyloarthropathy	seronegative spondyloarthropathy	seronegative
GARD:0004974	spondylocarpotarsal synostosis syndrome	congenital synspondylism	congenital
GARD:0004974	spondylocarpotarsal synostosis syndrome	spondylocarpotarsal synostosis	synostosis
GARD:0004974	spondylocarpotarsal synostosis syndrome	Synspondylism congenital	congenital
GARD:0004974	spondylocarpotarsal synostosis syndrome	Synspondylism, congenital	congenital
GARD:0004974	spondylocarpotarsal synostosis syndrome	spondylocarpotarsal syndrome	syndrome
GARD:0004984	Schimke immuno-osseous dysplasia	Schimke syndrome	syndrome
GARD:0004997	familial spontaneous pneumothorax	spontaneous pneumothorax	spontaneous
GARD:0004997	familial spontaneous pneumothorax	spontaneous pneumothorax	pneumothorax
GARD:0005003	sebocystomatosis	steatocystoma multiplex	multiplex
GARD:0005003	sebocystomatosis	multiplex steatocystoma	multiplex
GARD:0005012	sternal cleft	cleft sternum	cleft
GARD:0005012	sternal cleft	cleft sternum	sternum
GARD:0005012	sternal cleft	sternum bifidum	sternum
GARD:0005015	steroid dehydrogenase deficiency-dental anomalies syndrome	Lyngstadaas syndrome	syndrome
GARD:0005021	otospondylomegaepiphyseal dysplasia, autosomal dominant	osmed, heterozygous	heterozygous
GARD:0005041	hereditary spastic paraplegia 3A	spastic paraplegia 3	spastic
GARD:0005041	hereditary spastic paraplegia 3A	spastic paraplegia 3	paraplegia
GARD:0005041	hereditary spastic paraplegia 3A	strumpell disease	disease
GARD:0005049	classic lissencephaly	lissencephaly classic	classic
GARD:0005049	classic lissencephaly	lissencephaly type 1	type
GARD:0005061	mucosulfatidosis	juvenile sulfatidosis	juvenile
GARD:0005068	46,XY complete gonadal dysgenesis	Swyer syndrome	syndrome
GARD:0005074	distal symphalangism	symphalangism, distal	distal
GARD:0005077	symphalangism with multiple anomalies of hands and feet	Learman syndrome	syndrome
GARD:0005081	syndactyly type 1	syndactyly, type 1	syndactyly
GARD:0005081	syndactyly type 1	syndactyly, type 1	type
GARD:0005084	cenani-lenz syndactyly syndrome	Cenani syndactylism	syndactylism
GARD:0005084	cenani-lenz syndactyly syndrome	syndactyly type 7	syndactyly
GARD:0005084	cenani-lenz syndactyly syndrome	syndactyly type 7	type
GARD:0005084	cenani-lenz syndactyly syndrome	Cenani syndactyly	syndactyly
GARD:0005084	cenani-lenz syndactyly syndrome	syndactyly, type 7	syndactyly
GARD:0005084	cenani-lenz syndactyly syndrome	syndactyly, type 7	type
GARD:0005087	synpolydactyly	syndactyly type 2	syndactyly
GARD:0005087	synpolydactyly	syndactyly type 2	type
GARD:0005088	syndactyly type 3	syndactyly, type 3	syndactyly
GARD:0005088	syndactyly type 3	syndactyly, type 3	type
GARD:0005089	syndactyly type 5	syndactyly, type 5	syndactyly
GARD:0005089	syndactyly type 5	syndactyly, type 5	type
GARD:0005090	syndactyly-polydactyly-ear lobe syndrome	Spel syndrome	syndrome
GARD:0005092	syngnathia multiple anomalies	dobrow syndrome	syndrome
GARD:0005100	syringocystadenoma papilliferum	papillary Syringadenoma	papillary
GARD:0005100	syringocystadenoma papilliferum	papillary syringocystadenoma	papillary
GARD:0005104	systemic primary carnitine deficiency disease	Carnitine deficiency	deficiency
GARD:0005106	necrotizing vasculitis	systemic vasculitis	systemic
GARD:0005106	necrotizing vasculitis	systemic vasculitis	vasculitis
GARD:0005116	thrombocytopenia-absent radius syndrome	tar syndrome	tar
GARD:0005116	thrombocytopenia-absent radius syndrome	tar syndrome	syndrome
GARD:0005120	microcephalic osteodysplastic primordial dwarfism types i and iii	cephaloskeletal dysplasia	dysplasia
GARD:0005121	otopalatodigital syndrome type 1	Taybi syndrome	syndrome
GARD:0005144	tetanus	clostridial tetanus	clostridial
GARD:0005144	tetanus	clostridial tetanus	tetanus
GARD:0005144	tetanus	lockjaw	lockjaw
GARD:0005148	tetra-amelia	total amelia	total
GARD:0005148	tetra-amelia	total amelia	amelia
GARD:0005151	tetraploidy syndrome	tetraploidy	tetraploidy
GARD:0005153	duplication/inversion 15q11	idic(15)	idic
GARD:0005153	duplication/inversion 15q11	Inv dup(15)	dup
GARD:0005153	duplication/inversion 15q11	Isodicentric 15 chromosome	chromosome
GARD:0005153	duplication/inversion 15q11	inverted duplication 15	inverted
GARD:0005153	duplication/inversion 15q11	inverted duplication 15	duplication
GARD:0005176	thrombocytopenia 1	thrombocytopenia type 1	thrombocytopenia
GARD:0005176	thrombocytopenia 1	thrombocytopenia type 1	type
GARD:0005184	thoracolaryngopelvic dysplasia	Barnes syndrome	syndrome
GARD:0005186	diffuse nonepidermolytic palmoplantar keratoderma	tylosis	tylosis
GARD:0005191	thrombocytopenia 2	thrombocytopenia type 2	thrombocytopenia
GARD:0005191	thrombocytopenia 2	thrombocytopenia type 2	type
GARD:0005194	autoimmune thrombocytopenic purpura	immune thrombocytopenia	immune
GARD:0005194	autoimmune thrombocytopenic purpura	immune thrombocytopenia	thrombocytopenia
GARD:0005194	autoimmune thrombocytopenic purpura	idiopathic purpura	idiopathic
GARD:0005194	autoimmune thrombocytopenic purpura	idiopathic purpura	purpura
GARD:0005194	autoimmune thrombocytopenic purpura	idiopathic thrombocytopenia	idiopathic
GARD:0005194	autoimmune thrombocytopenic purpura	idiopathic thrombocytopenia	thrombocytopenia
GARD:0005201	thymic epithelial neoplasm	thymoma, adult	thymoma
GARD:0005201	thymic epithelial neoplasm	thymoma, adult	adult
GARD:0005216	tick-borne encephalitis	taiga encephalitis	taiga
GARD:0005216	tick-borne encephalitis	taiga encephalitis	encephalitis
GARD:0005221	hereditary neuropathy with liability to pressure palsies	tomaculous neuropathy	neuropathy
GARD:0005230	torticollis-keloids-cryptorchidism-renal dysplasia syndrome	Tkcr syndrome	syndrome
GARD:0005230	torticollis-keloids-cryptorchidism-renal dysplasia syndrome	Goeminne syndrome	syndrome
GARD:0005233	tracheal agenesis	tracheal absence	tracheal
GARD:0005233	tracheal agenesis	tracheal absence	absence
GARD:0005235	tracheobronchopathia osteochondroplastica	tracheopathia osteoplastica	tracheopathia
GARD:0005250	trichinellosis	Human trichinellosis	human
GARD:0005250	trichinellosis	trichinosis	trichinosis
GARD:0005250	trichinellosis	trichiniasis	trichiniasis
GARD:0005258	trichohepatoenteric syndrome	syndromic diarrhoea	syndromic
GARD:0005258	trichohepatoenteric syndrome	phenotypic diarrhea	phenotypic
GARD:0005258	trichohepatoenteric syndrome	phenotypic diarrhea	diarrhea
GARD:0005258	trichohepatoenteric syndrome	phenotypic diarrhoea	phenotypic
GARD:0005258	trichohepatoenteric syndrome	Syndromatic diarrhea	diarrhea
GARD:0005258	trichohepatoenteric syndrome	syndromic diarrhea	syndromic
GARD:0005258	trichohepatoenteric syndrome	syndromic diarrhea	diarrhea
GARD:0005261	trichodysplasia-xeroderma syndrome	trichodysplasia xeroderma	xeroderma
GARD:0005270	trichothiodystrophy 1, photosensitive	Tay syndrome	tay
GARD:0005270	trichothiodystrophy 1, photosensitive	Tay syndrome	syndrome
GARD:0005270	trichothiodystrophy 1, photosensitive	trichothiodystrophy, photosensitive	photosensitive
GARD:0005271	trichothiodystrophy 4, nonphotosensitive	Pollitt syndrome	syndrome
GARD:0005289	polydactyly of a triphalangeal thumb	polydactyly, preaxial 2	polydactyly
GARD:0005289	polydactyly of a triphalangeal thumb	polydactyly, preaxial 2	preaxial
GARD:0005289	polydactyly of a triphalangeal thumb	triphalangeal thumb	thumb
GARD:0005295	triploidy	triploid syndrome	triploid
GARD:0005295	triploidy	triploid syndrome	syndrome
GARD:0005295	triploidy	triploidy syndrome	triploidy
GARD:0005295	triploidy	triploidy syndrome	syndrome
GARD:0005304	mosaic trisomy 12	trisomy 12 mosaicism	trisomy
GARD:0005304	mosaic trisomy 12	trisomy 12 mosaicism	mosaicism
GARD:0005313	mosaic trisomy 15	trisomy 15 mosaicism	trisomy
GARD:0005313	mosaic trisomy 15	trisomy 15 mosaicism	mosaicism
GARD:0005317	mosaic trisomy 17	chromosome 17, trisomy	chromosome
GARD:0005317	mosaic trisomy 17	chromosome 17, trisomy	trisomy
GARD:0005317	mosaic trisomy 17	trisomy 17 mosaicism	trisomy
GARD:0005317	mosaic trisomy 17	trisomy 17 mosaicism	mosaicism
GARD:0005317	mosaic trisomy 17	chromosome 17 trisomy	chromosome
GARD:0005317	mosaic trisomy 17	chromosome 17 trisomy	trisomy
GARD:0005317	mosaic trisomy 17	chromosome 17 duplication	chromosome
GARD:0005317	mosaic trisomy 17	chromosome 17 duplication	duplication
GARD:0005317	mosaic trisomy 17	trisomy 17	trisomy
GARD:0005331	mosaic trisomy 2	trisomy 2 mosaicism	trisomy
GARD:0005331	mosaic trisomy 2	trisomy 2 mosaicism	mosaicism
GARD:0005332	chromosome 20 trisomy	trisomy 20 mosaicism	trisomy
GARD:0005332	chromosome 20 trisomy	trisomy 20 mosaicism	mosaicism
GARD:0005332	chromosome 20 trisomy	trisomy chromosome 20	trisomy
GARD:0005332	chromosome 20 trisomy	trisomy chromosome 20	chromosome
GARD:0005332	chromosome 20 trisomy	mosaic trisomy 20	mosaic
GARD:0005332	chromosome 20 trisomy	mosaic trisomy 20	trisomy
GARD:0005332	chromosome 20 trisomy	trisomy 20	trisomy
GARD:0005335	trisomy 22	chromosome 22 trisomy	chromosome
GARD:0005335	trisomy 22	chromosome 22 trisomy	trisomy
GARD:0005342	mosaic trisomy 3	trisomy 3 mosaicism	trisomy
GARD:0005342	mosaic trisomy 3	trisomy 3 mosaicism	mosaicism
GARD:0005354	mosaic trisomy 7	trisomy 7 mosaicism	trisomy
GARD:0005354	mosaic trisomy 7	trisomy 7 mosaicism	mosaicism
GARD:0005359	mosaic trisomy 8	trisomy 8 mosaicism	trisomy
GARD:0005359	mosaic trisomy 8	trisomy 8 mosaicism	mosaicism
GARD:0005359	mosaic trisomy 8	Warkany syndrome	syndrome
GARD:0005369	partial duplication of the long arm of chromosome X	Xq trisomy	trisomy
GARD:0005369	partial duplication of the long arm of chromosome X	trisomy Xq	trisomy
GARD:0005369	partial duplication of the long arm of chromosome X	Xq duplication	duplication
GARD:0005369	partial duplication of the long arm of chromosome X	Duplication Xq	duplication
GARD:0005372	Troyer syndrome	spastic paraplegia 20	spastic
GARD:0005372	Troyer syndrome	spastic paraplegia 20	paraplegia
GARD:0005392	galactose epimerase deficiency	galactosemia type 3	type
GARD:0005392	galactose epimerase deficiency	gale deficiency	gale
GARD:0005392	galactose epimerase deficiency	gale deficiency	deficiency
GARD:0005421	Upington disease	familial dyschondroplasia	familial
GARD:0005429	orotic aciduria	Umps deficiency	deficiency
GARD:0005430	mullerian derivatives-lymphangiectasia-polydactyly syndrome	Urioste syndrome	syndrome
GARD:0005443	vacterl/vater association	vacterl association	association
GARD:0005445	Mayer-Rokitansky-Kuster-Hauser syndrome	Rokitansky syndrome	syndrome
GARD:0005470	congenital velopharyngeal incompetence	palatopharyngeal incompetence	palatopharyngeal
GARD:0005470	congenital velopharyngeal incompetence	palatopharyngeal incompetence	incompetence
GARD:0005470	congenital velopharyngeal incompetence	velopharyngeal insufficiency	insufficiency
GARD:0005470	congenital velopharyngeal incompetence	velopharyngeal incompetence	incompetence
GARD:0005482	Verloove Vanhorick-Brubakk syndrome	Clh syndrome	syndrome
GARD:0005488	congenital vertical talus	vertical talus	vertical
GARD:0005488	congenital vertical talus	vertical talus	talus
GARD:0005494	viral hemorrhagic fever	hemorrhagic fever	hemorrhagic
GARD:0005494	viral hemorrhagic fever	hemorrhagic fever	fever
GARD:0005494	viral hemorrhagic fever	haemorrhagic fever	haemorrhagic
GARD:0005494	viral hemorrhagic fever	haemorrhagic fever	fever
GARD:0005494	viral hemorrhagic fever	hemorrhagic fevers	hemorrhagic
GARD:0005506	vitreoretinal degeneration	degenerative vitreoretinopathy	degenerative
GARD:0005507	autosomal dominant vitreoretinochoroidopathy	vitreoretinochoroidopathy dominant	dominant
GARD:0005509	laryngeal abductor paralysis	Gerhardt syndrome	syndrome
GARD:0005525	Waardenburg syndrome	Mende syndrome	mende
GARD:0005525	Waardenburg syndrome	Mende syndrome	syndrome
GARD:0005534	Warburg micro syndrome	micro syndrome	micro
GARD:0005534	Warburg micro syndrome	micro syndrome	syndrome
GARD:0005538	craniosynostosis 2	craniosynostosis type 2	type
GARD:0005539	acromelic frontonasal dysostosis	Toriello syndrome	syndrome
GARD:0005569	Wildervanck syndrome	Cervicooculoacoustic syndrome	syndrome
GARD:0005576	denys-drash syndrome	Drash syndrome	syndrome
GARD:0005587	tooth and nail syndrome	witkop syndrome	syndrome
GARD:0005594	wooly hair-hypotrichosis-everted lower lip-outstanding ears syndrome	Salamon syndrome	syndrome
GARD:0005595	arrhythmogenic cardiomyopathy with wooly hair and keratoderma	Carvajal syndrome	syndrome
GARD:0005597	isolated familial wooly hair disorder	woolly hair	woolly
GARD:0005597	isolated familial wooly hair disorder	woolly hair	hair
GARD:0005597	isolated familial wooly hair disorder	wooly hair	hair
GARD:0005611	severe x-linked intellectual disability, gustavson type	gust	gust
GARD:0005611	severe x-linked intellectual disability, gustavson type	Gustavson syndrome	syndrome
GARD:0005617	allan-herndon-dudley syndrome	triiodothyronine resistance	resistance
GARD:0005620	xanthinuria type ii	xanthinuria, type 2	xanthinuria
GARD:0005620	xanthinuria type ii	xanthinuria, type 2	type
GARD:0005620	xanthinuria type ii	type 2 xanthinuria	type
GARD:0005620	xanthinuria type ii	type 2 xanthinuria	xanthinuria
GARD:0005620	xanthinuria type ii	xanthinuria type 2	xanthinuria
GARD:0005620	xanthinuria type ii	xanthinuria type 2	type
GARD:0005621	xanthinuria type i	type 1 xanthinuria	type
GARD:0005621	xanthinuria type i	type 1 xanthinuria	xanthinuria
GARD:0005621	xanthinuria type i	xanthinuria type 1	xanthinuria
GARD:0005621	xanthinuria type i	xanthinuria type 1	type
GARD:0005621	xanthinuria type i	xanthinuria, type 1	xanthinuria
GARD:0005621	xanthinuria type i	xanthinuria, type 1	type
GARD:0005622	cerebrotendinous xanthomatosis	cerebral cholesterinosis	cerebral
GARD:0005623	dehydrated hereditary stomatocytosis	Desiccytosis hereditary	hereditary
GARD:0005623	dehydrated hereditary stomatocytosis	xerocytosis hereditary	hereditary
GARD:0005623	dehydrated hereditary stomatocytosis	hereditary xerocytosis	hereditary
GARD:0005624	xeroderma pigmentosum group A	xeroderma pigmentosum 1	xeroderma
GARD:0005626	xeroderma pigmentosum group C	xeroderma pigmentosum 3	xeroderma
GARD:0005627	xeroderma pigmentosum group E	xeroderma pigmentosum 5	xeroderma
GARD:0005628	xeroderma pigmentosum group F	xeroderma pigmentosum 6	xeroderma
GARD:0005629	xeroderma pigmentosum group G	xeroderma pigmentosum 7	xeroderma
GARD:0005643	dentatorubral-pallidoluysian atrophy	Dentatorubropallidoluysian atrophy	atrophy
GARD:0005648	photosensitive epilepsy	photoparoxysmal response	response
GARD:0005648	photosensitive epilepsy	photogenic epilepsy	photogenic
GARD:0005648	photosensitive epilepsy	photogenic epilepsy	epilepsy
GARD:0005653	gliosarcoma	sarcomatous glioblastoma	sarcomatous
GARD:0005657	PFAPA syndrome	Marshall syndrome	marshall
GARD:0005657	PFAPA syndrome	Marshall syndrome	syndrome
GARD:0005658	congenital adrenal hyperplasia due to 11-beta-hydroxylase deficiency	adrenal hyperplasia 4	adrenal
GARD:0005658	congenital adrenal hyperplasia due to 11-beta-hydroxylase deficiency	adrenal hyperplasia 4	hyperplasia
GARD:0005660	corticosterone methyloxidase type 1 deficiency	18 Hydroxylase deficiency	deficiency
GARD:0005660	corticosterone methyloxidase type 1 deficiency	aldosterone deficiency 1	deficiency
GARD:0005663	3-methylglutaconic aciduria type 3	Costeff syndrome	syndrome
GARD:0005665	3-methylcrotonyl-coa carboxylase 1 deficiency	3 alpha methylcrotonylglycinuria 1	alpha
GARD:0005665	3-methylcrotonyl-coa carboxylase 1 deficiency	mccd type 1	type
GARD:0005665	3-methylcrotonyl-coa carboxylase 1 deficiency	Bmcc deficiency	deficiency
GARD:0005665	3-methylcrotonyl-coa carboxylase 1 deficiency	methylcrotonylglycinuria type 1	type
GARD:0005666	Ritscher-Schinzel syndrome	craniocerebellocardiac dysplasia	dysplasia
GARD:0005667	3-M syndrome	dolichospondylic dysplasia	dysplasia
GARD:0005671	46 XX gonadal dysgenesis	ovarian dysgenesis	ovarian
GARD:0005671	46 XX gonadal dysgenesis	ovarian dysgenesis	dysgenesis
GARD:0005674	47,XYY syndrome	disomy Y	y
GARD:0005674	47,XYY syndrome	xyy syndrome	syndrome
GARD:0005674	47,XYY syndrome	Y disomy	y
GARD:0005674	47,XYY syndrome	Double Y	double
GARD:0005674	47,XYY syndrome	Double Y	y
GARD:0005677	48,XXYY syndrome	48, xxyy syndrome	syndrome
GARD:0005680	46,XY disorder of sex development due to 5-alpha-reductase 2 deficiency	micropenis	micropenis
GARD:0005686	glycogen storage disease vii	glycogenosis type 7	type
GARD:0005686	glycogen storage disease vii	phosphofructokinase deficiency	deficiency
GARD:0005686	glycogen storage disease vii	Pfkm deficiency	deficiency
GARD:0005686	glycogen storage disease vii	phosphofructokinase myopathy	myopathy
GARD:0005686	glycogen storage disease vii	Tarui disease	disease
GARD:0005690	rapp-hodgkin syndrome	orofacial cleft 8	cleft
GARD:0005691	adult refsum disease	refsum disease	disease
GARD:0005692	partial androgen insensitivity syndrome	pais	pais
GARD:0005692	partial androgen insensitivity syndrome	Reifenstein syndrome	syndrome
GARD:0005693	reactive arthritis	polyarthritis enterica	polyarthritis
GARD:0005693	reactive arthritis	venereal arthritis	venereal
GARD:0005693	reactive arthritis	venereal arthritis	arthritis
GARD:0005693	reactive arthritis	arthritis urethritica	arthritis
GARD:0005693	reactive arthritis	postdysenteric arthropathy	postdysenteric
GARD:0005693	reactive arthritis	postdysenteric arthropathy	arthropathy
GARD:0005695	retinopathy of prematurity	Terry syndrome	terry
GARD:0005695	retinopathy of prematurity	Terry syndrome	syndrome
GARD:0005695	retinopathy of prematurity	premature retinopathy	premature
GARD:0005697	fibrosclerosis, multifocal	multifocal fibrosclerosis	multifocal
GARD:0005699	rheumatic fever	inflammatory rheumatism	inflammatory
GARD:0005699	rheumatic fever	inflammatory rheumatism	rheumatism
GARD:0005700	rickets	nutritional rickets	nutritional
GARD:0005700	rickets	nutritional rickets	rickets
GARD:0005700	rickets	rickets (disease)	rickets
GARD:0005700	rickets	rickets (disease)	disease
GARD:0005700	rickets	active rickets	active
GARD:0005700	rickets	active rickets	rickets
GARD:0005700	rickets	rachitis	rachitis
GARD:0005700	rickets	hypovitaminosis D	hypovitaminosis
GARD:0005700	rickets	hypovitaminosis D	d
GARD:0005701	Axenfeld-Rieger syndrome	Rieger syndrome	syndrome
GARD:0005701	Axenfeld-Rieger syndrome	Axenfeld syndrome	syndrome
GARD:0005701	Axenfeld-Rieger syndrome	Hagedoom syndrome	syndrome
GARD:0005708	idiopathic achalasia	primary achalasia	primary
GARD:0005708	idiopathic achalasia	primary achalasia	achalasia
GARD:0005708	idiopathic achalasia	achalasia cardia	achalasia
GARD:0005708	idiopathic achalasia	achalasia cardia	cardia
GARD:0005714	glycogen storage disease ii	generalized glycogenosis	generalized
GARD:0005714	glycogen storage disease ii	glycogenosis type 2	type
GARD:0005714	glycogen storage disease ii	glycogenosis, type 2	type
GARD:0005714	glycogen storage disease ii	pompe disease	disease
GARD:0005714	glycogen storage disease ii	Aglucosidase alfa	alfa
GARD:0005717	acquired agranulocytosis	agranulocytosis, acquired	agranulocytosis
GARD:0005717	acquired agranulocytosis	agranulocytosis, acquired	acquired
GARD:0005717	acquired agranulocytosis	agranulocytic angina	angina
GARD:0005717	acquired agranulocytosis	neutropenia, malignant	malignant
GARD:0005717	acquired agranulocytosis	granulocytopenia, primary	primary
GARD:0005721	acrocallosal syndrome	Schinzel syndrome 1	syndrome
GARD:0005721	acrocallosal syndrome	Joubert syndrome 12	joubert
GARD:0005721	acrocallosal syndrome	Joubert syndrome 12	syndrome
GARD:0005723	acrodermatitis enteropathica	Brandt syndrome	syndrome
GARD:0005725	acromegaly	somatotroph adenoma	adenoma
GARD:0005725	acromegaly	pituitary giant	pituitary
GARD:0005725	acromegaly	pituitary giant	giant
GARD:0005728	actinomycosis	Actinomyces israeli	actinomyces
GARD:0005728	actinomycosis	Actinomyces israeli	israeli
GARD:0005728	actinomycosis	infections, Actinomyces	actinomyces
GARD:0005728	actinomycosis	Actinomyces infection	actinomyces
GARD:0005728	actinomycosis	Actinomyces infection	infection
GARD:0005728	actinomycosis	actinomycotic mycetema	actinomycotic
GARD:0005728	actinomycosis	boil	boil
GARD:0005741	combined carcinoid and adenocarcinoma	adenocarcinoid tumor	tumor
GARD:0005741	combined carcinoid and adenocarcinoma	composite carcinoid	composite
GARD:0005741	combined carcinoid and adenocarcinoma	composite carcinoid	carcinoid
GARD:0005741	combined carcinoid and adenocarcinoma	adenocarcinoid neoplasm	neoplasm
GARD:0005743	adenoid cystic carcinoma	adenocystic carcinoma	carcinoma
GARD:0005743	adenoid cystic carcinoma	cylindroid adenocarcinoma	cylindroid
GARD:0005743	adenoid cystic carcinoma	cylindroid adenocarcinoma	adenocarcinoma
GARD:0005743	adenoid cystic carcinoma	cylindroma	cylindroma
GARD:0005743	adenoid cystic carcinoma	cribriform carcinoma	cribriform
GARD:0005743	adenoid cystic carcinoma	cribriform carcinoma	carcinoma
GARD:0005749	Holmes-Adie syndrome	tonic pupil	tonic
GARD:0005749	Holmes-Adie syndrome	tonic pupil	pupil
GARD:0005749	Holmes-Adie syndrome	Adie pupil	pupil
GARD:0005749	Holmes-Adie syndrome	adie syndrome	syndrome
GARD:0005750	adiposis dolorosa	lipomatosis dolorosa	lipomatosis
GARD:0005750	adiposis dolorosa	Dercum disease	disease
GARD:0005751	adrenal gland cancer	adrenal cancer	adrenal
GARD:0005751	adrenal gland cancer	adrenal cancer	cancer
GARD:0005751	adrenal gland cancer	adrenal neoplasm	adrenal
GARD:0005751	adrenal gland cancer	adrenal neoplasm	neoplasm
GARD:0005758	adrenoleukodystrophy	adrenomyeloneuropathy, adult	adult
GARD:0005758	adrenoleukodystrophy	diffuse sclerosis	diffuse
GARD:0005758	adrenoleukodystrophy	diffuse sclerosis	sclerosis
GARD:0005761	congenital afibrinogenemia	afibrinogenemia congenital	congenital
GARD:0005761	congenital afibrinogenemia	hypofibrinogenemia, congenital	congenital
GARD:0005761	congenital afibrinogenemia	afibrinogenemia, congenital	congenital
GARD:0005761	congenital afibrinogenemia	familial afibrinogenemia	familial
GARD:0005761	congenital afibrinogenemia	fibrinogen deficiency	fibrinogen
GARD:0005761	congenital afibrinogenemia	fibrinogen deficiency	deficiency
GARD:0005774	Alexander disease	alexanders leukodystrophy	alexanders
GARD:0005775	alkaptonuria	hereditary ochronosis	hereditary
GARD:0005775	alkaptonuria	hereditary ochronosis	ochronosis
GARD:0005775	alkaptonuria	homogentisic acidura	homogentisic
GARD:0005775	alkaptonuria	ochronosis, hereditary	ochronosis
GARD:0005775	alkaptonuria	ochronosis, hereditary	hereditary
GARD:0005775	alkaptonuria	alkaptonuric ochronosis	alkaptonuric
GARD:0005775	alkaptonuria	alkaptonuric ochronosis	ochronosis
GARD:0005783	mitochondrial dna depletion syndrome 4a	alpers disease	disease
GARD:0005783	mitochondrial dna depletion syndrome 4a	Alper syndrome	syndrome
GARD:0005783	mitochondrial dna depletion syndrome 4a	Alpers syndrome	syndrome
GARD:0005783	mitochondrial dna depletion syndrome 4a	infantile poliodystrophy	infantile
GARD:0005785	Alport syndrome	hereditary nephritis	hereditary
GARD:0005785	Alport syndrome	hereditary nephritis	nephritis
GARD:0005786	amyotrophic lateral sclerosis	Charcot disease	disease
GARD:0005797	AL amyloidosis	primary amyloidosis	primary
GARD:0005797	AL amyloidosis	primary amyloidosis	amyloidosis
GARD:0005798	amyotonia congenita	Oppenheim disease	disease
GARD:0005802	otopalatodigital syndrome type 2	Andre syndrome	andre
GARD:0005802	otopalatodigital syndrome type 2	Andre syndrome	syndrome
GARD:0005802	otopalatodigital syndrome type 2	cranioorodigital syndrome	syndrome
GARD:0005802	otopalatodigital syndrome type 2	faciopalatoosseous syndrome	syndrome
GARD:0005803	androgen insensitivity syndrome	Morris syndrome	morris
GARD:0005803	androgen insensitivity syndrome	Morris syndrome	syndrome
GARD:0005803	androgen insensitivity syndrome	Feminisation - testicular	testicular
GARD:0005803	androgen insensitivity syndrome	testicular feminization	testicular
GARD:0005803	androgen insensitivity syndrome	testicular feminization	feminization
GARD:0005808	anencephaly 1	anencephaly	anencephaly
GARD:0005813	liver angiosarcoma	hepatic hemangiosarcoma	hepatic
GARD:0005813	liver angiosarcoma	hepatic hemangiosarcoma	hemangiosarcoma
GARD:0005813	liver angiosarcoma	liver hemangiosarcoma	liver
GARD:0005813	liver angiosarcoma	liver hemangiosarcoma	hemangiosarcoma
GARD:0005813	liver angiosarcoma	hepatic angiosarcoma	hepatic
GARD:0005813	liver angiosarcoma	hepatic angiosarcoma	angiosarcoma
GARD:0005813	liver angiosarcoma	Lias	lias
GARD:0005816	isolated aniridia	nonsyndromic aniridia	aniridia
GARD:0005819	testicular agenesis	anorchia	anorchia
GARD:0005819	testicular agenesis	bilateral anorchia	bilateral
GARD:0005819	testicular agenesis	bilateral anorchia	anorchia
GARD:0005819	testicular agenesis	empty scrotum	empty
GARD:0005819	testicular agenesis	empty scrotum	scrotum
GARD:0005824	antiphospholipid syndrome	Hughes syndrome	hughes
GARD:0005824	antiphospholipid syndrome	Hughes syndrome	syndrome
GARD:0005828	aorta coarctation	aortic coarctation	aortic
GARD:0005828	aorta coarctation	aortic coarctation	coarctation
GARD:0005833	Apert syndrome	acrocephalosyndactyly type 1	type
GARD:0005833	Apert syndrome	acrocephalosyndactyly, type 2	type
GARD:0005833	Apert syndrome	acrocephalosyndactyly, type 1	type
GARD:0005833	Apert syndrome	syndactylic oxycephaly	syndactylic
GARD:0005833	Apert syndrome	syndactylic oxycephaly	oxycephaly
GARD:0005836	idiopathic aplastic anemia	aplastic anemia	aplastic
GARD:0005836	idiopathic aplastic anemia	aplastic anemia	anemia
GARD:0005836	idiopathic aplastic anemia	anemia aplastic	anemia
GARD:0005836	idiopathic aplastic anemia	anemia aplastic	aplastic
GARD:0005836	idiopathic aplastic anemia	anaemia aplastic	anaemia
GARD:0005836	idiopathic aplastic anemia	anaemia aplastic	aplastic
GARD:0005836	idiopathic aplastic anemia	aplastic anaemia	aplastic
GARD:0005836	idiopathic aplastic anemia	aplastic anaemia	anaemia
GARD:0005839	arachnoiditis	adhesive arachnoiditis	adhesive
GARD:0005839	arachnoiditis	adhesive arachnoiditis	arachnoiditis
GARD:0005839	arachnoiditis	chronic arachnoiditis	chronic
GARD:0005839	arachnoiditis	chronic arachnoiditis	arachnoiditis
GARD:0005840	hyperargininemia	arginase deficiency	deficiency
GARD:0005843	argininosuccinic aciduria	argininosuccinase deficiency	deficiency
GARD:0005843	argininosuccinic aciduria	argininosuccinatelyase deficiency	deficiency
GARD:0005843	argininosuccinic aciduria	argininosuccinate acidemia	acidemia
GARD:0005843	argininosuccinic aciduria	arginosuccinase deficiency	deficiency
GARD:0005843	argininosuccinic aciduria	argininosuccinic acidemia	acidemia
GARD:0005852	asbestosis	asbestos pneumoconiosis	asbestos
GARD:0005852	asbestosis	asbestos pneumoconiosis	pneumoconiosis
GARD:0005852	asbestosis	asbestos intoxication	asbestos
GARD:0005852	asbestosis	asbestos intoxication	intoxication
GARD:0005853	Asherman syndrome	uterine synechiae	uterine
GARD:0005854	aspartylglucosaminuria	Aga deficiency	aga
GARD:0005854	aspartylglucosaminuria	Aga deficiency	deficiency
GARD:0005854	aspartylglucosaminuria	aspartylglucosaminidase deficiency	deficiency
GARD:0005854	aspartylglucosaminuria	glycosylasparaginase deficiency	deficiency
GARD:0005860	anaplastic astrocytoma	malignant astrocytoma	malignant
GARD:0005860	anaplastic astrocytoma	malignant astrocytoma	astrocytoma
GARD:0005862	ataxia telangiectasia	ataxia - telangiectasia	ataxia
GARD:0005862	ataxia telangiectasia	ataxia - telangiectasia	telangiectasia
GARD:0005867	localized lipodystrophy	focal lipodystrophy	focal
GARD:0005867	localized lipodystrophy	focal lipodystrophy	lipodystrophy
GARD:0005878	babesiosis	Human babesiosis	human
GARD:0005878	babesiosis	babesiasis	babesiasis
GARD:0005878	babesiosis	piroplasmosis	piroplasmosis
GARD:0005881	bacterial meningitis	meningitis, bacterial	meningitis
GARD:0005881	bacterial meningitis	meningitis, bacterial	bacterial
GARD:0005885	Balo concentric sclerosis	concentric demyelination	concentric
GARD:0005885	Balo concentric sclerosis	Marburg variant	variant
GARD:0005885	Balo concentric sclerosis	balo disease	disease
GARD:0005887	Bannayan-Riley-Ruvalcaba syndrome	Bannayan syndrome	syndrome
GARD:0005888	congestive splenomegaly	Banti syndrome	syndrome
GARD:0005888	congestive splenomegaly	fibrocongestive splenomegaly	splenomegaly
GARD:0005890	barth syndrome	Mga, type 2	type
GARD:0005893	Bartter syndrome	Potassium wasting	potassium
GARD:0005893	Bartter syndrome	Potassium wasting	wasting
GARD:0005893	Bartter syndrome	Bartter disease	disease
GARD:0005893	Bartter syndrome	hypokalemic alkalosis	alkalosis
GARD:0005896	migraine with brainstem aura	vertebrobasilar migraine	vertebrobasilar
GARD:0005896	migraine with brainstem aura	vertebrobasilar migraine	migraine
GARD:0005896	migraine with brainstem aura	basilar migraine	basilar
GARD:0005896	migraine with brainstem aura	basilar migraine	migraine
GARD:0005896	migraine with brainstem aura	Bickerstaff migraine	migraine
GARD:0005896	migraine with brainstem aura	brainstem migraine	migraine
GARD:0005897	neuronal ceroid lipofuscinosis 3	batten disease	batten
GARD:0005897	neuronal ceroid lipofuscinosis 3	batten disease	disease
GARD:0005898	congenital myopathy	myopathy congenital	myopathy
GARD:0005898	congenital myopathy	myopathy congenital	congenital
GARD:0005899	congenital contractural arachnodactyly	Beals syndrome	syndrome
GARD:0005900	Becker muscular dystrophy	Becker dystrophinopathy	becker
GARD:0005905	bejel	nonvenereal syphilis	nonvenereal
GARD:0005905	bejel	nonvenereal syphilis	syphilis
GARD:0005905	bejel	endemic syphilis	endemic
GARD:0005905	bejel	endemic syphilis	syphilis
GARD:0005907	diffuse astrocytoma	astrocytoma, diffuse	astrocytoma
GARD:0005907	diffuse astrocytoma	astrocytoma, diffuse	diffuse
GARD:0005913	mucous membrane pemphigoid	Mucosynechial pemphigoid	pemphigoid
GARD:0005913	mucous membrane pemphigoid	mucosal pemphigoid	mucosal
GARD:0005913	mucous membrane pemphigoid	mucosal pemphigoid	pemphigoid
GARD:0005913	mucous membrane pemphigoid	ocular pemphigus	ocular
GARD:0005913	mucous membrane pemphigoid	ocular pemphigus	pemphigus
GARD:0005913	mucous membrane pemphigoid	cicatricial pemphigoid	cicatricial
GARD:0005913	mucous membrane pemphigoid	cicatricial pemphigoid	pemphigoid
GARD:0005913	mucous membrane pemphigoid	ocular pemphigoid	ocular
GARD:0005913	mucous membrane pemphigoid	ocular pemphigoid	pemphigoid
GARD:0005926	birdshot chorioretinopathy	birdshot chorioretinitis	chorioretinitis
GARD:0005926	birdshot chorioretinopathy	vitiliginous choroiditis	vitiliginous
GARD:0005926	birdshot chorioretinopathy	vitiliginous choroiditis	choroiditis
GARD:0005939	blue diaper syndrome	Drummond syndrome	syndrome
GARD:0005940	blue rubber bleb nevus	bean syndrome	bean
GARD:0005940	blue rubber bleb nevus	bean syndrome	syndrome
GARD:0005948	Bowen disease of the skin	bowen disease	disease
GARD:0005948	Bowen disease of the skin	Bowens Disease	disease
GARD:0005948	Bowen disease of the skin	Disease, Bowen	disease
GARD:0005961	bronchiolitis obliterans syndrome	constrictive bronchiolitis	constrictive
GARD:0005961	bronchiolitis obliterans syndrome	constrictive bronchiolitis	bronchiolitis
GARD:0005961	bronchiolitis obliterans syndrome	organised pneumonia	pneumonia
GARD:0005961	bronchiolitis obliterans syndrome	bronchiolitis exudativa	bronchiolitis
GARD:0005961	bronchiolitis obliterans syndrome	organized pneumonia	organized
GARD:0005961	bronchiolitis obliterans syndrome	organized pneumonia	pneumonia
GARD:0005961	bronchiolitis obliterans syndrome	organizing pneumonia	pneumonia
GARD:0005961	bronchiolitis obliterans syndrome	bronchiolitis obliterans	bronchiolitis
GARD:0005961	bronchiolitis obliterans syndrome	obliterative bronchiolitis	obliterative
GARD:0005961	bronchiolitis obliterans syndrome	obliterative bronchiolitis	bronchiolitis
GARD:0005961	bronchiolitis obliterans syndrome	organising pneumonia	pneumonia
GARD:0005966	brucellosis	Cyprus fever	fever
GARD:0005966	brucellosis	Gibraltar fever	gibraltar
GARD:0005966	brucellosis	Gibraltar fever	fever
GARD:0005966	brucellosis	Malta fever	fever
GARD:0005966	brucellosis	Maltese fever	maltese
GARD:0005966	brucellosis	Maltese fever	fever
GARD:0005966	brucellosis	Mediterranean fever	mediterranean
GARD:0005966	brucellosis	Mediterranean fever	fever
GARD:0005966	brucellosis	Rock fever	rock
GARD:0005966	brucellosis	Rock fever	fever
GARD:0005966	brucellosis	undulant fever	undulant
GARD:0005966	brucellosis	undulant fever	fever
GARD:0005969	thromboangiitis obliterans	presenile gangrene	presenile
GARD:0005969	thromboangiitis obliterans	presenile gangrene	gangrene
GARD:0005972	bullous pemphigoid	benign pemphigus	benign
GARD:0005972	bullous pemphigoid	benign pemphigus	pemphigus
GARD:0005974	burning mouth syndrome	oral dysesthesia	oral
GARD:0005974	burning mouth syndrome	oral dysesthesia	dysesthesia
GARD:0005974	burning mouth syndrome	stomatodynia	stomatodynia
GARD:0005975	scleredema adultorum	Buschke scleredema	scleredema
GARD:0005975	scleredema adultorum	scleredema	scleredema
GARD:0005975	scleredema adultorum	scleredema Diabeticorum	scleredema
GARD:0005975	scleredema adultorum	Buschkes scleredema	scleredema
GARD:0005975	scleredema adultorum	Diabeticorum, scleredema	scleredema
GARD:0005975	scleredema adultorum	scleredema Diabeticorums	scleredema
GARD:0005975	scleredema adultorum	Diabeticorums, scleredema	scleredema
GARD:0005978	C syndrome	trigonocephaly syndrome	trigonocephaly
GARD:0005978	C syndrome	trigonocephaly syndrome	syndrome
GARD:0005979	hereditary angioedema	angioedema, hereditary	hereditary
GARD:0005980	calciphylaxis	idiopathic calciphylaxis	idiopathic
GARD:0005984	Canavan disease	Aspa deficiency	deficiency
GARD:0005984	Canavan disease	Asp deficiency	asp
GARD:0005984	Canavan disease	Asp deficiency	deficiency
GARD:0005984	Canavan disease	aspartoacylase deficiency	deficiency
GARD:0005984	Canavan disease	aminoacylase 2 deficiency	deficiency
GARD:0006001	carnosinemia	Carnosinase deficiency	deficiency
GARD:0006003	Carpenter syndrome	acrocephalopolysyndactyly type 2	type
GARD:0006004	cartilage cancer	cartilaginous cancer	cartilaginous
GARD:0006004	cartilage cancer	cartilaginous cancer	cancer
GARD:0006007	caudal regression sequence	caudal dysplasia	caudal
GARD:0006007	caudal regression sequence	caudal dysplasia	dysplasia
GARD:0006010	macrocystic lymphatic malformation	macrocystic lymphangioma	lymphangioma
GARD:0006010	macrocystic lymphatic malformation	cavernous lymphangioma	cavernous
GARD:0006010	macrocystic lymphatic malformation	cavernous lymphangioma	lymphangioma
GARD:0006027	COFS syndrome	cerebrooculofacioskeletal syndrome	syndrome
GARD:0006037	postpartum amenorrhea-galactorrhea syndrome	disease, Frommel	disease
GARD:0006037	postpartum amenorrhea-galactorrhea syndrome	Frommel disease	disease
GARD:0006038	chikungunya	Chikungunya fever	fever
GARD:0006039	child syndrome	child nevus	child
GARD:0006039	child syndrome	child nevus	nevus
GARD:0006040	childhood disintegrative disorder	heller syndrome	heller
GARD:0006040	childhood disintegrative disorder	heller syndrome	syndrome
GARD:0006040	childhood disintegrative disorder	dementia infantilis	dementia
GARD:0006040	childhood disintegrative disorder	disintegrative psychosis	disintegrative
GARD:0006040	childhood disintegrative disorder	disintegrative psychosis	psychosis
GARD:0006040	childhood disintegrative disorder	symbiotic psychosis	symbiotic
GARD:0006040	childhood disintegrative disorder	symbiotic psychosis	psychosis
GARD:0006042	intrahepatic cholangiocarcinoma	peripheral cholangiocarcinoma	peripheral
GARD:0006043	cholera	Vibrio cholerae	vibrio
GARD:0006047	chondroblastoma	chondroblastoma (disease)	chondroblastoma
GARD:0006047	chondroblastoma	chondroblastoma (disease)	disease
GARD:0006051	cartilage development disorder	chondrodystrophy	chondrodystrophy
GARD:0006055	chondrosarcoma	chondrosarcoma (disease)	chondrosarcoma
GARD:0006055	chondrosarcoma	chondrosarcoma (disease)	disease
GARD:0006055	chondrosarcoma	chondrosarcoma, malignant	chondrosarcoma
GARD:0006055	chondrosarcoma	chondrosarcoma, malignant	malignant
GARD:0006059	choriocarcinoma	chorionic carcinoma	chorionic
GARD:0006059	choriocarcinoma	chorionic carcinoma	carcinoma
GARD:0006059	choriocarcinoma	chorioepithelioma	chorioepithelioma
GARD:0006059	choriocarcinoma	chorion carcinoma	chorion
GARD:0006059	choriocarcinoma	chorion carcinoma	carcinoma
GARD:0006059	choriocarcinoma	choriocarcinoma (disease)	choriocarcinoma
GARD:0006059	choriocarcinoma	choriocarcinoma (disease)	disease
GARD:0006059	choriocarcinoma	choriocarcinoma, malignant	choriocarcinoma
GARD:0006059	choriocarcinoma	choriocarcinoma, malignant	malignant
GARD:0006060	chorioretinitis	chorioretinitis (disease)	chorioretinitis
GARD:0006060	chorioretinitis	chorioretinitis (disease)	disease
GARD:0006061	choroideremia	Tapetochoroidal dystrophy	dystrophy
GARD:0006061	choroideremia	choroidal sclerosis	choroidal
GARD:0006061	choroideremia	choroidal sclerosis	sclerosis
GARD:0006064	chromophobe renal cell carcinoma	kidney chromophobe	kidney
GARD:0006064	chromophobe renal cell carcinoma	chromophobe adenocarcinoma	adenocarcinoma
GARD:0006064	chromophobe renal cell carcinoma	chromophobe carcinoma	carcinoma
GARD:0006069	ring chromosome 13	Ring 13	ring
GARD:0006069	ring chromosome 13	chromosome 13 ring	chromosome
GARD:0006069	ring chromosome 13	chromosome 13 ring	ring
GARD:0006072	ring chromosome 14	Ring 14	ring
GARD:0006072	ring chromosome 14	chromosome 14 ring	chromosome
GARD:0006072	ring chromosome 14	chromosome 14 ring	ring
GARD:0006077	ring chromosome 18	chromosome 18 ring	chromosome
GARD:0006077	ring chromosome 18	chromosome 18 ring	ring
GARD:0006077	ring chromosome 18	Ring 18	ring
GARD:0006083	ring chromosome 21	Ring 21	ring
GARD:0006083	ring chromosome 21	chromosome 21 ring	chromosome
GARD:0006083	ring chromosome 21	chromosome 21 ring	ring
GARD:0006085	mosaic trisomy 22	trisomy 22 mosaicism	trisomy
GARD:0006085	mosaic trisomy 22	trisomy 22 mosaicism	mosaicism
GARD:0006095	ring chromosome 6	rose cluster 6	rose
GARD:0006095	ring chromosome 6	rose cluster 6	cluster
GARD:0006095	ring chromosome 6	chromosome 6 ring	chromosome
GARD:0006095	ring chromosome 6	chromosome 6 ring	ring
GARD:0006095	ring chromosome 6	Ring 6	ring
GARD:0006100	chronic granulomatous disease	congenital dysphagocytosis	congenital
GARD:0006100	chronic granulomatous disease	Quie syndrome	syndrome
GARD:0006104	B-cell chronic lymphocytic leukemia	lymphoplasmacytic leukemia	leukemia
GARD:0006111	eosinophilic granulomatosis with polyangiitis	allergic granulomatosis	allergic
GARD:0006111	eosinophilic granulomatosis with polyangiitis	granulomatoses, allergic	allergic
GARD:0006111	eosinophilic granulomatosis with polyangiitis	angiitides, allergic	allergic
GARD:0006111	eosinophilic granulomatosis with polyangiitis	allergic angiitides	allergic
GARD:0006111	eosinophilic granulomatosis with polyangiitis	allergic angiitis	allergic
GARD:0006111	eosinophilic granulomatosis with polyangiitis	allergic angiitis	angiitis
GARD:0006111	eosinophilic granulomatosis with polyangiitis	angiitis, allergic	angiitis
GARD:0006111	eosinophilic granulomatosis with polyangiitis	angiitis, allergic	allergic
GARD:0006111	eosinophilic granulomatosis with polyangiitis	granulomatosis, allergic	allergic
GARD:0006111	eosinophilic granulomatosis with polyangiitis	allergic granulomatoses	allergic
GARD:0006114	citrullinemia type i	citrullinemia, classic	classic
GARD:0006114	citrullinemia type i	citrullinemia, type 1	type
GARD:0006114	citrullinemia type i	classic citrullinemia	classic
GARD:0006114	citrullinemia type i	citrullinemia type 1	type
GARD:0006118	cleidocranial dysplasia 1	cleidocranial dysplasia	cleidocranial
GARD:0006118	cleidocranial dysplasia 1	cleidocranial dysplasia	dysplasia
GARD:0006118	cleidocranial dysplasia 1	dysplasia cleidocranial	dysplasia
GARD:0006118	cleidocranial dysplasia 1	dysplasia cleidocranial	cleidocranial
GARD:0006118	cleidocranial dysplasia 1	cleidocranial dysostosis	cleidocranial
GARD:0006121	Coats disease	exudative retinopathy	exudative
GARD:0006121	Coats disease	Coats' syndrome	syndrome
GARD:0006121	Coats disease	Coats' disease	disease
GARD:0006121	Coats disease	retinal telangiectasis	retinal
GARD:0006121	Coats disease	retinal telangiectasis	telangiectasis
GARD:0006122	Cockayne syndrome	progeroid nanism	nanism
GARD:0006123	coffin-lowry syndrome	Coffin syndrome 1	coffin
GARD:0006123	coffin-lowry syndrome	Coffin syndrome 1	syndrome
GARD:0006123	coffin-lowry syndrome	Coffin syndrome	coffin
GARD:0006123	coffin-lowry syndrome	Coffin syndrome	syndrome
GARD:0006126	Cohen syndrome	pepper syndrome	pepper
GARD:0006126	Cohen syndrome	pepper syndrome	syndrome
GARD:0006140	common variable immunodeficiency	secondary hypogammaglobulinemia	secondary
GARD:0006140	common variable immunodeficiency	acquired agammaglobulinemia	acquired
GARD:0006140	common variable immunodeficiency	acquired hypogammaglobulinemia	acquired
GARD:0006140	common variable immunodeficiency	primary hypogammaglobulinemia	primary
GARD:0006140	common variable immunodeficiency	sporadic hypogammaglobulinemia	sporadic
GARD:0006141	compartment syndrome	compartmental syndrome	compartmental
GARD:0006141	compartment syndrome	compartmental syndrome	syndrome
GARD:0006148	hereditary antithrombin deficiency	Antithrombin Deficiency	antithrombin
GARD:0006148	hereditary antithrombin deficiency	Antithrombin Deficiency	deficiency
GARD:0006148	hereditary antithrombin deficiency	antithrombin 3 deficiency	antithrombin
GARD:0006148	hereditary antithrombin deficiency	antithrombin 3 deficiency	deficiency
GARD:0006176	myotonia congenita, autosomal dominant	myotonia Levior	myotonia
GARD:0006176	myotonia congenita, autosomal dominant	Thomsen disease	disease
GARD:0006183	congenital sucrase-isomaltase deficiency	invertase deficiency	invertase
GARD:0006183	congenital sucrase-isomaltase deficiency	invertase deficiency	deficiency
GARD:0006183	congenital sucrase-isomaltase deficiency	disaccharide intolerance, 1	disaccharide
GARD:0006183	congenital sucrase-isomaltase deficiency	disaccharide intolerance, 1	intolerance
GARD:0006183	congenital sucrase-isomaltase deficiency	disaccharide intolerance	disaccharide
GARD:0006183	congenital sucrase-isomaltase deficiency	disaccharide intolerance	intolerance
GARD:0006183	congenital sucrase-isomaltase deficiency	disaccharide intolerance 1	disaccharide
GARD:0006183	congenital sucrase-isomaltase deficiency	disaccharide intolerance 1	intolerance
GARD:0006189	X-linked chondrodysplasia punctata 2	Happle syndrome	syndrome
GARD:0006194	triatrial heart	cor triatriatum	cor
GARD:0006202	Cowden disease	Cowden syndrome	syndrome
GARD:0006206	Crouzon syndrome	craniofacial dysostosis	craniofacial
GARD:0006206	Crouzon syndrome	Crouzon disease	disease
GARD:0006209	craniosynostosis	craniosynostosis syndrome	syndrome
GARD:0006218	cryptococcosis	European cryptococcosis	european
GARD:0006218	cryptococcosis	torulosis	torulosis
GARD:0006218	cryptococcosis	Cryptococcal infection	infection
GARD:0006218	cryptococcosis	torula	torula
GARD:0006224	Cushing syndrome	pituitary basophilism	pituitary
GARD:0006224	Cushing syndrome	suprarenogenic syndrome	syndrome
GARD:0006224	Cushing syndrome	cortisol Excess	excess
GARD:0006227	cutis laxa	generalized elastolysis	generalized
GARD:0006227	cutis laxa	loose skin	loose
GARD:0006227	cutis laxa	loose skin	skin
GARD:0006229	cyclic hematopoiesis	cyclic agranulocytosis	cyclic
GARD:0006229	cyclic hematopoiesis	cyclic agranulocytosis	agranulocytosis
GARD:0006229	cyclic hematopoiesis	cyclical neutropenia	cyclical
GARD:0006229	cyclic hematopoiesis	neutropenia, periodic	periodic
GARD:0006229	cyclic hematopoiesis	neutropenia cyclic	cyclic
GARD:0006229	cyclic hematopoiesis	periodic neutropenia	periodic
GARD:0006229	cyclic hematopoiesis	cyclic neutropenia	cyclic
GARD:0006229	cyclic hematopoiesis	neutropenia, cyclic	cyclic
GARD:0006234	cystic hygroma	cystic lymphangioma	cystic
GARD:0006234	cystic hygroma	cystic lymphangioma	lymphangioma
GARD:0006234	cystic hygroma	hygroma	hygroma
GARD:0006236	cystinosis	cystine diathesis	cystine
GARD:0006236	cystinosis	cystine diathesis	diathesis
GARD:0006236	cystinosis	cystine disease	cystine
GARD:0006236	cystinosis	cystine disease	disease
GARD:0006237	cystinuria	cystinuria (disease)	cystinuria
GARD:0006237	cystinuria	cystinuria (disease)	disease
GARD:0006243	Darier disease	keratosis follicularis	keratosis
GARD:0006249	malignant atrophic papulosis	degos disease	disease
GARD:0006249	malignant atrophic papulosis	Degos syndrome	syndrome
GARD:0006254	dengue disease	breakbone fever	fever
GARD:0006254	dengue disease	classical dengue	classical
GARD:0006254	dengue disease	classical dengue	dengue
GARD:0006254	dengue disease	Dengue	dengue
GARD:0006254	dengue disease	Dengue fever	dengue
GARD:0006254	dengue disease	Dengue fever	fever
GARD:0006254	dengue disease	classic dengue	classic
GARD:0006254	dengue disease	classic dengue	dengue
GARD:0006254	dengue disease	hemorrhagic dengue	hemorrhagic
GARD:0006254	dengue disease	hemorrhagic dengue	dengue
GARD:0006263	dermatomyositis	adult dermatomyositis	adult
GARD:0006267	neuromyelitis optica	Devic syndrome	syndrome
GARD:0006267	neuromyelitis optica	Devic disease	disease
GARD:0006274	Diamond-Blackfan anemia	Aase syndrome	syndrome
GARD:0006274	Diamond-Blackfan anemia	erythrogenesis imperfecta	erythrogenesis
GARD:0006275	diastrophic dysplasia	diastrophic dwarfism	diastrophic
GARD:0006275	diastrophic dysplasia	diastrophic dwarfism	dwarfism
GARD:0006276	diencephalic syndrome	diencephalic cachexia	diencephalic
GARD:0006276	diencephalic syndrome	diencephalic cachexia	cachexia
GARD:0006276	diencephalic syndrome	Russell syndrome	russell
GARD:0006276	diencephalic syndrome	Russell syndrome	syndrome
GARD:0006286	dracunculiasis	dracontiasis	dracontiasis
GARD:0006288	Duane retraction syndrome	Duane syndrome	duane
GARD:0006288	Duane retraction syndrome	Duane syndrome	syndrome
GARD:0006288	Duane retraction syndrome	Duane anomaly	duane
GARD:0006288	Duane retraction syndrome	Duane anomaly	anomaly
GARD:0006288	Duane retraction syndrome	retraction syndrome	retraction
GARD:0006288	Duane retraction syndrome	retraction syndrome	syndrome
GARD:0006313	Ebstein anomaly	Ebstein malformation	malformation
GARD:0006317	ectodermal dysplasia syndrome	ectodermal dysplasia	ectodermal
GARD:0006317	ectodermal dysplasia syndrome	ectodermal dysplasia	dysplasia
GARD:0006319	split hand-foot malformation	ectrodactyly	ectrodactyly
GARD:0006321	trisomy 18	18 trisomy	trisomy
GARD:0006321	trisomy 18	chromosome 18 duplication	chromosome
GARD:0006321	trisomy 18	chromosome 18 duplication	duplication
GARD:0006321	trisomy 18	Edwards syndrome	syndrome
GARD:0006321	trisomy 18	chromosome 18 trisomy	chromosome
GARD:0006321	trisomy 18	chromosome 18 trisomy	trisomy
GARD:0006321	trisomy 18	trisomy type 18	trisomy
GARD:0006321	trisomy 18	trisomy type 18	type
GARD:0006322	Ehlers-Danlos syndrome	elastic skin	elastic
GARD:0006322	Ehlers-Danlos syndrome	elastic skin	skin
GARD:0006322	Ehlers-Danlos syndrome	skin elastic	skin
GARD:0006322	Ehlers-Danlos syndrome	skin elastic	elastic
GARD:0006322	Ehlers-Danlos syndrome	Danlos disease	disease
GARD:0006332	encephalitis lethargica	epidemic encephalitis	epidemic
GARD:0006332	encephalitis lethargica	epidemic encephalitis	encephalitis
GARD:0006332	encephalitis lethargica	lethargic encephalitis	lethargic
GARD:0006332	encephalitis lethargica	lethargic encephalitis	encephalitis
GARD:0006333	isolated encephalocele	encephalocele	encephalocele
GARD:0006333	isolated encephalocele	craniocele	craniocele
GARD:0006333	isolated encephalocele	bifid cranium	bifid
GARD:0006333	isolated encephalocele	bifid cranium	cranium
GARD:0006333	isolated encephalocele	cranium bifidum	cranium
GARD:0006337	infective endocarditis	endocarditis, infective	endocarditis
GARD:0006337	infective endocarditis	endocarditis, infective	infective
GARD:0006337	infective endocarditis	endocarditis infective	endocarditis
GARD:0006337	infective endocarditis	endocarditis infective	infective
GARD:0006340	endomyocardial fibrosis	endomyocardial sclerosis	sclerosis
GARD:0006351	eosinophilic fasciitis	Shulman syndrome	syndrome
GARD:0006353	ependymoma	epithelial ependymoma	epithelial
GARD:0006353	ependymoma	epithelial ependymoma	ependymoma
GARD:0006353	ependymoma	benign ependymoma	benign
GARD:0006353	ependymoma	benign ependymoma	ependymoma
GARD:0006353	ependymoma	ependymoma, benign	ependymoma
GARD:0006353	ependymoma	ependymoma, benign	benign
GARD:0006353	ependymoma	ependymoma, familial	ependymoma
GARD:0006353	ependymoma	ependymoma, familial	familial
GARD:0006357	epidermodysplasia verruciformis	ever	ever
GARD:0006359	epidermolysis bullosa	acantholysis bullosa	acantholysis
GARD:0006369	Erdheim-Chester disease	lipoid granulomatosis	lipoid
GARD:0006377	primary erythermalgia	erythromelalgia, familial	erythromelalgia
GARD:0006377	primary erythermalgia	erythromelalgia, familial	familial
GARD:0006377	primary erythermalgia	primary erythromelalgia	primary
GARD:0006377	primary erythermalgia	primary erythromelalgia	erythromelalgia
GARD:0006377	primary erythermalgia	erythermalgia, primary	primary
GARD:0006377	primary erythermalgia	erythromelalgia, primary	erythromelalgia
GARD:0006377	primary erythermalgia	erythromelalgia, primary	primary
GARD:0006381	esophageal atresia/tracheoesophageal fistula	tracheoesophageal fistula	tracheoesophageal
GARD:0006381	esophageal atresia/tracheoesophageal fistula	tracheoesophageal fistula	fistula
GARD:0006381	esophageal atresia/tracheoesophageal fistula	te fistula	te
GARD:0006381	esophageal atresia/tracheoesophageal fistula	te fistula	fistula
GARD:0006383	carcinoma of esophagus	esophageal carcinoma	esophageal
GARD:0006383	carcinoma of esophagus	esophageal carcinoma	carcinoma
GARD:0006383	carcinoma of esophagus	oesophagus carcinoma	oesophagus
GARD:0006383	carcinoma of esophagus	oesophagus carcinoma	carcinoma
GARD:0006383	carcinoma of esophagus	esophageal cancer	esophageal
GARD:0006383	carcinoma of esophagus	esophageal cancer	cancer
GARD:0006383	carcinoma of esophagus	esophagus carcinoma	esophagus
GARD:0006383	carcinoma of esophagus	esophagus carcinoma	carcinoma
GARD:0006386	Cryoglobulinemic vasculitis	Meltzer syndrome	syndrome
GARD:0006386	Cryoglobulinemic vasculitis	mixed cryoglobulinemia	mixed
GARD:0006386	Cryoglobulinemic vasculitis	primary cryoglobulinemia	primary
GARD:0006386	Cryoglobulinemic vasculitis	essential cryoglobulinemia	essential
GARD:0006389	Evans syndrome	Evan syndrome	evan
GARD:0006389	Evans syndrome	Evan syndrome	syndrome
GARD:0006389	Evans syndrome	Evans' syndrome	syndrome
GARD:0006389	Evans syndrome	immune pancytopenia	immune
GARD:0006390	Ewing sarcoma	neuroepithelioma, peripheral	peripheral
GARD:0006390	Ewing sarcoma	Ewings sarcoma	sarcoma
GARD:0006390	Ewing sarcoma	Ewing tumor	tumor
GARD:0006398	bladder exstrophy	ectopia vesicae	ectopia
GARD:0006398	bladder exstrophy	ectopia vesicae	vesicae
GARD:0006400	Fabry disease	angiokeratoma, diffuse	angiokeratoma
GARD:0006400	Fabry disease	angiokeratoma, diffuse	diffuse
GARD:0006400	Fabry disease	diffuse angiokeratoma	diffuse
GARD:0006400	Fabry disease	diffuse angiokeratoma	angiokeratoma
GARD:0006400	Fabry disease	Gla deficiency	deficiency
GARD:0006404	congenital factor x deficiency	factor 10 deficiency	factor
GARD:0006404	congenital factor x deficiency	factor 10 deficiency	deficiency
GARD:0006408	classic familial adenomatous polyposis	polyposis coli	polyposis
GARD:0006408	classic familial adenomatous polyposis	polyposis coli	coli
GARD:0006408	classic familial adenomatous polyposis	familial polyposis	familial
GARD:0006408	classic familial adenomatous polyposis	familial polyposis	polyposis
GARD:0006421	familial mediterranean fever	periodic disease	periodic
GARD:0006421	familial mediterranean fever	periodic disease	disease
GARD:0006425	Fanconi anemia	pancytopenia, congenital	congenital
GARD:0006426	Farber lipogranulomatosis	ceramidase deficiency	deficiency
GARD:0006426	Farber lipogranulomatosis	Farber disease	disease
GARD:0006427	farmer's lung disease	farmer lung	farmer
GARD:0006427	farmer's lung disease	farmer lung	lung
GARD:0006427	farmer's lung disease	Farmers lung	lung
GARD:0006457	focal dermal hypoplasia	Goltz syndrome	syndrome
GARD:0006458	dystonia, focal, task-specific	occupational cramp	occupational
GARD:0006458	dystonia, focal, task-specific	occupational cramp	cramp
GARD:0006458	dystonia, focal, task-specific	occupational dystonia	occupational
GARD:0006464	fragile x syndrome	FraX syndrome	syndrome
GARD:0006464	fragile x syndrome	marker 10 syndrome	marker
GARD:0006464	fragile x syndrome	marker 10 syndrome	syndrome
GARD:0006464	fragile x syndrome	fragile 10 syndrome	fragile
GARD:0006464	fragile x syndrome	fragile 10 syndrome	syndrome
GARD:0006465	Fraser syndrome	cryptophthalmos syndrome	cryptophthalmos
GARD:0006465	Fraser syndrome	cryptophthalmos syndrome	syndrome
GARD:0006465	Fraser syndrome	cyclopism	cyclopism
GARD:0006466	freeman-sheldon syndrome	craniocarpotarsal dysplasia	dysplasia
GARD:0006466	freeman-sheldon syndrome	craniocarpotarsal dystrophy	dystrophy
GARD:0006471	essential fructosuria	fructokinase deficiency	deficiency
GARD:0006471	essential fructosuria	fructosuria, essential	essential
GARD:0006471	essential fructosuria	ketohexokinase deficiency	deficiency
GARD:0006476	fumaric aciduria	fumarase deficiency	deficiency
GARD:0006481	autoerythrocyte sensitization syndrome	psychogenic purpura	psychogenic
GARD:0006481	autoerythrocyte sensitization syndrome	psychogenic purpura	purpura
GARD:0006481	autoerythrocyte sensitization syndrome	Autoerythrocyte sensitization	sensitization
GARD:0006497	pemphigoid gestationis	gestational pemphigoid	gestational
GARD:0006497	pemphigoid gestationis	gestational pemphigoid	pemphigoid
GARD:0006497	pemphigoid gestationis	pemphigus gestationis	pemphigus
GARD:0006498	gestational trophoblastic neoplasm	hydatidiform mole	hydatidiform
GARD:0006498	gestational trophoblastic neoplasm	hydatidiform mole	mole
GARD:0006498	gestational trophoblastic neoplasm	molar pregnancy	molar
GARD:0006498	gestational trophoblastic neoplasm	molar pregnancy	pregnancy
GARD:0006506	pituitary gigantism	gigantism	gigantism
GARD:0006506	pituitary gigantism	hypophyseal gigantism	hypophyseal
GARD:0006506	pituitary gigantism	hypophyseal gigantism	gigantism
GARD:0006509	fibromatosis, gingival, 1	gingival fibromatosis, 1	gingival
GARD:0006509	fibromatosis, gingival, 1	gingival fibromatosis, 1	fibromatosis
GARD:0006513	glioma	glial tumour	glial
GARD:0006513	glioma	glial neoplasm	glial
GARD:0006513	glioma	glial neoplasm	neoplasm
GARD:0006513	glioma	glial tumor	glial
GARD:0006513	glioma	glial tumor	tumor
GARD:0006513	glioma	neuroglial tumor	neuroglial
GARD:0006513	glioma	neuroglial tumor	tumor
GARD:0006513	glioma	neuroglial neoplasm	neuroglial
GARD:0006513	glioma	neuroglial neoplasm	neoplasm
GARD:0006513	glioma	neuroglial tumour	neuroglial
GARD:0006516	glomerulonephritis	glomerular nephritis	glomerular
GARD:0006516	glomerulonephritis	glomerular nephritis	nephritis
GARD:0006516	glomerulonephritis	glomerulonephritis (disease)	glomerulonephritis
GARD:0006516	glomerulonephritis	glomerulonephritis (disease)	disease
GARD:0006517	focal segmental glomerulosclerosis	focal glomerulosclerosis	focal
GARD:0006519	glossopharyngeal neuralgia	Glossovasopharyngeal neuralgia	neuralgia
GARD:0006521	glucose-galactose malabsorption	monosaccharide malabsorption	monosaccharide
GARD:0006522	glutaryl-coa dehydrogenase deficiency	Ga 1	ga
GARD:0006522	glutaryl-coa dehydrogenase deficiency	glutaric acidemia 1	glutaric
GARD:0006522	glutaryl-coa dehydrogenase deficiency	glutaric acidemia 1	acidemia
GARD:0006522	glutaryl-coa dehydrogenase deficiency	glutaric aciduria 1	glutaric
GARD:0006523	multiple acyl-coa dehydrogenase deficiency	glutaric aciduria 2	glutaric
GARD:0006523	multiple acyl-coa dehydrogenase deficiency	Etfdh deficiency	deficiency
GARD:0006523	multiple acyl-coa dehydrogenase deficiency	Ga 2	ga
GARD:0006523	multiple acyl-coa dehydrogenase deficiency	Etfa deficiency	deficiency
GARD:0006523	multiple acyl-coa dehydrogenase deficiency	glutaric acidemia 2	glutaric
GARD:0006523	multiple acyl-coa dehydrogenase deficiency	glutaric acidemia 2	acidemia
GARD:0006523	multiple acyl-coa dehydrogenase deficiency	Etfb deficiency	deficiency
GARD:0006528	glycogen storage disease v	mcardle disease	disease
GARD:0006528	glycogen storage disease v	myophosphorylase deficiency	deficiency
GARD:0006528	glycogen storage disease v	Pygm deficiency	deficiency
GARD:0006528	glycogen storage disease v	glycogenosis type 5	type
GARD:0006529	glycogen storage disease vi	hers disease	hers
GARD:0006529	glycogen storage disease vi	hers disease	disease
GARD:0006529	glycogen storage disease vi	glycogenosis type 6	type
GARD:0006529	glycogen storage disease vi	hers' disease	hers
GARD:0006529	glycogen storage disease vi	hers' disease	disease
GARD:0006542	gorham-stout disease	osteolysis, massive	osteolysis
GARD:0006542	gorham-stout disease	osteolysis, massive	massive
GARD:0006542	gorham-stout disease	Gorham disease	disease
GARD:0006542	gorham-stout disease	Gorham syndrome	syndrome
GARD:0006542	gorham-stout disease	osteolysis massive	osteolysis
GARD:0006542	gorham-stout disease	osteolysis massive	massive
GARD:0006543	acrogeria	familial acrogeria	familial
GARD:0006543	acrogeria	gottron syndrome	syndrome
GARD:0006545	agranulocytosis	Granulocytopenic disorder	disorder
GARD:0006550	Greig cephalopolysyndactyly syndrome	Greig syndrome	syndrome
GARD:0006554	Guillain-Barre syndrome	postinfectious polyneuritis	polyneuritis
GARD:0006556	ornithine aminotransferase deficiency	gyrate atrophy	gyrate
GARD:0006556	ornithine aminotransferase deficiency	gyrate atrophy	atrophy
GARD:0006556	ornithine aminotransferase deficiency	oat deficiency	oat
GARD:0006556	ornithine aminotransferase deficiency	oat deficiency	deficiency
GARD:0006556	ornithine aminotransferase deficiency	hoga	hoga
GARD:0006556	ornithine aminotransferase deficiency	okt deficiency	deficiency
GARD:0006558	congenital factor xii deficiency	factor 12 deficiency	factor
GARD:0006558	congenital factor xii deficiency	factor 12 deficiency	deficiency
GARD:0006558	congenital factor xii deficiency	Haf deficiency	deficiency
GARD:0006558	congenital factor xii deficiency	deficiency, Hageman	deficiency
GARD:0006560	hairy cell leukemia	leukemic reticuloendotheliosis	leukemic
GARD:0006568	autosomal recessive congenital ichthyosis 4B	'Harlequin fetus'	harlequin
GARD:0006568	autosomal recessive congenital ichthyosis 4B	'Harlequin fetus'	fetus
GARD:0006568	autosomal recessive congenital ichthyosis 4B	harlequin ichthyosis	harlequin
GARD:0006568	autosomal recessive congenital ichthyosis 4B	harlequin ichthyosis	ichthyosis
GARD:0006568	autosomal recessive congenital ichthyosis 4B	Harlequin fetus	harlequin
GARD:0006568	autosomal recessive congenital ichthyosis 4B	Harlequin fetus	fetus
GARD:0006568	autosomal recessive congenital ichthyosis 4B	Harlequin foetus	harlequin
GARD:0006569	Hartnup disease	Hartnup disorder	disorder
GARD:0006571	ankyloblepharon-ectodermal defects-cleft lip/palate syndrome	aec syndrome	syndrome
GARD:0006584	sickle cell-hemoglobin c disease syndrome	HbSC disease	disease
GARD:0006591	hemophilia a	hem A	hem
GARD:0006591	hemophilia a	hem A	a
GARD:0006591	hemophilia a	classic hemophilia	classic
GARD:0006591	hemophilia a	classic hemophilia	hemophilia
GARD:0006591	hemophilia a	classic haemophilia	classic
GARD:0006591	hemophilia a	factor 8 deficiency	factor
GARD:0006591	hemophilia a	factor 8 deficiency	deficiency
GARD:0006591	hemophilia a	Haemophilia A	a
GARD:0006591	hemophilia a	hemophilia, classic	hemophilia
GARD:0006591	hemophilia a	hemophilia, classic	classic
GARD:0006591	hemophilia a	classical haemophilia	classical
GARD:0006591	hemophilia a	classical hemophilia	classical
GARD:0006591	hemophilia a	classical hemophilia	hemophilia
GARD:0006594	essential thrombocythemia	essential thrombocytosis	essential
GARD:0006594	essential thrombocythemia	essential thrombocythaemia	essential
GARD:0006594	essential thrombocythemia	hemorrhagic thrombocythemia	hemorrhagic
GARD:0006594	essential thrombocythemia	idiopathic thrombocythemia	idiopathic
GARD:0006594	essential thrombocythemia	essential thrombocytemia	essential
GARD:0006594	essential thrombocythemia	primary thrombocythemia	primary
GARD:0006594	essential thrombocythemia	primary thrombocytosis	primary
GARD:0006608	adult hepatocellular carcinoma	hepatocellular cancer	cancer
GARD:0006608	adult hepatocellular carcinoma	adult hepatoma	adult
GARD:0006608	adult hepatocellular carcinoma	adult hepatoma	hepatoma
GARD:0006611	hereditary amyloidosis	amyloidosis, Familial	amyloidosis
GARD:0006611	hereditary amyloidosis	amyloidosis, Familial	familial
GARD:0006611	hereditary amyloidosis	amyloidosis hereditary	amyloidosis
GARD:0006611	hereditary amyloidosis	amyloidosis hereditary	hereditary
GARD:0006611	hereditary amyloidosis	familial amyloidosis	familial
GARD:0006611	hereditary amyloidosis	familial amyloidosis	amyloidosis
GARD:0006619	hereditary coproporphyria	Cpx deficiency	deficiency
GARD:0006619	hereditary coproporphyria	coproporphyria hereditary	hereditary
GARD:0006619	hereditary coproporphyria	Cpo deficiency	deficiency
GARD:0006619	hereditary coproporphyria	coproporphyria, hereditary	hereditary
GARD:0006619	hereditary coproporphyria	Cpox deficiency	deficiency
GARD:0006621	hereditary elliptocytosis	congenital elliptocytosis	congenital
GARD:0006621	hereditary elliptocytosis	hereditary ovalocytosis	hereditary
GARD:0006621	hereditary elliptocytosis	Hashimoto Encephalopathy	encephalopathy
GARD:0006622	hereditary fructose intolerance	Aldob deficiency	deficiency
GARD:0006622	hereditary fructose intolerance	fructose intolerance	fructose
GARD:0006622	hereditary fructose intolerance	fructose intolerance	intolerance
GARD:0006622	hereditary fructose intolerance	hereditary fructosemia	hereditary
GARD:0006632	hereditary chronic pancreatitis	familial pancreatitis	familial
GARD:0006632	hereditary chronic pancreatitis	familial pancreatitis	pancreatitis
GARD:0006632	hereditary chronic pancreatitis	pancreatitis, chronic	pancreatitis
GARD:0006632	hereditary chronic pancreatitis	pancreatitis, chronic	chronic
GARD:0006632	hereditary chronic pancreatitis	pancreatitis, hereditary	pancreatitis
GARD:0006632	hereditary chronic pancreatitis	pancreatitis, hereditary	hereditary
GARD:0006632	hereditary chronic pancreatitis	hereditary pancreatitis	hereditary
GARD:0006632	hereditary chronic pancreatitis	hereditary pancreatitis	pancreatitis
GARD:0006632	hereditary chronic pancreatitis	pancreatitis, calcific	pancreatitis
GARD:0006632	hereditary chronic pancreatitis	pancreatitis, calcific	calcific
GARD:0006637	hereditary spastic paraplegia	spastic paraplegia	spastic
GARD:0006637	hereditary spastic paraplegia	spastic paraplegia	paraplegia
GARD:0006639	hereditary spherocytosis	congenital spherocytosis	congenital
GARD:0006639	hereditary spherocytosis	spherocytic anaemia	anaemia
GARD:0006639	hereditary spherocytosis	spherocytic anemia	anemia
GARD:0006643	Hermansky-Pudlak syndrome	Hepatopulmonary Syndrome	hepatopulmonary
GARD:0006643	Hermansky-Pudlak syndrome	Hepatopulmonary Syndrome	syndrome
GARD:0006649	herpes simplex encephalitis	herpetic encephalitis	herpetic
GARD:0006649	herpes simplex encephalitis	herpetic encephalitis	encephalitis
GARD:0006657	chronic hiccup	Hiccups, intractable	intractable
GARD:0006657	chronic hiccup	Hiccups, Chronic	chronic
GARD:0006657	chronic hiccup	intractable singultus	intractable
GARD:0006657	chronic hiccup	intractable singultus	singultus
GARD:0006657	chronic hiccup	chronic hiccups	chronic
GARD:0006657	chronic hiccup	persistent hiccups	persistent
GARD:0006657	chronic hiccup	intractable hiccups	intractable
GARD:0006660	Hirschsprung disease	congenital megacolon	congenital
GARD:0006660	Hirschsprung disease	congenital megacolon	megacolon
GARD:0006660	Hirschsprung disease	aganglionic megacolon	aganglionic
GARD:0006660	Hirschsprung disease	aganglionic megacolon	megacolon
GARD:0006660	Hirschsprung disease	pelvirectal achalasia	pelvirectal
GARD:0006660	Hirschsprung disease	pelvirectal achalasia	achalasia
GARD:0006661	histidinemia	Hal deficiency	hal
GARD:0006661	histidinemia	Hal deficiency	deficiency
GARD:0006661	histidinemia	histidase deficiency	deficiency
GARD:0006665	holoprosencephaly	holoprosencephaly sequence	sequence
GARD:0006666	holt-oram syndrome	atriodigital dysplasia	dysplasia
GARD:0006667	classic homocystinuria	thrombosis, hyperhomocysteinemic	thrombosis
GARD:0006675	mucopolysaccharidosis type 2	Hunter syndrome	hunter
GARD:0006675	mucopolysaccharidosis type 2	Hunter syndrome	syndrome
GARD:0006675	mucopolysaccharidosis type 2	mucopolysaccharidosis, type 2	type
GARD:0006677	Huntington disease	Huntington chorea	chorea
GARD:0006681	hydranencephaly	hydranencephaly (disease)	disease
GARD:0006703	hyperlipoproteinemia type 3	familial dysbetalipoproteinemia	familial
GARD:0006703	hyperlipoproteinemia type 3	remnant hyperlipidemia	remnant
GARD:0006703	hyperlipoproteinemia type 3	dyslipidaemia type 3	type
GARD:0006703	hyperlipoproteinemia type 3	hyperlipidemia type 3	type
GARD:0006703	hyperlipoproteinemia type 3	dyslipidemia type 3	type
GARD:0006703	hyperlipoproteinemia type 3	remnant disease	remnant
GARD:0006703	hyperlipoproteinemia type 3	remnant disease	disease
GARD:0006704	hyperlipoproteinemia type V	hyperlipoproteinemia, type 5	type
GARD:0006704	hyperlipoproteinemia type V	major hyperlipidemia	major
GARD:0006704	hyperlipoproteinemia type V	hyperlipemia mixed	hyperlipemia
GARD:0006704	hyperlipoproteinemia type V	hyperlipemia mixed	mixed
GARD:0006704	hyperlipoproteinemia type V	hyperlipemia, mixed	hyperlipemia
GARD:0006704	hyperlipoproteinemia type V	hyperlipemia, mixed	mixed
GARD:0006704	hyperlipoproteinemia type V	hyperlipidemia, type 5	type
GARD:0006704	hyperlipoproteinemia type V	hyperlipoproteinemia type 5	type
GARD:0006704	hyperlipoproteinemia type V	mixed hyperlipemia	mixed
GARD:0006704	hyperlipoproteinemia type V	mixed hyperlipemia	hyperlipemia
GARD:0006710	hyperprolinemia type 2	hyperprolinemia, type 2	type
GARD:0006710	hyperprolinemia type 2	type 2 hyperprolinemia	type
GARD:0006725	hypocomplementemic urticarial vasculitis	McDuffie syndrome	syndrome
GARD:0006729	hypokalemic periodic paralysis	Westphall disease	disease
GARD:0006731	dilution, pigmentary	albinism, partial	albinism
GARD:0006731	dilution, pigmentary	albinism, partial	partial
GARD:0006731	dilution, pigmentary	hypomelanotic disorder	disorder
GARD:0006734	hypophosphatasia	hypophosphatasia mild	mild
GARD:0006734	hypophosphatasia	childhood hypophosphatasia	childhood
GARD:0006734	hypophosphatasia	hypophospatasia, childhood	childhood
GARD:0006734	hypophosphatasia	Rathburn disease	disease
GARD:0006749	mucolipidosis type ii	Leroy disease	disease
GARD:0006752	ichthyosis vulgaris	common ichthyosis	common
GARD:0006752	ichthyosis vulgaris	common ichthyosis	ichthyosis
GARD:0006760	idiopathic juvenile osteoporosis	osteoporosis, juvenile	osteoporosis
GARD:0006760	idiopathic juvenile osteoporosis	osteoporosis, juvenile	juvenile
GARD:0006760	idiopathic juvenile osteoporosis	Paediatric osteoporosis	osteoporosis
GARD:0006760	idiopathic juvenile osteoporosis	idiopathic osteoporosis	idiopathic
GARD:0006760	idiopathic juvenile osteoporosis	idiopathic osteoporosis	osteoporosis
GARD:0006760	idiopathic juvenile osteoporosis	juvenile osteoporosis	juvenile
GARD:0006760	idiopathic juvenile osteoporosis	juvenile osteoporosis	osteoporosis
GARD:0006760	idiopathic juvenile osteoporosis	Pediatric osteoporosis	pediatric
GARD:0006760	idiopathic juvenile osteoporosis	Pediatric osteoporosis	osteoporosis
GARD:0006763	pulmonary hemosiderosis	pulmonary siderosis	pulmonary
GARD:0006763	pulmonary hemosiderosis	pulmonary siderosis	siderosis
GARD:0006763	pulmonary hemosiderosis	brown induration	brown
GARD:0006763	pulmonary hemosiderosis	brown induration	induration
GARD:0006763	pulmonary hemosiderosis	brown lung	brown
GARD:0006763	pulmonary hemosiderosis	brown lung	lung
GARD:0006763	pulmonary hemosiderosis	siderosis	siderosis
GARD:0006768	thrombocytopenia due to immune destruction	immune thrombocytopenia	immune
GARD:0006768	thrombocytopenia due to immune destruction	immune thrombocytopenia	thrombocytopenia
GARD:0006769	imperforate anus	anal stenosis	anal
GARD:0006769	imperforate anus	anal stenosis	stenosis
GARD:0006769	imperforate anus	anorectal malformations	anorectal
GARD:0006769	imperforate anus	anus, imperforate	anus
GARD:0006769	imperforate anus	anus, imperforate	imperforate
GARD:0006769	imperforate anus	anal atresia	anal
GARD:0006769	imperforate anus	anal atresia	atresia
GARD:0006781	infective arthritis	septic arthritis	septic
GARD:0006781	infective arthritis	septic arthritis	arthritis
GARD:0006784	inflammatory breast carcinoma	mastitis carcinomatosa	mastitis
GARD:0006789	intestinal pseudo-obstruction	intestinal pseudoobstruction	intestinal
GARD:0006789	intestinal pseudo-obstruction	intestine pseudoobstruction	intestine
GARD:0006793	Isaac syndrome	acquired neuromyotonia	acquired
GARD:0006793	Isaac syndrome	Isaacs' syndrome	syndrome
GARD:0006795	right atrial isomerism	asplenia syndrome	syndrome
GARD:0006795	right atrial isomerism	polysplenia syndrome	syndrome
GARD:0006795	right atrial isomerism	right isomerism	right
GARD:0006795	right atrial isomerism	right isomerism	isomerism
GARD:0006795	right atrial isomerism	ivemark syndrome	syndrome
GARD:0006797	Japanese encephalitis	Encephalitis, Japanese	encephalitis
GARD:0006797	Japanese encephalitis	Encephalitis, Japanese	japanese
GARD:0006798	autosomal recessive spondylocostal dysostosis	costovertebral dysplasia	costovertebral
GARD:0006798	autosomal recessive spondylocostal dysostosis	costovertebral dysplasia	dysplasia
GARD:0006800	hyper-ige recurrent infection syndrome 1, autosomal dominant	Buckley syndrome	syndrome
GARD:0006801	machado-joseph disease	Azorean disease	disease
GARD:0006801	machado-joseph disease	spinocerebellar atrophy 3	spinocerebellar
GARD:0006801	machado-joseph disease	spinocerebellar atrophy 3	atrophy
GARD:0006801	machado-joseph disease	Nigrospinodentatal Degeneration	degeneration
GARD:0006801	machado-joseph disease	Spinopontine atrophy	atrophy
GARD:0006801	machado-joseph disease	Machado disease	disease
GARD:0006801	machado-joseph disease	spinocerebellar ataxia 3	spinocerebellar
GARD:0006801	machado-joseph disease	spinocerebellar ataxia 3	ataxia
GARD:0006805	juvenile dermatomyositis	juvenile myositis	juvenile
GARD:0006805	juvenile dermatomyositis	juvenile myositis	myositis
GARD:0006805	juvenile dermatomyositis	childhood dermatomyositis	childhood
GARD:0006805	juvenile dermatomyositis	myositis	myositis
GARD:0006805	juvenile dermatomyositis	myoseptum inflammation	myoseptum
GARD:0006805	juvenile dermatomyositis	myoseptum inflammation	inflammation
GARD:0006808	juvenile myoclonic epilepsy	Janz syndrome	syndrome
GARD:0006814	Kaposi's sarcoma	human herpesvirus 8	human
GARD:0006814	Kaposi's sarcoma	Kaposi sarcoma	sarcoma
GARD:0006816	mucocutaneous lymph node syndrome	infantile polyarteritis	infantile
GARD:0006816	mucocutaneous lymph node syndrome	infantile polyarteritis	polyarteritis
GARD:0006816	mucocutaneous lymph node syndrome	Kawasaki syndrome	syndrome
GARD:0006816	mucocutaneous lymph node syndrome	Kawasaki disease	disease
GARD:0006817	kearns-sayre syndrome	oculocraniosomatic syndrome	syndrome
GARD:0006817	kearns-sayre syndrome	mitochondrial Cytopathy	mitochondrial
GARD:0006830	bilirubin encephalopathy	hyperbilirubinemic encephalopathy	encephalopathy
GARD:0006834	Kikuchi-Fujimoto disease	Kikuchi disease	disease
GARD:0006835	Kimura disease	eosinophilic lymphofolliculosis	eosinophilic
GARD:0006835	Kimura disease	eosinophilic lymphogranuloma	eosinophilic
GARD:0006835	Kimura disease	eosinophilic lymphogranuloma	lymphogranuloma
GARD:0006842	osteochondritis of tarsal/metatarsal bone	Kohler disease	disease
GARD:0006842	osteochondritis of tarsal/metatarsal bone	navicular Osteochondrosis	navicular
GARD:0006844	Krabbe disease	galactocerebrosidase deficiency	deficiency
GARD:0006844	Krabbe disease	galactosylceramidase deficiency	deficiency
GARD:0006848	LADD syndrome	lacrimoauriculodentodigital syndrome	syndrome
GARD:0006848	LADD syndrome	Lacrimoauriculoradiodental syndrome	syndrome
GARD:0006848	LADD syndrome	lard syndrome	lard
GARD:0006848	LADD syndrome	lard syndrome	syndrome
GARD:0006858	Langerhans cell histiocytosis	histiocytosis X	x
GARD:0006859	Laron syndrome	pituitary dwarfism 2	pituitary
GARD:0006859	Laron syndrome	pituitary dwarfism 2	dwarfism
GARD:0006859	Laron syndrome	Laron dwarfism	dwarfism
GARD:0006862	laryngeal carcinoma	larynx carcinoma	larynx
GARD:0006862	laryngeal carcinoma	larynx carcinoma	carcinoma
GARD:0006862	laryngeal carcinoma	laryngeal cancer	laryngeal
GARD:0006862	laryngeal carcinoma	laryngeal cancer	cancer
GARD:0006865	congenital laryngomalacia	laryngomalacia congenital	congenital
GARD:0006873	plantar fibromatosis	Lederhose disease	disease
GARD:0006874	legg-calve-perthes disease	Perthes disease	disease
GARD:0006874	legg-calve-perthes disease	coxa plana	coxa
GARD:0006874	legg-calve-perthes disease	osteochondritis deformans	osteochondritis
GARD:0006877	Leigh syndrome	Leigh disease	leigh
GARD:0006877	Leigh syndrome	Leigh disease	disease
GARD:0006878	erythroderma desquamativum	Leiner disease	disease
GARD:0006880	leiomyosarcoma	leiomyosarcoma, malignant	leiomyosarcoma
GARD:0006880	leiomyosarcoma	leiomyosarcoma, malignant	malignant
GARD:0006882	Lemierre syndrome	postanginal sepsis	sepsis
GARD:0006882	Lemierre syndrome	human necrobacillosis	human
GARD:0006882	Lemierre syndrome	human necrobacillosis	necrobacillosis
GARD:0006882	Lemierre syndrome	necrobacillosis	necrobacillosis
GARD:0006886	leprosy	Hansen disease	disease
GARD:0006892	aleukemic leukemia cutis	leukemia subleukemic	leukemia
GARD:0006893	leukocyte adhesion deficiency 1	lad 1	lad
GARD:0006913	liposarcoma	lip sarcoma	lip
GARD:0006913	liposarcoma	lip sarcoma	sarcoma
GARD:0006913	liposarcoma	liposarcoma, malignant	liposarcoma
GARD:0006913	liposarcoma	liposarcoma, malignant	malignant
GARD:0006914	lissencephaly type 1 due to doublecortin gene mutation	Dc syndrome	syndrome
GARD:0006915	listeriosis	Listeria infection	listeria
GARD:0006915	listeriosis	Listeria infection	infection
GARD:0006919	locked-in syndrome	Cerebromedullospinal disconnection	disconnection
GARD:0006940	Jessner lymphocytic infiltration of the skin	Jessner disease	disease
GARD:0006941	vasculitis, lymphocytic, nodular	lymphocytic vasculitis	lymphocytic
GARD:0006941	vasculitis, lymphocytic, nodular	lymphocytic vasculitis	vasculitis
GARD:0006946	lymphosarcoma	diffuse lymphoma	diffuse
GARD:0006946	lymphosarcoma	diffuse lymphoma	lymphoma
GARD:0006957	multiple symmetric lipomatosis	cephalothoracic lipodystrophy	cephalothoracic
GARD:0006957	multiple symmetric lipomatosis	cephalothoracic lipodystrophy	lipodystrophy
GARD:0006957	multiple symmetric lipomatosis	lipodystrophy, cephalothoracic	lipodystrophy
GARD:0006957	multiple symmetric lipomatosis	lipodystrophy, cephalothoracic	cephalothoracic
GARD:0006957	multiple symmetric lipomatosis	Madelung disease	disease
GARD:0006958	Maffucci syndrome	Chondroplasia angiomatosis	angiomatosis
GARD:0006958	Maffucci syndrome	hemangiomatosis Chondrodystrophica	hemangiomatosis
GARD:0006958	Maffucci syndrome	Kast syndrome	syndrome
GARD:0006959	mal de Debarquement	disembarkment syndrome	disembarkment
GARD:0006959	mal de Debarquement	disembarkment syndrome	syndrome
GARD:0006963	undifferentiated pleomorphic sarcoma	malignant fibroxanthoma	malignant
GARD:0006964	malignant hyperthermia of anesthesia	malignant hyperpyrexia	malignant
GARD:0006964	malignant hyperthermia of anesthesia	malignant hyperpyrexia	hyperpyrexia
GARD:0006964	malignant hyperthermia of anesthesia	malignant hyperthermia	malignant
GARD:0006964	malignant hyperthermia of anesthesia	malignant hyperthermia	hyperthermia
GARD:0006966	carcinosarcoma	carcinosarcoma, malignant	carcinosarcoma
GARD:0006966	carcinosarcoma	carcinosarcoma, malignant	malignant
GARD:0006972	jaw-winking syndrome	Maxillopalpebral synkinesis	synkinesis
GARD:0006986	masa syndrome	spastic paraplegia 1	spastic
GARD:0006986	masa syndrome	spastic paraplegia 1	paraplegia
GARD:0006987	mastocytosis	urticaria pigmentosa	urticaria
GARD:0006992	binder syndrome	maxillonasal dysplasia	dysplasia
GARD:0007004	medullary thyroid gland carcinoma	medullary carcinoma	medullary
GARD:0007004	medullary thyroid gland carcinoma	medullary carcinoma	carcinoma
GARD:0007005	medulloblastoma	brain medulloblastoma	brain
GARD:0007005	medulloblastoma	medulloblastoma, somatic	somatic
GARD:0007005	medulloblastoma	cerebellar medulloblastoma	cerebellar
GARD:0007005	medulloblastoma	medulloblastoma, malignant	malignant
GARD:0007008	blepharospasm-oromandibular dystonia syndrome	Brueghel syndrome	syndrome
GARD:0007008	blepharospasm-oromandibular dystonia syndrome	meige syndrome	syndrome
GARD:0007010	melkersson-rosenthal syndrome	cheilitis Granulomatosa	cheilitis
GARD:0007010	melkersson-rosenthal syndrome	Melkersson syndrome	syndrome
GARD:0007015	meningioma	meningeal neoplasm	meningeal
GARD:0007015	meningioma	meningeal neoplasm	neoplasm
GARD:0007015	meningioma	meningioma (disease)	disease
GARD:0007015	meningioma	intracranial meningioma	intracranial
GARD:0007021	mercury poisoning	hydrargyria	hydrargyria
GARD:0007021	mercury poisoning	mercurialism	mercurialism
GARD:0007021	mercury poisoning	Mercury toxicity	mercury
GARD:0007021	mercury poisoning	Mercury toxicity	toxicity
GARD:0007021	mercury poisoning	Mercury intoxication	mercury
GARD:0007021	mercury poisoning	Mercury intoxication	intoxication
GARD:0007026	malignant mesothelioma	mesothelioma, somatic	somatic
GARD:0007026	malignant mesothelioma	mesothelioma, malignant	malignant
GARD:0007033	methylmalonic acidemia	methylmalonic aciduria	methylmalonic
GARD:0007035	hereditary multiple osteochondromas	multiple exostoses	multiple
GARD:0007035	hereditary multiple osteochondromas	multiple ostechondromas	multiple
GARD:0007035	hereditary multiple osteochondromas	osteochondromatosis syndrome	syndrome
GARD:0007035	hereditary multiple osteochondromas	exostoses, multiple	multiple
GARD:0007039	microvillus inclusion disease	Davidson disease	disease
GARD:0007041	extranodal nasal nk/t cell lymphoma	reticulosis, malignant	malignant
GARD:0007043	IgG4-related dacryoadenitis and sialadenitis	Mikulicz disease	disease
GARD:0007051	mixed connective tissue disease	sharp syndrome	sharp
GARD:0007051	mixed connective tissue disease	sharp syndrome	syndrome
GARD:0007058	localized scleroderma	circumscribed scleroderma	circumscribed
GARD:0007058	localized scleroderma	circumscribed scleroderma	scleroderma
GARD:0007058	localized scleroderma	localised morphea	morphea
GARD:0007058	localized scleroderma	Scleroderma, localized	scleroderma
GARD:0007058	localized scleroderma	morphea	morphea
GARD:0007058	localized scleroderma	localized morphea	morphea
GARD:0007058	localized scleroderma	Scleroderma, localised	scleroderma
GARD:0007060	chromosome 16 trisomy	mosaic trisomy 16	mosaic
GARD:0007060	chromosome 16 trisomy	mosaic trisomy 16	trisomy
GARD:0007060	chromosome 16 trisomy	trisomy 16	trisomy
GARD:0007060	chromosome 16 trisomy	trisomy chromosome 16	trisomy
GARD:0007060	chromosome 16 trisomy	trisomy chromosome 16	chromosome
GARD:0007071	mucopolysaccharidosis type 3a	Sanfilippo A	a
GARD:0007071	mucopolysaccharidosis type 3a	sulfamidase deficiency	deficiency
GARD:0007072	mucopolysaccharidosis type 3b	Sanfilippo B	b
GARD:0007073	mucopolysaccharidosis type 3c	Sanfilippo C	c
GARD:0007074	mucopolysaccharidosis type 3d	Sanfilippo D	d
GARD:0007079	multiple system atrophy	hypotension, orthostatic	hypotension
GARD:0007079	multiple system atrophy	hypotension, orthostatic	orthostatic
GARD:0007079	multiple system atrophy	multisystem atrophy	atrophy
GARD:0007095	mucopolysaccharidosis type 6	arsb deficiency	deficiency
GARD:0007096	mucopolysaccharidosis type 7	Gus deficiency	gus
GARD:0007096	mucopolysaccharidosis type 7	Gus deficiency	deficiency
GARD:0007096	mucopolysaccharidosis type 7	Sly syndrome	sly
GARD:0007096	mucopolysaccharidosis type 7	Sly syndrome	syndrome
GARD:0007096	mucopolysaccharidosis type 7	gusb deficiency	deficiency
GARD:0007096	mucopolysaccharidosis type 7	Sly disease	sly
GARD:0007096	mucopolysaccharidosis type 7	Sly disease	disease
GARD:0007096	mucopolysaccharidosis type 7	mucopolysaccharidosis, type 7	type
GARD:0007103	multicentric reticulohistiocytosis	lipoid dermatoarthritis	lipoid
GARD:0007108	plasma cell myeloma	Kahler disease	disease
GARD:0007108	plasma cell myeloma	myeloma - multiple	myeloma
GARD:0007108	plasma cell myeloma	myeloma - multiple	multiple
GARD:0007108	plasma cell myeloma	medullary plasmacytoma	medullary
GARD:0007108	plasma cell myeloma	myelomatosis	myelomatosis
GARD:0007108	plasma cell myeloma	multiple myeloma	multiple
GARD:0007108	plasma cell myeloma	multiple myeloma	myeloma
GARD:0007108	plasma cell myeloma	Al amyloidosis	al
GARD:0007108	plasma cell myeloma	Al amyloidosis	amyloidosis
GARD:0007108	plasma cell myeloma	amyloidosis, systemic	amyloidosis
GARD:0007108	plasma cell myeloma	amyloidosis, systemic	systemic
GARD:0007108	plasma cell myeloma	myeloma	myeloma
GARD:0007108	plasma cell myeloma	myeloma, multiple	myeloma
GARD:0007108	plasma cell myeloma	myeloma, multiple	multiple
GARD:0007111	autosomal recessive multiple pterygium syndrome	Escobar syndrome	syndrome
GARD:0007111	autosomal recessive multiple pterygium syndrome	pterygium syndrome	pterygium
GARD:0007111	autosomal recessive multiple pterygium syndrome	pterygium syndrome	syndrome
GARD:0007111	autosomal recessive multiple pterygium syndrome	pterygium universale	pterygium
GARD:0007122	myasthenia gravis	acquired myasthenia	acquired
GARD:0007122	myasthenia gravis	acquired myasthenia	myasthenia
GARD:0007125	Mycoplasma pneumoniae pneumonia	Mycoplasmal pneumonia	pneumonia
GARD:0007125	Mycoplasma pneumoniae pneumonia	Mycoplasma pneumonia	pneumonia
GARD:0007132	myelodysplastic syndrome	dysmyelopoietic syndrome	syndrome
GARD:0007132	myelodysplastic syndrome	myelodysplastic neoplasm	neoplasm
GARD:0007132	myelodysplastic syndrome	oligoblastic leukemia	leukemia
GARD:0007132	myelodysplastic syndrome	smoldering leukemia	leukemia
GARD:0007137	myocarditis	myocardial inflammation	myocardial
GARD:0007137	myocarditis	myocardial inflammation	inflammation
GARD:0007137	myocarditis	myocardium inflammation	myocardium
GARD:0007137	myocarditis	myocardium inflammation	inflammation
GARD:0007139	myoclonus-dystonia syndrome	myoclonic dystonia	myoclonic
GARD:0007139	myoclonus-dystonia syndrome	dystonia 11, myoclonic	myoclonic
GARD:0007144	merrf syndrome	Fukuhara syndrome	syndrome
GARD:0007146	inflammatory myofibroblastic tumor	inflammatory fibrosarcoma	inflammatory
GARD:0007146	inflammatory myofibroblastic tumor	inflammatory fibrosarcoma	fibrosarcoma
GARD:0007146	inflammatory myofibroblastic tumor	inflammatory pseudotumor	inflammatory
GARD:0007158	hyperammonemia due to n-acetylglutamate synthase deficiency	nags deficiency	deficiency
GARD:0007160	nail-patella syndrome	hereditary onychoostedysplasia	hereditary
GARD:0007160	nail-patella syndrome	Fong disease	disease
GARD:0007162	narcolepsy-cataplexy syndrome	Gelineau disease	disease
GARD:0007162	narcolepsy-cataplexy syndrome	Gelineau syndrome	syndrome
GARD:0007162	narcolepsy-cataplexy syndrome	narcoleptic syndrome	narcoleptic
GARD:0007162	narcolepsy-cataplexy syndrome	narcoleptic syndrome	syndrome
GARD:0007162	narcolepsy-cataplexy syndrome	narcolepsy type 1	narcolepsy
GARD:0007162	narcolepsy-cataplexy syndrome	narcolepsy type 1	type
GARD:0007163	nasopharyngeal carcinoma	nasopharynx carcinoma	nasopharynx
GARD:0007163	nasopharyngeal carcinoma	nasopharynx carcinoma	carcinoma
GARD:0007163	nasopharyngeal carcinoma	nasopharyngeal cancer	nasopharyngeal
GARD:0007163	nasopharyngeal carcinoma	nasopharyngeal cancer	cancer
GARD:0007166	nevoid basal cell carcinoma syndrome	Gorlin syndrome	gorlin
GARD:0007166	nevoid basal cell carcinoma syndrome	Gorlin syndrome	syndrome
GARD:0007170	Nelson syndrome	dermal Ridges	dermal
GARD:0007172	neonatal hemochromatosis	hemochromatosis neonatal	hemochromatosis
GARD:0007172	neonatal hemochromatosis	hemochromatosis neonatal	neonatal
GARD:0007172	neonatal hemochromatosis	hemochromatosis, neonatal	hemochromatosis
GARD:0007172	neonatal hemochromatosis	hemochromatosis, neonatal	neonatal
GARD:0007172	neonatal hemochromatosis	neonatal Hepatitis	neonatal
GARD:0007172	neonatal hemochromatosis	neonatal Hepatitis	hepatitis
GARD:0007182	Netherton syndrome	neth	neth
GARD:0007182	Netherton syndrome	Netherton disease	disease
GARD:0007183	sialidosis type 2	Neug deficiency	deficiency
GARD:0007183	sialidosis type 2	mucolipidosis I	i
GARD:0007183	sialidosis type 2	neuraminidase 1 deficiency	deficiency
GARD:0007183	sialidosis type 2	neuraminidase deficiency	deficiency
GARD:0007183	sialidosis type 2	sialidosis, type 1	type
GARD:0007183	sialidosis type 2	sialidase deficiency	deficiency
GARD:0007183	sialidosis type 2	mucolipidosis type 1	type
GARD:0007183	sialidosis type 2	Neu deficiency	deficiency
GARD:0007183	sialidosis type 2	sialidosis, type 2	type
GARD:0007185	neuroblastoma	neuroblastoma, malignant	neuroblastoma
GARD:0007185	neuroblastoma	neuroblastoma, malignant	malignant
GARD:0007186	neurocutaneous melanocytosis	melanosis, neurocutaneous	melanosis
GARD:0007186	neurocutaneous melanocytosis	neurocutaneous melanosis	melanosis
GARD:0007190	Alzheimer disease without neurofibrillary tangles	Alzheimer disease 15	disease
GARD:0007191	neurofibroma	neurofibroma, benign	neurofibroma
GARD:0007191	neurofibroma	neurofibroma, benign	benign
GARD:0007193	NF2-related schwannomatosis	acoustic neurofibromatosis	acoustic
GARD:0007193	NF2-related schwannomatosis	acoustic neurofibromatosis	neurofibromatosis
GARD:0007193	NF2-related schwannomatosis	neurofibromatosis 2	neurofibromatosis
GARD:0007193	NF2-related schwannomatosis	central neurofibromatosis	central
GARD:0007193	NF2-related schwannomatosis	central neurofibromatosis	neurofibromatosis
GARD:0007193	NF2-related schwannomatosis	neurofibromatosis type 2	neurofibromatosis
GARD:0007193	NF2-related schwannomatosis	neurofibromatosis type 2	type
GARD:0007193	NF2-related schwannomatosis	neurofibromatosis, type 2	neurofibromatosis
GARD:0007193	NF2-related schwannomatosis	neurofibromatosis, type 2	type
GARD:0007193	NF2-related schwannomatosis	vestibular schwannomatosis	vestibular
GARD:0007199	toxic encephalopathy	neurotoxicity syndrome	syndrome
GARD:0007201	Nezelof syndrome	thymic aplasia	thymic
GARD:0007201	Nezelof syndrome	thymic aplasia	aplasia
GARD:0007206	Niemann-Pick disease type A	sphingomyelin lipidosis	sphingomyelin
GARD:0007206	Niemann-Pick disease type A	sphingomyelinase deficiency	deficiency
GARD:0007210	nocardiosis	Nocardia infection	nocardia
GARD:0007210	nocardiosis	Nocardia infection	infection
GARD:0007210	nocardiosis	lung nocardiosis	lung
GARD:0007210	nocardiosis	lung nocardiosis	nocardiosis
GARD:0007223	Noonan syndrome 1	Noonan syndrome	syndrome
GARD:0007224	Norrie disease	Norrie syndrome	syndrome
GARD:0007224	Norrie disease	pseudoglioma	pseudoglioma
GARD:0007224	Norrie disease	Episkopi blindness	blindness
GARD:0007231	ochronosis disorder	ochronosis	ochronosis
GARD:0007236	ocular melanoma	eye melanoma	eye
GARD:0007236	ocular melanoma	eye melanoma	melanoma
GARD:0007239	oculodentodigital dysplasia	odd syndrome	odd
GARD:0007239	oculodentodigital dysplasia	odd syndrome	syndrome
GARD:0007239	oculodentodigital dysplasia	oculodentodigital syndrome	syndrome
GARD:0007239	oculodentodigital dysplasia	oculodentoosseous dysplasia	dysplasia
GARD:0007251	Ollier disease	multiple enchondromatosis	multiple
GARD:0007251	Ollier disease	enchondromatosis, multiple	multiple
GARD:0007252	onchocerciasis	onchocercosis	onchocercosis
GARD:0007252	onchocerciasis	River blindness	river
GARD:0007252	onchocerciasis	River blindness	blindness
GARD:0007252	onchocerciasis	Robles' disease	disease
GARD:0007284	bone osteosarcoma	osteosarcoma, somatic	osteosarcoma
GARD:0007284	bone osteosarcoma	osteosarcoma, somatic	somatic
GARD:0007286	osteomyelitis	osteomyelitis (disease)	osteomyelitis
GARD:0007286	osteomyelitis	osteomyelitis (disease)	disease
GARD:0007295	ovarian cancer	ovarian neoplasm	ovarian
GARD:0007295	ovarian cancer	ovarian neoplasm	neoplasm
GARD:0007295	ovarian cancer	ovary cancer	ovary
GARD:0007295	ovarian cancer	ovary cancer	cancer
GARD:0007295	ovarian cancer	ovary neoplasm	ovary
GARD:0007295	ovarian cancer	ovary neoplasm	neoplasm
GARD:0007296	ovarian carcinosarcoma	ovary carcinosarcoma	ovary
GARD:0007296	ovarian carcinosarcoma	ovary carcinosarcoma	carcinosarcoma
GARD:0007321	localized lichen myxedematosus	papular mucinosis	papular
GARD:0007323	paracoccidioidomycosis	lobo disease	lobo
GARD:0007323	paracoccidioidomycosis	lobo disease	disease
GARD:0007323	paracoccidioidomycosis	paracoccidioidal mycosis	mycosis
GARD:0007323	paracoccidioidomycosis	Paracoccidioidal granuloma	granuloma
GARD:0007324	paragangliomas 1	paragangliomas, familial, 1	familial
GARD:0007324	paragangliomas 1	paragangliomas type 1	type
GARD:0007325	paramyotonia congenita of von eulenburg	Eulenburg disease	disease
GARD:0007325	paramyotonia congenita of von eulenburg	paramyotonia congenita	paramyotonia
GARD:0007329	parathyroid gland carcinoma	parathyroid cancer	parathyroid
GARD:0007329	parathyroid gland carcinoma	parathyroid cancer	cancer
GARD:0007329	parathyroid gland carcinoma	parathyroid carcinoma	parathyroid
GARD:0007329	parathyroid gland carcinoma	parathyroid carcinoma	carcinoma
GARD:0007329	parathyroid gland carcinoma	parathyroid adenocarcinoma	parathyroid
GARD:0007329	parathyroid gland carcinoma	parathyroid adenocarcinoma	adenocarcinoma
GARD:0007329	parathyroid gland carcinoma	parathyroid neoplasm	parathyroid
GARD:0007329	parathyroid gland carcinoma	parathyroid neoplasm	neoplasm
GARD:0007337	paroxysmal nocturnal hemoglobinuria	paroxysmal hemoglobinuria	paroxysmal
GARD:0007337	paroxysmal nocturnal hemoglobinuria	paroxysmal hemoglobinuria	hemoglobinuria
GARD:0007338	facial hemiatrophy	hemifacial atrophy	hemifacial
GARD:0007338	facial hemiatrophy	hemifacial atrophy	atrophy
GARD:0007338	facial hemiatrophy	Romberg syndrome	syndrome
GARD:0007339	pars planitis	posterior cyclitis	posterior
GARD:0007339	pars planitis	posterior cyclitis	cyclitis
GARD:0007341	trisomy 13	Patau syndrome	syndrome
GARD:0007341	trisomy 13	Trisomy 13 Syndrome	trisomy
GARD:0007341	trisomy 13	Trisomy 13 Syndrome	syndrome
GARD:0007341	trisomy 13	trisomy type 13	trisomy
GARD:0007341	trisomy 13	trisomy type 13	type
GARD:0007347	peeling skin syndrome	deciduous skin	deciduous
GARD:0007347	peeling skin syndrome	deciduous skin	skin
GARD:0007353	pemphigus and fogo selvagem	Brazilian pemphigus	brazilian
GARD:0007353	pemphigus and fogo selvagem	Brazilian pemphigus	pemphigus
GARD:0007353	pemphigus and fogo selvagem	fogo selvagem	fogo
GARD:0007353	pemphigus and fogo selvagem	wildfire pemphigus	wildfire
GARD:0007353	pemphigus and fogo selvagem	wildfire pemphigus	pemphigus
GARD:0007353	pemphigus and fogo selvagem	wild fire	wild
GARD:0007353	pemphigus and fogo selvagem	wild fire	fire
GARD:0007359	pentalogy of cantrell	Cantrell deformity	deformity
GARD:0007359	pentalogy of cantrell	thoracoabdominal syndrome	thoracoabdominal
GARD:0007359	pentalogy of cantrell	thoracoabdominal syndrome	syndrome
GARD:0007359	pentalogy of cantrell	Cantrell pentalogy	pentalogy
GARD:0007359	pentalogy of cantrell	Cantrell syndrome	syndrome
GARD:0007360	polyarteritis nodosa	panarteritis nodosa	panarteritis
GARD:0007360	polyarteritis nodosa	periarteritis	periarteritis
GARD:0007360	polyarteritis nodosa	periarteritis nodosa	periarteritis
GARD:0007360	polyarteritis nodosa	polyarteritis	polyarteritis
GARD:0007378	peutz-jeghers syndrome	lentiginosis, perioral	perioral
GARD:0007380	Pfeiffer syndrome	acrocephalosyndactyly type 5	type
GARD:0007380	Pfeiffer syndrome	acrocephalosyndactyly, type 5	type
GARD:0007380	Pfeiffer syndrome	Noack syndrome	syndrome
GARD:0007381	Liddle syndrome	pseudohyperaldosteronism type 1	type
GARD:0007383	phenylketonuria	phenylketonuria, maternal	maternal
GARD:0007383	phenylketonuria	phenylpyruvic oligophrenia	oligophrenia
GARD:0007383	phenylketonuria	oligophrenia phenylpyruvica	oligophrenia
GARD:0007387	roberts-sc phocomelia syndrome	pseudothalidomide syndrome	syndrome
GARD:0007387	roberts-sc phocomelia syndrome	Roberts syndrome	syndrome
GARD:0007396	tenosynovial giant cell tumor, diffuse type	villonodular synovitis	synovitis
GARD:0007396	tenosynovial giant cell tumor, diffuse type	villous tenosynovitis	villous
GARD:0007397	pinta disease	pinta	pinta
GARD:0007397	pinta disease	Tina	tina
GARD:0007397	pinta disease	Lota	lota
GARD:0007399	isolated growth hormone deficiency type ia	pituitary dwarfism 1	pituitary
GARD:0007399	isolated growth hormone deficiency type ia	pituitary dwarfism 1	dwarfism
GARD:0007399	isolated growth hormone deficiency type ia	primordial dwarfism	primordial
GARD:0007399	isolated growth hormone deficiency type ia	primordial dwarfism	dwarfism
GARD:0007411	POEMS syndrome	Takatsuki syndrome	syndrome
GARD:0007411	POEMS syndrome	osteosclerotic myeloma	myeloma
GARD:0007411	POEMS syndrome	polyneuropathy organomegaly	polyneuropathy
GARD:0007412	Poland syndrome	Poland sequence	sequence
GARD:0007412	Poland syndrome	Poland syndactyly	syndactyly
GARD:0007412	Poland syndrome	Poland anomaly	anomaly
GARD:0007413	poliomyelitis	infantile paralysis	infantile
GARD:0007413	poliomyelitis	infantile paralysis	paralysis
GARD:0007413	poliomyelitis	polio	polio
GARD:0007413	poliomyelitis	acute poliomyelitis	acute
GARD:0007413	poliomyelitis	acute poliomyelitis	poliomyelitis
GARD:0007417	relapsing polychondritis	recurrent polychondritis	recurrent
GARD:0007417	relapsing polychondritis	chondromalacia, systemic	chondromalacia
GARD:0007417	relapsing polychondritis	chondromalacia, systemic	systemic
GARD:0007422	acquired polycythemia vera	Vaquez disease	disease
GARD:0007422	acquired polycythemia vera	polycythemia vera	polycythemia
GARD:0007422	acquired polycythemia vera	polycythemia vera	vera
GARD:0007422	acquired polycythemia vera	primary polycythemia	primary
GARD:0007422	acquired polycythemia vera	primary polycythemia	polycythemia
GARD:0007422	acquired polycythemia vera	proliferative polycythaemia	proliferative
GARD:0007459	primary biliary cholangitis	cholestatic cirrhosis	cirrhosis
GARD:0007459	primary biliary cholangitis	Hanot syndrome	syndrome
GARD:0007465	Prinzmetal angina	angina inversa	angina
GARD:0007465	Prinzmetal angina	variant angina	variant
GARD:0007465	Prinzmetal angina	variant angina	angina
GARD:0007467	hutchinson-gilford progeria syndrome	progeria	progeria
GARD:0007473	prolidase deficiency	Peptidase deficiency	peptidase
GARD:0007473	prolidase deficiency	Peptidase deficiency	deficiency
GARD:0007473	prolidase deficiency	Imidodipeptidase deficiency	deficiency
GARD:0007475	Proteus syndrome	Elattoproteus syndrome	syndrome
GARD:0007479	prune belly syndrome	Obrinsky syndrome	syndrome
GARD:0007479	prune belly syndrome	Obrisnksy syndrome	syndrome
GARD:0007479	prune belly syndrome	triad syndrome	triad
GARD:0007479	prune belly syndrome	triad syndrome	syndrome
GARD:0007482	butyrylcholinesterase deficiency	pseudocholinesterase deficiency	deficiency
GARD:0007482	butyrylcholinesterase deficiency	succinylcholine sensitivity	sensitivity
GARD:0007482	butyrylcholinesterase deficiency	apnea, postanesthetic	apnea
GARD:0007482	butyrylcholinesterase deficiency	apnea, postanesthetic	postanesthetic
GARD:0007482	butyrylcholinesterase deficiency	cholinesterase 2 deficiency	cholinesterase
GARD:0007482	butyrylcholinesterase deficiency	cholinesterase 2 deficiency	deficiency
GARD:0007482	butyrylcholinesterase deficiency	Suxamethonium sensitivity	sensitivity
GARD:0007488	pseudomyxoma peritonei	Myxoma peritonei	myxoma
GARD:0007488	pseudomyxoma peritonei	gelatinous ascites	gelatinous
GARD:0007488	pseudomyxoma peritonei	gelatinous ascites	ascites
GARD:0007488	pseudomyxoma peritonei	mucinous ascites	mucinous
GARD:0007488	pseudomyxoma peritonei	mucinous ascites	ascites
GARD:0007492	ornithosis	psittacosis	psittacosis
GARD:0007499	autoimmune pulmonary alveolar proteinosis	Pap, acquired	pap
GARD:0007499	autoimmune pulmonary alveolar proteinosis	Pap, acquired	acquired
GARD:0007512	pyruvate carboxylase deficiency disease	Pc deficiency	deficiency
GARD:0007514	pyruvate kinase deficiency of red cells	pk deficiency	deficiency
GARD:0007515	Q fever	query fever	query
GARD:0007515	Q fever	query fever	fever
GARD:0007515	Q fever	quadrilateral fever	quadrilateral
GARD:0007515	Q fever	quadrilateral fever	fever
GARD:0007516	rabies	lyssa	lyssa
GARD:0007525	geniculate herpes zoster	geniculate neuralgia	geniculate
GARD:0007525	geniculate herpes zoster	geniculate neuralgia	neuralgia
GARD:0007548	familial renal glucosuria	glycosuria, renal	glycosuria
GARD:0007548	familial renal glucosuria	glycosuria, renal	renal
GARD:0007548	familial renal glucosuria	renal diabetes	renal
GARD:0007548	familial renal glucosuria	renal diabetes	diabetes
GARD:0007548	familial renal glucosuria	renal glucosuria	renal
GARD:0007548	familial renal glucosuria	renal glucosuria	glucosuria
GARD:0007548	familial renal glucosuria	renal glycosuria	renal
GARD:0007548	familial renal glucosuria	renal glycosuria	glycosuria
GARD:0007551	renal osteodystrophy	osteodystrophy, renal	osteodystrophy
GARD:0007551	renal osteodystrophy	osteodystrophy, renal	renal
GARD:0007551	renal osteodystrophy	rickets, renal	rickets
GARD:0007551	renal osteodystrophy	rickets, renal	renal
GARD:0007551	renal osteodystrophy	Osteodystrophies, renal	renal
GARD:0007551	renal osteodystrophy	renal Osteodystrophies	renal
GARD:0007551	renal osteodystrophy	renal rickets	renal
GARD:0007551	renal osteodystrophy	renal rickets	rickets
GARD:0007563	retinoblastoma	retinoblastoma, malignant	retinoblastoma
GARD:0007563	retinoblastoma	retinoblastoma, malignant	malignant
GARD:0007572	rhabdoid tumor	rhabdoid cancer	rhabdoid
GARD:0007572	rhabdoid tumor	rhabdoid cancer	cancer
GARD:0007572	rhabdoid tumor	rhabdoid sarcoma	rhabdoid
GARD:0007572	rhabdoid tumor	rhabdoid sarcoma	sarcoma
GARD:0007577	rheumatoid vasculitis	rheumatoid Vasculitides	rheumatoid
GARD:0007577	rheumatoid vasculitis	Vasculitides, rheumatoid	rheumatoid
GARD:0007577	rheumatoid vasculitis	vasculitis, rheumatoid	vasculitis
GARD:0007577	rheumatoid vasculitis	vasculitis, rheumatoid	rheumatoid
GARD:0007578	Richter syndrome	Richter transformation	transformation
GARD:0007581	riley-day syndrome	dysautonomia, familial	familial
GARD:0007581	riley-day syndrome	familial dysautonomia	familial
GARD:0007585	rocky mountain spotted fever	Tobia fever	fever
GARD:0007585	rocky mountain spotted fever	Tick typhus	tick
GARD:0007585	rocky mountain spotted fever	Tick typhus	typhus
GARD:0007585	rocky mountain spotted fever	Brazilian spotted	brazilian
GARD:0007585	rocky mountain spotted fever	Brazilian spotted	spotted
GARD:0007593	rubinstein-taybi syndrome	Rubinstein syndrome	syndrome
GARD:0007597	sacral nerve plexus disorder	sacral plexopathy	sacral
GARD:0007598	saethre-chotzen syndrome	acrocephalosyndactyly, type 3	type
GARD:0007598	saethre-chotzen syndrome	Chotzen syndrome	syndrome
GARD:0007598	saethre-chotzen syndrome	acrocephalosyndactyly type 3	type
GARD:0007607	sarcoidosis	sarcoid	sarcoid
GARD:0007607	sarcoidosis	Boeck sarcoid	sarcoid
GARD:0007609	pigmented purpuric eruption	Schamberg disease	disease
GARD:0007609	pigmented purpuric eruption	Schamberg purpura	purpura
GARD:0007609	pigmented purpuric eruption	pigmented purpura	purpura
GARD:0007611	autoimmune polyendocrinopathy type 2	Schmidt syndrome	syndrome
GARD:0007615	scleromyxedema	mucinosis, papular	papular
GARD:0007615	scleromyxedema	myxedematosus, lichen	lichen
GARD:0007615	scleromyxedema	papular mucinosis	papular
GARD:0007615	scleromyxedema	lichen myxedematosus	lichen
GARD:0007617	kuru	kuru encephalopathy	encephalopathy
GARD:0007629	Sezary syndrome	Sezary disease	disease
GARD:0007629	Sezary syndrome	Sheehan Syndrome	syndrome
GARD:0007629	Sezary syndrome	Sezary lymphoma	lymphoma
GARD:0007630	Sheehan syndrome	postpartum hypopituitarism	hypopituitarism
GARD:0007636	Shwartzman phenomenon	Shwartzman reaction	reaction
GARD:0007647	silicosis	chronic silicosis	chronic
GARD:0007647	silicosis	chronic silicosis	silicosis
GARD:0007647	silicosis	accelerated silicosis	accelerated
GARD:0007647	silicosis	accelerated silicosis	silicosis
GARD:0007647	silicosis	silica pneumoconiosis	silica
GARD:0007647	silicosis	silica pneumoconiosis	pneumoconiosis
GARD:0007647	silicosis	acute silicosis	acute
GARD:0007647	silicosis	acute silicosis	silicosis
GARD:0007647	silicosis	experimental silicosis	experimental
GARD:0007647	silicosis	experimental silicosis	silicosis
GARD:0007647	silicosis	nodular silicosis	nodular
GARD:0007647	silicosis	nodular silicosis	silicosis
GARD:0007650	nasal cavity and paranasal sinus carcinoma	sinonasal carcinoma	carcinoma
GARD:0007652	sirenomelia	mermaid syndrome	mermaid
GARD:0007652	sirenomelia	mermaid syndrome	syndrome
GARD:0007652	sirenomelia	sirenomelia sequence	sequence
GARD:0007652	sirenomelia	symmelia	symmelia
GARD:0007652	sirenomelia	mermaid malformation	mermaid
GARD:0007652	sirenomelia	mermaid malformation	malformation
GARD:0007673	isolated spina bifida	cleft spine	cleft
GARD:0007673	isolated spina bifida	cleft spine	spine
GARD:0007673	isolated spina bifida	open spine	open
GARD:0007673	isolated spina bifida	open spine	spine
GARD:0007683	spleen neoplasm	spleen tumor	spleen
GARD:0007683	spleen neoplasm	spleen tumor	tumor
GARD:0007683	spleen neoplasm	spleen tumour	spleen
GARD:0007683	spleen neoplasm	splenic neoplasm	splenic
GARD:0007683	spleen neoplasm	splenic neoplasm	neoplasm
GARD:0007685	split hand-foot malformation 1	ectrodactyly	ectrodactyly
GARD:0007690	Gerstmann-Straussler-Scheinker syndrome	prion dementia	prion
GARD:0007690	Gerstmann-Straussler-Scheinker syndrome	prion dementia	dementia
GARD:0007693	Sprengel deformity	high scapula	high
GARD:0007693	Sprengel deformity	high scapula	scapula
GARD:0007695	succinic semialdehyde dehydrogenase deficiency	ssadh deficiency	deficiency
GARD:0007704	gastric cancer	stomach cancer	stomach
GARD:0007704	gastric cancer	stomach cancer	cancer
GARD:0007704	gastric cancer	gastric neoplasm	gastric
GARD:0007704	gastric cancer	gastric neoplasm	neoplasm
GARD:0007706	sturge-weber syndrome	encephalofacial angiomatosis	angiomatosis
GARD:0007706	sturge-weber syndrome	encephalotrigeminal syndrome	syndrome
GARD:0007706	sturge-weber syndrome	fourth phacomatosis	fourth
GARD:0007706	sturge-weber syndrome	leptomeningeal angiomatosis	leptomeningeal
GARD:0007706	sturge-weber syndrome	leptomeningeal angiomatosis	angiomatosis
GARD:0007706	sturge-weber syndrome	encephalotrigeminal angiomatosis	angiomatosis
GARD:0007708	subacute sclerosing panencephalitis	Dawson encephalitis	dawson
GARD:0007708	subacute sclerosing panencephalitis	Dawson encephalitis	encephalitis
GARD:0007708	subacute sclerosing panencephalitis	Dawson disease	dawson
GARD:0007708	subacute sclerosing panencephalitis	Dawson disease	disease
GARD:0007712	superior mesenteric artery syndrome	Wilkie syndrome	syndrome
GARD:0007712	superior mesenteric artery syndrome	Cast syndrome	cast
GARD:0007712	superior mesenteric artery syndrome	Cast syndrome	syndrome
GARD:0007721	synovial sarcoma	sarcoma, synovial	sarcoma
GARD:0007721	synovial sarcoma	sarcoma, synovial	synovial
GARD:0007725	syringomyelia	hydromyelia	hydromyelia
GARD:0007730	Takayasu arteritis	Arteritis, Takayasu	arteritis
GARD:0007730	Takayasu arteritis	idiopathic aortitis	idiopathic
GARD:0007730	Takayasu arteritis	idiopathic aortitis	aortitis
GARD:0007730	Takayasu arteritis	pulseless disease	pulseless
GARD:0007730	Takayasu arteritis	pulseless disease	disease
GARD:0007730	Takayasu arteritis	Takayasu disease	disease
GARD:0007731	Tangier disease	cholesterol thesaurismosis	cholesterol
GARD:0007737	tay-sachs disease	hexa deficiency	hexa
GARD:0007737	tay-sachs disease	hexa deficiency	deficiency
GARD:0007743	toxic epidermal necrolysis	toxic epidermolysis	toxic
GARD:0007743	toxic epidermal necrolysis	toxic epidermolysis	epidermolysis
GARD:0007743	toxic epidermal necrolysis	Lyell syndrome	syndrome
GARD:0007754	tetrasomy X	tetra X	tetra
GARD:0007754	tetrasomy X	tetra X	x
GARD:0007754	tetrasomy X	quadruple X	quadruple
GARD:0007754	tetrasomy X	quadruple X	x
GARD:0007777	Tolosa-Hunt syndrome	painful ophthalmoplegia	painful
GARD:0007777	Tolosa-Hunt syndrome	painful ophthalmoplegia	ophthalmoplegia
GARD:0007782	torsion dystonia 7	dystonia 7, torsion	torsion
GARD:0007784	Townes-Brocks syndrome	rear syndrome	rear
GARD:0007784	Townes-Brocks syndrome	rear syndrome	syndrome
GARD:0007784	Townes-Brocks syndrome	Townes syndrome	syndrome
GARD:0007793	transient erythroblastopenia of childhood	erythroblastopenia, transient	transient
GARD:0007794	transitional cell carcinoma	transitional carcinoma	transitional
GARD:0007794	transitional cell carcinoma	transitional carcinoma	carcinoma
GARD:0007795	transposition of the great arteries	complete transposition	complete
GARD:0007795	transposition of the great arteries	complete transposition	transposition
GARD:0007798	Treponema infectious disease	bejel	bejel
GARD:0007798	Treponema infectious disease	infection, Treponemal	infection
GARD:0007798	Treponema infectious disease	Treponemal infection	infection
GARD:0007799	tricho-dento-osseous syndrome	trichodontoosseous syndrome	syndrome
GARD:0007800	trichorhinophalangeal syndrome type I	Giedion syndrome	syndrome
GARD:0007805	trigeminal neuralgia	trifocal neuralgia	trifocal
GARD:0007805	trigeminal neuralgia	trifocal neuralgia	neuralgia
GARD:0007805	trigeminal neuralgia	trifacial neuralgia	trifacial
GARD:0007805	trigeminal neuralgia	trifacial neuralgia	neuralgia
GARD:0007805	trigeminal neuralgia	Tic douloureux	tic
GARD:0007815	mosaic trisomy 6	trisomy 6	trisomy
GARD:0007815	mosaic trisomy 6	trisomy 6 mosaicism	trisomy
GARD:0007815	mosaic trisomy 6	trisomy 6 mosaicism	mosaicism
GARD:0007826	human African trypanosomiasis	African trypanosomiasis	african
GARD:0007826	human African trypanosomiasis	African trypanosomiasis	trypanosomiasis
GARD:0007826	human African trypanosomiasis	sleeping sickness	sleeping
GARD:0007826	human African trypanosomiasis	sleeping sickness	sickness
GARD:0007827	tuberculosis	active tuberculosis	active
GARD:0007827	tuberculosis	active tuberculosis	tuberculosis
GARD:0007827	tuberculosis	Kochs disease	disease
GARD:0007827	tuberculosis	tuberculosis disease	tuberculosis
GARD:0007827	tuberculosis	tuberculosis disease	disease
GARD:0007828	meningeal tuberculosis	Meningitis, Tuberculous	meningitis
GARD:0007828	meningeal tuberculosis	Meningitis, Tuberculous	tuberculous
GARD:0007828	meningeal tuberculosis	tubercular meningitis	tubercular
GARD:0007828	meningeal tuberculosis	tubercular meningitis	meningitis
GARD:0007828	meningeal tuberculosis	tuberculous meningitis	tuberculous
GARD:0007828	meningeal tuberculosis	tuberculous meningitis	meningitis
GARD:0007830	tuberous sclerosis	tuberose sclerosis	tuberose
GARD:0007830	tuberous sclerosis	tuberose sclerosis	sclerosis
GARD:0007830	tuberous sclerosis	Bourneville syndrome	syndrome
GARD:0007830	tuberous sclerosis	Bourneville disease	disease
GARD:0007831	Turner syndrome	karyotype 45, X	karyotype
GARD:0007831	Turner syndrome	karyotype 45, X	x
GARD:0007831	Turner syndrome	monosomy X	x
GARD:0007831	Turner syndrome	gonadal dysgenesis	gonadal
GARD:0007831	Turner syndrome	gonadal dysgenesis	dysgenesis
GARD:0007831	Turner syndrome	45,X syndrome	x
GARD:0007831	Turner syndrome	45,X syndrome	syndrome
GARD:0007831	Turner syndrome	45, X syndrome	x
GARD:0007831	Turner syndrome	45, X syndrome	syndrome
GARD:0007831	Turner syndrome	genital dwarfism	genital
GARD:0007831	Turner syndrome	genital dwarfism	dwarfism
GARD:0007842	cutaneous mastocytosis	mastocytosis, cutaneous	cutaneous
GARD:0007843	Usher syndrome	Hallgren syndrome	syndrome
GARD:0007848	variegate porphyria	porphyria variegata	porphyria
GARD:0007848	variegate porphyria	porphyria variegate	porphyria
GARD:0007848	variegate porphyria	porphyria variegate	variegate
GARD:0007851	cutaneous leukocytoclastic angiitis	leukocytoclastic angiitis	angiitis
GARD:0007851	cutaneous leukocytoclastic angiitis	hypersensitivity angiitis	hypersensitivity
GARD:0007851	cutaneous leukocytoclastic angiitis	hypersensitivity angiitis	angiitis
GARD:0007854	vernal keratoconjunctivitis	Vernal Keratonconjunctivitis	vernal
GARD:0007854	vernal keratoconjunctivitis	Spring catarrh	spring
GARD:0007854	vernal keratoconjunctivitis	Spring catarrh	catarrh
GARD:0007855	von hippel-lindau disease	cerebroretinal angiomatosis	angiomatosis
GARD:0007855	von hippel-lindau disease	Lindau disease	disease
GARD:0007862	Vogt-Koyanagi-Harada disease	uveomeningoencephalitic syndrome	syndrome
GARD:0007862	Vogt-Koyanagi-Harada disease	Uveomenigitic syndrome	syndrome
GARD:0007864	glycogen storage disease due to glucose-6-phosphatase deficiency type ia	hepatorenal glycogenosis	hepatorenal
GARD:0007866	neurofibromatosis type 1	peripheral neurofibromatosis	peripheral
GARD:0007866	neurofibromatosis type 1	peripheral neurofibromatosis	neurofibromatosis
GARD:0007866	neurofibromatosis type 1	neurofibromatosis, type 1	neurofibromatosis
GARD:0007866	neurofibromatosis type 1	neurofibromatosis, type 1	type
GARD:0007866	neurofibromatosis type 1	neurofibromatosis 1	neurofibromatosis
GARD:0007866	neurofibromatosis type 1	neurofibromatosis	neurofibromatosis
GARD:0007866	neurofibromatosis type 1	type 1 neurofibromatosis	type
GARD:0007866	neurofibromatosis type 1	type 1 neurofibromatosis	neurofibromatosis
GARD:0007871	Wagner disease	Wagner syndrome 1	syndrome
GARD:0007871	Wagner disease	erosive vitreoretinopathy	erosive
GARD:0007871	Wagner disease	Wagner syndrome	syndrome
GARD:0007873	primary intestinal lymphangiectasia	lymphangiectasia, intestinal	intestinal
GARD:0007873	primary intestinal lymphangiectasia	Waldmann disease	disease
GARD:0007877	gastric antral vascular ectasia	watermelon stomach	watermelon
GARD:0007877	gastric antral vascular ectasia	watermelon stomach	stomach
GARD:0007881	leptospirosis	leptospirosis icterohaemorrhagica	leptospirosis
GARD:0007881	leptospirosis	canicola fever	canicola
GARD:0007881	leptospirosis	canicola fever	fever
GARD:0007881	leptospirosis	nanukayami fever	fever
GARD:0007881	leptospirosis	Stuttgart disease	disease
GARD:0007881	leptospirosis	swamp fever	swamp
GARD:0007881	leptospirosis	swamp fever	fever
GARD:0007881	leptospirosis	Queensland fever	fever
GARD:0007881	leptospirosis	spirochetal jaundice	spirochetal
GARD:0007881	leptospirosis	spirochetal jaundice	jaundice
GARD:0007881	leptospirosis	harvest fever	harvest
GARD:0007881	leptospirosis	harvest fever	fever
GARD:0007881	leptospirosis	hemorrhagic jaundice	hemorrhagic
GARD:0007881	leptospirosis	hemorrhagic jaundice	jaundice
GARD:0007881	leptospirosis	Icterohemorrhagic fever	fever
GARD:0007881	leptospirosis	mud fever	mud
GARD:0007881	leptospirosis	mud fever	fever
GARD:0007881	leptospirosis	Weil disease	disease
GARD:0007885	Werner syndrome	adult progeria	adult
GARD:0007885	Werner syndrome	adult progeria	progeria
GARD:0007887	West syndrome	infantile spasms	infantile
GARD:0007889	Whipple disease	intestinal lipodystrophy	intestinal
GARD:0007889	Whipple disease	intestinal lipodystrophy	lipodystrophy
GARD:0007890	wieacker-wolff syndrome	Wieacker syndrome	syndrome
GARD:0007892	kidney Wilms tumor	nephroblastoma, malignant	malignant
GARD:0007892	kidney Wilms tumor	adult nephroblastoma	adult
GARD:0007892	kidney Wilms tumor	embryonal nephroma	embryonal
GARD:0007892	kidney Wilms tumor	wilms' tumor	tumor
GARD:0007892	kidney Wilms tumor	Wilms tumor	tumor
GARD:0007893	Wilson disease	Westphal pseudosclerosis	pseudosclerosis
GARD:0007893	Wilson disease	cerebral pseudosclerosis	cerebral
GARD:0007893	Wilson disease	cerebral pseudosclerosis	pseudosclerosis
GARD:0007893	Wilson disease	hepatolenticular degeneration	hepatolenticular
GARD:0007893	Wilson disease	hepatolenticular degeneration	degeneration
GARD:0007895	wiskott-aldrich syndrome	Aldrich syndrome	syndrome
GARD:0007895	wiskott-aldrich syndrome	Wiskott syndrome	syndrome
GARD:0007896	wolf-hirschhorn syndrome	Pitt syndrome	syndrome
GARD:0007896	wolf-hirschhorn syndrome	Wolf syndrome	wolf
GARD:0007896	wolf-hirschhorn syndrome	Wolf syndrome	syndrome
GARD:0007896	wolf-hirschhorn syndrome	Wittwer syndrome	syndrome
GARD:0007899	Wolman disease	familial xanthomatosis	familial
GARD:0007899	Wolman disease	familial xanthomatosis	xanthomatosis
GARD:0007899	Wolman disease	Wolman xanthomatosis	xanthomatosis
GARD:0007899	Wolman disease	xanthomatosis, familial	xanthomatosis
GARD:0007899	Wolman disease	xanthomatosis, familial	familial
GARD:0007906	X-linked lymphoproliferative disease due to SH2D1A deficiency	Duncan disease	duncan
GARD:0007906	X-linked lymphoproliferative disease due to SH2D1A deficiency	Duncan disease	disease
GARD:0007906	X-linked lymphoproliferative disease due to SH2D1A deficiency	Purtilo syndrome	syndrome
GARD:0007910	xeroderma pigmentosum	atrophoderma pigmentosum	atrophoderma
GARD:0007910	xeroderma pigmentosum	Kaposi dermatosis	dermatosis
GARD:0007910	xeroderma pigmentosum	xeroderma pigmentosa	xeroderma
GARD:0007910	xeroderma pigmentosum	Kaposi disease	disease
GARD:0007913	yaws	endemic treponematoses	endemic
GARD:0007913	yaws	frambesia tropica	frambesia
GARD:0007913	yaws	frambesia	frambesia
GARD:0007913	yaws	polypapilloma tropicum	polypapilloma
GARD:0007914	yellow fever	Yellow Jack	yellow
GARD:0007914	yellow fever	Yellow Jack	jack
GARD:0007914	yellow fever	bronze John	bronze
GARD:0007914	yellow fever	bronze John	john
GARD:0007917	Zellweger spectrum disorders	cerebrohepatorenal syndrome	syndrome
GARD:0007917	Zellweger spectrum disorders	Zellweger syndrome	syndrome
GARD:0008157	anthrax infection	anthrax	anthrax
GARD:0008157	anthrax infection	anthrax disease	anthrax
GARD:0008157	anthrax infection	anthrax disease	disease
GARD:0008169	IgG4-related mesenteritis	sclerosing mesenteritis	mesenteritis
GARD:0008169	IgG4-related mesenteritis	mesenteric lipogranuloma	mesenteric
GARD:0008169	IgG4-related mesenteritis	liposclerotic mesenteritis	mesenteritis
GARD:0008169	IgG4-related mesenteritis	mesenteric panniculitis	mesenteric
GARD:0008169	IgG4-related mesenteritis	lipomatous mesenteritis	lipomatous
GARD:0008169	IgG4-related mesenteritis	lipomatous mesenteritis	mesenteritis
GARD:0008173	Achondroplasia	Achondroplastic dwarfism	achondroplastic
GARD:0008173	Achondroplasia	Achondroplastic dwarfism	dwarfism
GARD:0008173	Achondroplasia	chondrodystrophia	chondrodystrophia
GARD:0008173	Achondroplasia	Achondroplastic physique	achondroplastic
GARD:0008173	Achondroplasia	Achondroplastic physique	physique
GARD:0008178	hypotrichosis 7	hypotrichosis type 7	hypotrichosis
GARD:0008178	hypotrichosis 7	hypotrichosis type 7	type
GARD:0008203	Rhabditida infectious disease	Rhabditida infection	infection
GARD:0008203	Rhabditida infectious disease	infection, Rhabditida	infection
GARD:0008204	immunoglobulin a vasculitis	anaphylactoid purpura	anaphylactoid
GARD:0008204	immunoglobulin a vasculitis	anaphylactoid purpura	purpura
GARD:0008204	immunoglobulin a vasculitis	purpura rheumatica	purpura
GARD:0008204	immunoglobulin a vasculitis	autoimmune purpura	purpura
GARD:0008204	immunoglobulin a vasculitis	rheumatoid purpura	rheumatoid
GARD:0008204	immunoglobulin a vasculitis	rheumatoid purpura	purpura
GARD:0008204	immunoglobulin a vasculitis	vascular purpura	vascular
GARD:0008204	immunoglobulin a vasculitis	vascular purpura	purpura
GARD:0008204	immunoglobulin a vasculitis	IgA vasculitis	vasculitis
GARD:0008204	immunoglobulin a vasculitis	allergic purpura	allergic
GARD:0008204	immunoglobulin a vasculitis	allergic purpura	purpura
GARD:0008204	immunoglobulin a vasculitis	purpura, autoimmune	purpura
GARD:0008206	Ambras type hypertrichosis universalis congenita	Ambras syndrome	syndrome
GARD:0008207	pineocytoma	pineocytoma (disease)	disease
GARD:0008207	pineocytoma	pineocytoma, benign	benign
GARD:0008207	pineocytoma	benign pinealoma	benign
GARD:0008207	pineocytoma	benign pinealoma	pinealoma
GARD:0008211	neurofibrosarcoma	neurosarcoma	neurosarcoma
GARD:0008211	neurofibrosarcoma	neurosarcoma [obs]	neurosarcoma
GARD:0008219	large-cell immunoblastic lymphoma	Immunoblastic Sarcoma	sarcoma
GARD:0008219	large-cell immunoblastic lymphoma	Sarcoma, Immunoblastic	sarcoma
GARD:0008219	large-cell immunoblastic lymphoma	Immunoblastic Lymphoma	lymphoma
GARD:0008226	myeloid leukemia	leukaemia myelogenous	myelogenous
GARD:0008226	myeloid leukemia	leukemia granulocytic	leukemia
GARD:0008226	myeloid leukemia	myelocytic leukemia	myelocytic
GARD:0008226	myeloid leukemia	myelocytic leukemia	leukemia
GARD:0008226	myeloid leukemia	leukaemia myeloid	myeloid
GARD:0008226	myeloid leukemia	leukemia myelogenous	leukemia
GARD:0008226	myeloid leukemia	leukemia myelogenous	myelogenous
GARD:0008226	myeloid leukemia	leukemia myeloid	leukemia
GARD:0008226	myeloid leukemia	leukemia myeloid	myeloid
GARD:0008226	myeloid leukemia	myelocytic leukaemia	myelocytic
GARD:0008226	myeloid leukemia	myelogenous leukaemia	myelogenous
GARD:0008226	myeloid leukemia	myelogenous leukemia	myelogenous
GARD:0008226	myeloid leukemia	myelogenous leukemia	leukemia
GARD:0008232	hemangioblastoma	capillary hemangioblastoma	capillary
GARD:0008233	Gaucher disease	glucocerebrosidase deficiency	deficiency
GARD:0008233	Gaucher disease	glucosylceramidase deficiency	deficiency
GARD:0008233	Gaucher disease	kerasin histiocytosis	kerasin
GARD:0008233	Gaucher disease	glocucerebrosidase deficiency	deficiency
GARD:0008233	Gaucher disease	kerasin lipoidosis	kerasin
GARD:0008233	Gaucher disease	kerasin thesaurismosis	kerasin
GARD:0008233	Gaucher disease	Gaucher splenomegaly	splenomegaly
GARD:0008233	Gaucher disease	Gaucher syndrome	syndrome
GARD:0008242	5-nucleotidase syndrome	5'-Nucleotidase syndrome	syndrome
GARD:0008250	aids dementia complex	aids dementia	dementia
GARD:0008257	Kyasanur forest disease	monkey fever	monkey
GARD:0008257	Kyasanur forest disease	monkey fever	fever
GARD:0008257	Kyasanur forest disease	monkey disease	monkey
GARD:0008257	Kyasanur forest disease	monkey disease	disease
GARD:0008259	Plummer-Vinson syndrome	dysphagia sideropenica	dysphagia
GARD:0008259	Plummer-Vinson syndrome	Sideropenic dysphagia	dysphagia
GARD:0008270	muscular pseudohypertrophy-hypothyroidism syndrome	Hoffman syndrome	syndrome
GARD:0008275	keratolytic winter erythema	Oudtshoorn skin	skin
GARD:0008275	keratolytic winter erythema	Oudtshoorn disease	disease
GARD:0008276	de sanctis-cacchione syndrome	xerodermic idiocy	xerodermic
GARD:0008276	de sanctis-cacchione syndrome	xerodermic idiocy	idiocy
GARD:0008278	cataract 40	cataract type 40	cataract
GARD:0008278	cataract 40	cataract type 40	type
GARD:0008282	familial visceral amyloidosis	amyloidosis 8	amyloidosis
GARD:0008282	familial visceral amyloidosis	amyloidosis, renal	amyloidosis
GARD:0008282	familial visceral amyloidosis	amyloidosis, renal	renal
GARD:0008310	myotonic dystrophy type 1	dystrophia myotonica 1	dystrophia
GARD:0008310	myotonic dystrophy type 1	Steinert syndrome	syndrome
GARD:0008310	myotonic dystrophy type 1	Myotonic Dystrophy	myotonic
GARD:0008310	myotonic dystrophy type 1	Myotonic Dystrophy	dystrophy
GARD:0008310	myotonic dystrophy type 1	Steinert disease	disease
GARD:0008310	myotonic dystrophy type 1	myotonic dystrophy 1	myotonic
GARD:0008310	myotonic dystrophy type 1	myotonic dystrophy 1	dystrophy
GARD:0008310	myotonic dystrophy type 1	dystrophia myotonica	dystrophia
GARD:0008329	atelosteogenesis type ii	atelosteogenesis type 2	type
GARD:0008329	atelosteogenesis type ii	atelosteogenesis, type 2	type
GARD:0008337	IgG4-related mediastinitis	fibrosing mediastinitis	mediastinitis
GARD:0008337	IgG4-related mediastinitis	mediastinal fibrosis	mediastinal
GARD:0008337	IgG4-related mediastinitis	mediastinal fibrosis	fibrosis
GARD:0008337	IgG4-related mediastinitis	sclerosing mediastinitis	mediastinitis
GARD:0008338	PHACE syndrome	Phaces association	association
GARD:0008344	ABri amyloidosis	Bri amyloidosis	amyloidosis
GARD:0008345	Quebec platelet disorder	factor 5 Quebec	factor
GARD:0008355	kaolin pneumoconiosis	simple kaolinosis	simple
GARD:0008359	graphite pneumoconiosis	carbon pneumoconiosis	carbon
GARD:0008359	graphite pneumoconiosis	carbon pneumoconiosis	pneumoconiosis
GARD:0008359	graphite pneumoconiosis	graphite fibrosis	graphite
GARD:0008359	graphite pneumoconiosis	graphite fibrosis	fibrosis
GARD:0008360	X-linked intellectual disability-retinitis pigmentosa syndrome	Aldred syndrome	syndrome
GARD:0008372	silicosiderosis	hematite pneumoconiosis	hematite
GARD:0008372	silicosiderosis	hematite pneumoconiosis	pneumoconiosis
GARD:0008374	mixed dust pneumoconiosis	labrador lung	labrador
GARD:0008374	mixed dust pneumoconiosis	labrador lung	lung
GARD:0008380	arterial calcification of infancy	infantile arteriosclerosis	infantile
GARD:0008380	arterial calcification of infancy	infantile arteriosclerosis	arteriosclerosis
GARD:0008387	3-hydroxy-3-methylglutaric aciduria	Hmgcl deficiency	deficiency
GARD:0008391	ornithine carbamoyltransferase deficiency	valproate sensitivity	sensitivity
GARD:0008394	hypolipoproteinemia	lipoprotein deficiencies	lipoprotein
GARD:0008394	hypolipoproteinemia	hypolipoproteinemia (disease)	disease
GARD:0008401	lactocele	galactocele	galactocele
GARD:0008401	lactocele	lacteal cyst	lacteal
GARD:0008401	lactocele	lacteal cyst	cyst
GARD:0008410	postaxial acrofacial dysostosis	miller syndrome	miller
GARD:0008410	postaxial acrofacial dysostosis	miller syndrome	syndrome
GARD:0008410	postaxial acrofacial dysostosis	postaxial acrodysostosis	postaxial
GARD:0008421	tetrasomy 12p	Killian syndrome	syndrome
GARD:0008424	iminoglycinuria	iminoglycinuria, digenic	digenic
GARD:0008436	frontotemporal dementia	pallidopontonigral degeneration	degeneration
GARD:0008438	isolated anterior cervical hypertrichosis	hairy throat	hairy
GARD:0008438	isolated anterior cervical hypertrichosis	hairy throat	throat
GARD:0008466	autoimmune polyendocrine syndrome type 1	ham syndrome	ham
GARD:0008466	autoimmune polyendocrine syndrome type 1	ham syndrome	syndrome
GARD:0008466	autoimmune polyendocrine syndrome type 1	Whitaker syndrome	syndrome
GARD:0008472	muckle-wells syndrome	neutrophilic urticaria	neutrophilic
GARD:0008472	muckle-wells syndrome	neutrophilic urticaria	urticaria
GARD:0008472	muckle-wells syndrome	Uda syndrome	syndrome
GARD:0008486	Ehlers-Danlos syndrome, musculocontractural type	Dundar syndrome	syndrome
GARD:0008487	infantile digital fibromatosis	Reye tumor	tumor
GARD:0008495	African iron overload	Bantu siderosis	bantu
GARD:0008495	African iron overload	Bantu siderosis	siderosis
GARD:0008507	ehlers-danlos syndrome due to tenascin-x deficiency	tnx deficiency	deficiency
GARD:0008514	visceral steatosis, congenital	visceral steatosis	visceral
GARD:0008514	visceral steatosis, congenital	visceral steatosis	steatosis
GARD:0008517	palmoplantar keratoderma-sclerodactyly syndrome	huriez syndrome	syndrome
GARD:0008517	palmoplantar keratoderma-sclerodactyly syndrome	Scleroatrophic syndrome	syndrome
GARD:0008520	syndromic X-linked intellectual disability 5	fried syndrome	fried
GARD:0008520	syndromic X-linked intellectual disability 5	fried syndrome	syndrome
GARD:0008520	syndromic X-linked intellectual disability 5	pettigrew syndrome	syndrome
GARD:0008526	diffuse panbronchiolitis	panbronchiolitis, diffuse	diffuse
GARD:0008534	eosinophilic pustular folliculitis	eosinophilic folliculitis	eosinophilic
GARD:0008534	eosinophilic pustular folliculitis	eosinophilic folliculitis	folliculitis
GARD:0008534	eosinophilic pustular folliculitis	Ofuji disease	disease
GARD:0008535	central hypoventilation syndrome, congenital, 1, with or without Hirschsprung disease	Ondine curse	ondine
GARD:0008535	central hypoventilation syndrome, congenital, 1, with or without Hirschsprung disease	Ondine curse	curse
GARD:0008535	central hypoventilation syndrome, congenital, 1, with or without Hirschsprung disease	Ondine syndrome	ondine
GARD:0008535	central hypoventilation syndrome, congenital, 1, with or without Hirschsprung disease	Ondine syndrome	syndrome
GARD:0008535	central hypoventilation syndrome, congenital, 1, with or without Hirschsprung disease	Haddad syndrome	syndrome
GARD:0008539	urocanic aciduria	urocanase deficiency	deficiency
GARD:0008541	primary progressive aphasia	Mesulam syndrome	syndrome
GARD:0008549	Mobius syndrome	moebius syndrome	syndrome
GARD:0008549	Mobius syndrome	Moebius sequence	sequence
GARD:0008553	infantile convulsions and choreoathetosis	icca syndrome	syndrome
GARD:0008562	Seckel syndrome	nanocephalic Dwarfism	nanocephalic
GARD:0008562	Seckel syndrome	nanocephalic Dwarfism	dwarfism
GARD:0008568	acinar cell carcinoma	acinar adenocarcinoma	acinar
GARD:0008568	acinar cell carcinoma	acinar adenocarcinoma	adenocarcinoma
GARD:0008568	acinar cell carcinoma	acinar carcinoma	acinar
GARD:0008568	acinar cell carcinoma	acinar carcinoma	carcinoma
GARD:0008570	steroid-responsive encephalopathy associated with autoimmune thyroiditis	Hashimoto encephalitis	encephalitis
GARD:0008576	Balkan nephropathy	endemic nephropathy	endemic
GARD:0008576	Balkan nephropathy	endemic nephropathy	nephropathy
GARD:0008577	panuveitis	diffuse uveitis	diffuse
GARD:0008577	panuveitis	diffuse uveitis	uveitis
GARD:0008577	panuveitis	panuveitis (disease)	disease
GARD:0008577	panuveitis	total uveitis	total
GARD:0008577	panuveitis	total uveitis	uveitis
GARD:0008578	parkinson disease 3, autosomal dominant	Parkinson disease 3	disease
GARD:0008585	hypertrichotic osteochondrodysplasia Cantu type	Craniofaciocardioskeletal syndrome	syndrome
GARD:0008585	hypertrichotic osteochondrodysplasia Cantu type	Cantu syndrome	syndrome
GARD:0008586	cardiocranial syndrome, pfeiffer type	Cardiocranial syndrome	syndrome
GARD:0008598	gastrointestinal stromal tumor	gist	gist
GARD:0008598	gastrointestinal stromal tumor	gant	gant
GARD:0008605	acquired angioedema	angioedema, acquired	acquired
GARD:0008609	interstitial lung disease 2	fibrosing alveolitis	alveolitis
GARD:0008614	sickle cell anemia	HbS disease	disease
GARD:0008618	primary myelofibrosis	megakaryocytic myelosclerosis	myelosclerosis
GARD:0008618	primary myelofibrosis	myeloid metaplasia	myeloid
GARD:0008618	primary myelofibrosis	myeloid metaplasia	metaplasia
GARD:0008618	primary myelofibrosis	idiopathic myelofibrosis	idiopathic
GARD:0008618	primary myelofibrosis	myelofibrosis, somatic	somatic
GARD:0008618	primary myelofibrosis	aleukemic myelosis	aleukemic
GARD:0008618	primary myelofibrosis	myelosclerosis	myelosclerosis
GARD:0008620	vagus nerve paraganglioma	vagal paraganglioma	vagal
GARD:0008621	uveal melanoma	choroidal melanoma	choroidal
GARD:0008621	uveal melanoma	choroidal melanoma	melanoma
GARD:0008621	uveal melanoma	iris melanoma	iris
GARD:0008621	uveal melanoma	iris melanoma	melanoma
GARD:0008621	uveal melanoma	intraocular melanoma	intraocular
GARD:0008621	uveal melanoma	intraocular melanoma	melanoma
GARD:0008621	uveal melanoma	uvea melanoma	uvea
GARD:0008621	uveal melanoma	uvea melanoma	melanoma
GARD:0008623	microcephaly-cleft palate syndrome	Halal syndrome	halal
GARD:0008623	microcephaly-cleft palate syndrome	Halal syndrome	syndrome
GARD:0008625	reticular dysgenesis	congenital Aleukia	congenital
GARD:0008625	reticular dysgenesis	congenital aleukocytosis	congenital
GARD:0008625	reticular dysgenesis	reticular Dysgenesia	reticular
GARD:0008625	reticular dysgenesis	DeVaal disease	disease
GARD:0008627	Krukenberg carcinoma	Krukenberg tumor	tumor
GARD:0008627	Krukenberg carcinoma	Krukenberg neoplasm	neoplasm
GARD:0008644	alveolar capillary dysplasia with misalignment of pulmonary veins	fetal circulation	fetal
GARD:0008644	alveolar capillary dysplasia with misalignment of pulmonary veins	fetal circulation	circulation
GARD:0008644	alveolar capillary dysplasia with misalignment of pulmonary veins	foetal circulation	circulation
GARD:0008650	undifferentiated (embryonal) sarcoma	embryonal sarcoma	embryonal
GARD:0008650	undifferentiated (embryonal) sarcoma	embryonal sarcoma	sarcoma
GARD:0008650	undifferentiated (embryonal) sarcoma	undifferentiated sarcoma	undifferentiated
GARD:0008650	undifferentiated (embryonal) sarcoma	undifferentiated sarcoma	sarcoma
GARD:0008660	Gerstmann syndrome	Gerstmann tetrad	tetrad
GARD:0008661	gastroschisis	eventration	eventration
GARD:0008683	Crigler-Najjar syndrome type 2	Arias syndrome	syndrome
GARD:0008692	pertussis	Bordetella infection	infection
GARD:0008692	pertussis	whooping cough	whooping
GARD:0008692	pertussis	whooping cough	cough
GARD:0008698	gnathodiaphyseal dysplasia	Gnathodiaphyseal sclerosis	sclerosis
GARD:0008698	gnathodiaphyseal dysplasia	Levin syndrome 2	levin
GARD:0008698	gnathodiaphyseal dysplasia	Levin syndrome 2	syndrome
GARD:0008706	lymphangiosarcoma	lymphangioendothelial sarcoma	sarcoma
GARD:0008706	lymphangiosarcoma	malignant lymphangioendothelioma	malignant
GARD:0008706	lymphangiosarcoma	malignant lymphangioendothelioma	lymphangioendothelioma
GARD:0008706	lymphangiosarcoma	lymphangiosarcoma, malignant	lymphangiosarcoma
GARD:0008706	lymphangiosarcoma	lymphangiosarcoma, malignant	malignant
GARD:0008709	patella aplasia/hypoplasia	absent patella	absent
GARD:0008709	patella aplasia/hypoplasia	absent patella	patella
GARD:0008713	achondrogenesis type II	achondrogenesis type 2	type
GARD:0008713	achondrogenesis type II	achondrogenesis, type 2	type
GARD:0008713	achondrogenesis type II	chondrogenesis imperfecta	chondrogenesis
GARD:0008717	odontochondrodysplasia 1	Goldblatt syndrome	syndrome
GARD:0008720	axial spondylometaphyseal dysplasia	axial SmD	axial
GARD:0008720	axial spondylometaphyseal dysplasia	SmD axial	axial
GARD:0008720	axial spondylometaphyseal dysplasia	SmD, axial	axial
GARD:0008729	neurosyphilis	late neurosyphilis	late
GARD:0008729	neurosyphilis	late neurosyphilis	neurosyphilis
GARD:0008729	neurosyphilis	tertiary neurosyphilis	tertiary
GARD:0008729	neurosyphilis	tertiary neurosyphilis	neurosyphilis
GARD:0008730	tabes dorsalis	syphilitic myelopathy	syphilitic
GARD:0008730	tabes dorsalis	syphilitic myelopathy	myelopathy
GARD:0008731	syphilitic meningitis	meningeal syphilis	meningeal
GARD:0008731	syphilitic meningitis	meningeal syphilis	syphilis
GARD:0008731	syphilitic meningitis	meningitis, syphilitic	meningitis
GARD:0008731	syphilitic meningitis	meningitis, syphilitic	syphilitic
GARD:0008732	hemophilia b	Christmas disease	christmas
GARD:0008732	hemophilia b	Christmas disease	disease
GARD:0008732	hemophilia b	factor 9 deficiency	factor
GARD:0008732	hemophilia b	factor 9 deficiency	deficiency
GARD:0008732	hemophilia b	hem B	hem
GARD:0008732	hemophilia b	hem B	b
GARD:0008737	idiopathic hypersomnia	idiopathic hypersomnolence	idiopathic
GARD:0008737	idiopathic hypersomnia	primary hypersomnia	primary
GARD:0008737	idiopathic hypersomnia	primary hypersomnia	hypersomnia
GARD:0008743	Meckel syndrome, type 2	Meckel syndrome 2	syndrome
GARD:0008744	Meckel syndrome, type 3	Meckel syndrome 3	syndrome
GARD:0008754	Greenberg dysplasia	hem dysplasia	hem
GARD:0008754	Greenberg dysplasia	hem dysplasia	dysplasia
GARD:0008759	ocular cicatricial pemphigoid	ocular pemphigoid	ocular
GARD:0008759	ocular cicatricial pemphigoid	ocular pemphigoid	pemphigoid
GARD:0009120	Fanconi renotubular syndrome	Fanconi syndrome	syndrome
GARD:0009124	Treacher-Collins syndrome	Franceschetti syndrome	syndrome
GARD:0009126	agnathia-otocephaly complex	otocephaly	otocephaly
GARD:0009131	infectious myositis	infective myositis	infective
GARD:0009131	infectious myositis	infective myositis	myositis
GARD:0009142	eosinophilic gastroenteritis	eosinophilic enteritis	eosinophilic
GARD:0009142	eosinophilic gastroenteritis	eosinophilic enteritis	enteritis
GARD:0009142	eosinophilic gastroenteritis	eosinophilic gastroenterocolitis	eosinophilic
GARD:0009142	eosinophilic gastroenteritis	eosinophilic gastroenterocolitis	gastroenterocolitis
GARD:0009143	retinoschisis of fovea	foveal retinoschisis	foveal
GARD:0009147	lipoid nephrosis	nil disease	nil
GARD:0009147	lipoid nephrosis	nil disease	disease
GARD:0009149	retinitis pigmentosa 1	retinitis pigmentosa	retinitis
GARD:0009151	3-methylcrotonyl-coa carboxylase 2 deficiency	3 alpha methylcrotonylglycinuria 2	alpha
GARD:0009151	3-methylcrotonyl-coa carboxylase 2 deficiency	methylcrotonylglycinuria type 2	type
GARD:0009151	3-methylcrotonyl-coa carboxylase 2 deficiency	methylcrotonylglycinuria, type 2	type
GARD:0009152	congenital adrenal hyperplasia due to 3-beta-hydroxysteroid dehydrogenase deficiency	adrenal hyperplasia 2	adrenal
GARD:0009152	congenital adrenal hyperplasia due to 3-beta-hydroxysteroid dehydrogenase deficiency	adrenal hyperplasia 2	hyperplasia
GARD:0009158	Brody myopathy	Brody disease	disease
GARD:0009161	alpha-n-acetylgalactosaminidase deficiency type 2	kanzaki disease	disease
GARD:0009168	familial expansile osteolysis	mccabe disease	disease
GARD:0009174	kufor-rakeb syndrome	park 9	park
GARD:0009175	parkinsonian-pyramidal syndrome	pallidopyramidal syndrome	syndrome
GARD:0009176	pyogenic arthritis-pyoderma gangrenosum-acne syndrome	papa	papa
GARD:0009176	pyogenic arthritis-pyoderma gangrenosum-acne syndrome	papa syndrome	papa
GARD:0009176	pyogenic arthritis-pyoderma gangrenosum-acne syndrome	papa syndrome	syndrome
GARD:0009179	north carolina macular dystrophy	caped	caped
GARD:0009180	idiopathic membranous glomerulonephritis	Extramembranous glomerulonephritis	glomerulonephritis
GARD:0009180	idiopathic membranous glomerulonephritis	glomerulonephritis, membranous	glomerulonephritis
GARD:0009180	idiopathic membranous glomerulonephritis	glomerulonephritis, membranous	membranous
GARD:0009182	Duane-radial ray syndrome	acrorenocular syndrome	syndrome
GARD:0009182	Duane-radial ray syndrome	Okihiro syndrome	syndrome
GARD:0009210	thiamine-responsive megaloblastic anemia syndrome	Rogers syndrome	syndrome
GARD:0009218	aurocephalosyndactyly	aural cephalosyndactyly	aural
GARD:0009228	renal agenesis	renal aplasia	renal
GARD:0009228	renal agenesis	renal aplasia	aplasia
GARD:0009228	renal agenesis	renal adysplasia	renal
GARD:0009239	amyotrophic lateral sclerosis-parkinsonism-dementia complex	Guam disease	disease
GARD:0009244	cervical intraepithelial neoplasia	Cervical Dysplasia	cervical
GARD:0009244	cervical intraepithelial neoplasia	Cervical Dysplasia	dysplasia
GARD:0009252	tubulointerstitial nephritis and uveitis syndrome	Dobrin syndrome	syndrome
GARD:0009255	developmental and epileptic encephalopathy	infantile spasm	infantile
GARD:0009255	developmental and epileptic encephalopathy	infantile spasm	spasm
GARD:0009255	developmental and epileptic encephalopathy	Ohtahara syndrome	syndrome
GARD:0009256	myoclonic cerebellar dyssynergia	Spinodentate atrophy	atrophy
GARD:0009256	myoclonic cerebellar dyssynergia	dentatorubral atrophy	atrophy
GARD:0009256	myoclonic cerebellar dyssynergia	cerebelloparenchymal disorder 5	disorder
GARD:0009266	cutaneous neuroendocrine carcinoma	cutaneous APUDoma	cutaneous
GARD:0009266	cutaneous neuroendocrine carcinoma	trabecular cancer	trabecular
GARD:0009266	cutaneous neuroendocrine carcinoma	trabecular cancer	cancer
GARD:0009267	photomyoclonus, diabetes mellitus, deafness, nephropathy, and cerebral dysfunction	Herrmann syndrome	syndrome
GARD:0009279	formiminoglutamic aciduria	Arakawa syndrome 1	syndrome
GARD:0009279	formiminoglutamic aciduria	formiminotransferase deficiency	deficiency
GARD:0009279	formiminoglutamic aciduria	formiminoglutamic acidemia	acidemia
GARD:0009280	cholestasis-pigmentary retinopathy-cleft palate syndrome	hardikar syndrome	syndrome
GARD:0009285	Acanthamoeba keratitis	keratitis, Acanthamoeba	keratitis
GARD:0009286	gnathomiasis	Gnathostoma infection	gnathostoma
GARD:0009286	gnathomiasis	Gnathostoma infection	infection
GARD:0009287	atelosteogenesis type i	spondylohumerofemoral hypoplasia	hypoplasia
GARD:0009287	atelosteogenesis type i	atelosteogenesis, type 1	type
GARD:0009287	atelosteogenesis type i	atelosteogenesis type 1	type
GARD:0009292	microphthalmia-brain atrophy syndrome	microphthalmia, syndromic 10	microphthalmia
GARD:0009292	microphthalmia-brain atrophy syndrome	microphthalmia, syndromic 10	syndromic
GARD:0009292	microphthalmia-brain atrophy syndrome	microphthalmia syndromic 10	microphthalmia
GARD:0009292	microphthalmia-brain atrophy syndrome	microphthalmia syndromic 10	syndromic
GARD:0009295	thanatophoric dysplasia type 1	thanatophoric dwarfism 1	dwarfism
GARD:0009295	thanatophoric dysplasia type 1	thanatophoric dwarfism	dwarfism
GARD:0009295	thanatophoric dysplasia type 1	thanatophoric dysplasia	dysplasia
GARD:0009296	hereditary spastic paraplegia 24	spastic paraplegia 24	spastic
GARD:0009296	hereditary spastic paraplegia 24	spastic paraplegia 24	paraplegia
GARD:0009297	whim syndrome 1	myelokathexis, isolated	isolated
GARD:0009297	whim syndrome 1	whim syndrome	whim
GARD:0009297	whim syndrome 1	whim syndrome	syndrome
GARD:0009298	pyridoxine-dependent epilepsy	pyridoxine dependency	pyridoxine
GARD:0009298	pyridoxine-dependent epilepsy	pyridoxine dependency	dependency
GARD:0009298	pyridoxine-dependent epilepsy	antiquitin deficiency	deficiency
GARD:0009299	acute ackee fruit intoxication	ackee poisoning	poisoning
GARD:0009301	childhood cerebellar astrocytic neoplasm	cerebellar astrocytoma	cerebellar
GARD:0009301	childhood cerebellar astrocytic neoplasm	cerebellar astrocytoma	astrocytoma
GARD:0009302	childhood cerebral astrocytoma	cerebral astrocytoma	cerebral
GARD:0009302	childhood cerebral astrocytoma	cerebral astrocytoma	astrocytoma
GARD:0009304	cholangiocarcinoma	Cholangiocellular carcinoma	carcinoma
GARD:0009304	cholangiocarcinoma	cholangiocarcinoma, malignant	malignant
GARD:0009316	neuroendocrine neoplasm	neuroendocrine tumor	tumor
GARD:0009319	myeloproliferative neoplasm	myeloproliferative disorder	disorder
GARD:0009319	myeloproliferative neoplasm	myeloproliferative tumor	tumor
GARD:0009328	gallbladder cancer	gallbladder neoplasm	neoplasm
GARD:0009328	gallbladder cancer	gallbladder Ca	ca
GARD:0009331	pediatric hepatocellular carcinoma	hepatocellular cancer	cancer
GARD:0009331	pediatric hepatocellular carcinoma	paediatric hepatoma	hepatoma
GARD:0009331	pediatric hepatocellular carcinoma	pediatric hepatoma	pediatric
GARD:0009331	pediatric hepatocellular carcinoma	pediatric hepatoma	hepatoma
GARD:0009331	pediatric hepatocellular carcinoma	childhood hepatoma	childhood
GARD:0009331	pediatric hepatocellular carcinoma	childhood hepatoma	hepatoma
GARD:0009334	hypopharynx cancer	hypopharyngeal cancer	hypopharyngeal
GARD:0009334	hypopharynx cancer	hypopharyngeal cancer	cancer
GARD:0009342	lip and oral cavity carcinoma	oral carcinoma	oral
GARD:0009342	lip and oral cavity carcinoma	oral carcinoma	carcinoma
GARD:0009342	lip and oral cavity carcinoma	oral cancer	oral
GARD:0009342	lip and oral cavity carcinoma	oral cancer	cancer
GARD:0009348	vaginal carcinoma	vagina cancer	vagina
GARD:0009348	vaginal carcinoma	vagina cancer	cancer
GARD:0009348	vaginal carcinoma	vagina carcinoma	vagina
GARD:0009348	vaginal carcinoma	vagina carcinoma	carcinoma
GARD:0009348	vaginal carcinoma	vaginal cancer	vaginal
GARD:0009348	vaginal carcinoma	vaginal cancer	cancer
GARD:0009349	vulvar carcinoma	vulva carcinoma	vulva
GARD:0009349	vulvar carcinoma	vulva carcinoma	carcinoma
GARD:0009349	vulvar carcinoma	vulva cancer	vulva
GARD:0009349	vulvar carcinoma	vulva cancer	cancer
GARD:0009349	vulvar carcinoma	vulvar cancer	vulvar
GARD:0009349	vulvar carcinoma	vulvar cancer	cancer
GARD:0009350	childhood medulloblastoma	medulloblastoma, childhood	childhood
GARD:0009350	childhood medulloblastoma	pediatric medulloblastoma	pediatric
GARD:0009358	oropharynx cancer	oropharyngeal cancer	oropharyngeal
GARD:0009358	oropharynx cancer	oropharyngeal cancer	cancer
GARD:0009358	oropharynx cancer	oropharyngeal carcinoma	oropharyngeal
GARD:0009358	oropharynx cancer	oropharyngeal carcinoma	carcinoma
GARD:0009366	penile cancer	penis cancer	penis
GARD:0009366	penile cancer	penis cancer	cancer
GARD:0009366	penile cancer	Ca penis	ca
GARD:0009366	penile cancer	Ca penis	penis
GARD:0009366	penile cancer	penile Ca	penile
GARD:0009366	penile cancer	penile Ca	ca
GARD:0009366	penile cancer	penile neoplasm	penile
GARD:0009366	penile cancer	penile neoplasm	neoplasm
GARD:0009369	pineoblastoma	pineoblastoma, malignant	malignant
GARD:0009371	pituitary adenocarcinoma	pituitary carcinoma	pituitary
GARD:0009371	pituitary adenocarcinoma	pituitary carcinoma	carcinoma
GARD:0009373	plasma cell leukemia	leukemia plasmacytic	leukemia
GARD:0009373	plasma cell leukemia	plasmacytic leukemia	leukemia
GARD:0009390	urethra cancer	urethral cancer	urethral
GARD:0009390	urethra cancer	urethral cancer	cancer
GARD:0009390	urethra cancer	urethral Ca	urethral
GARD:0009390	urethra cancer	urethral Ca	ca
GARD:0009397	ovarian Brenner tumor	Brenner tumor	tumor
GARD:0009398	botryoid rhabdomyosarcoma	botryoid sarcoma	botryoid
GARD:0009398	botryoid rhabdomyosarcoma	botryoid sarcoma	sarcoma
GARD:0009398	botryoid rhabdomyosarcoma	sarcoma botryoides	sarcoma
GARD:0009400	tako-tsubo cardiomyopathy	stress cardiomyopathy	stress
GARD:0009400	tako-tsubo cardiomyopathy	Takotsubo syndrome	syndrome
GARD:0009400	tako-tsubo cardiomyopathy	ballooning cardiomyopathy	ballooning
GARD:0009400	tako-tsubo cardiomyopathy	ampulla cardiomyopathy	ampulla
GARD:0009412	X-linked cerebral adrenoleukodystrophy	melanodermic leukodystrophy	melanodermic
GARD:0009418	cochleosaccular degeneration-cataract syndrome	Cochleosaccular Degeneration	degeneration
GARD:0009429	rhizomelic chondrodysplasia punctata type 2	Dhapat deficiency	deficiency
GARD:0009429	rhizomelic chondrodysplasia punctata type 2	Gnpat deficiency	deficiency
GARD:0009433	inborn organic aciduria	organic acidemia	organic
GARD:0009433	inborn organic aciduria	organic acidemia	acidemia
GARD:0009433	inborn organic aciduria	organic aciduria	organic
GARD:0009442	glycogen storage disease iii	Agl deficiency	deficiency
GARD:0009442	glycogen storage disease iii	Forbes disease	disease
GARD:0009442	glycogen storage disease iii	Cori disease	disease
GARD:0009442	glycogen storage disease iii	glycogenosis type 3	type
GARD:0009442	glycogen storage disease iii	limit dextrinosis	limit
GARD:0009442	glycogen storage disease iii	gde deficiency	deficiency
GARD:0009444	Marburg hemorrhagic fever	Marburg disease	disease
GARD:0009447	infantile neuronal ceroid lipofuscinosis	Santavuori disease	disease
GARD:0009448	camptodactyly of fingers	familial streblodactyly	familial
GARD:0009450	familial juvenile hypertrophy of the breast	juvenile gigantomastia	juvenile
GARD:0009450	familial juvenile hypertrophy of the breast	juvenile macromastia	juvenile
GARD:0009450	familial juvenile hypertrophy of the breast	juvenile macromastia	macromastia
GARD:0009450	familial juvenile hypertrophy of the breast	gigantomastia, juvenile	juvenile
GARD:0009452	pilomatrixoma	benign pilomatrixoma	benign
GARD:0009452	pilomatrixoma	pilomatrixoma, benign	benign
GARD:0009452	pilomatrixoma	benign pilomatricoma	benign
GARD:0009452	pilomatrixoma	pilomatricoma, somatic	somatic
GARD:0009453	andersen-tawil syndrome	Andersen syndrome	syndrome
GARD:0009455	Joubert syndrome with oculorenal defect	Cerebellooculorenal syndrome	syndrome
GARD:0009455	Joubert syndrome with oculorenal defect	cerebrooculohepatorenal syndrome	syndrome
GARD:0009455	Joubert syndrome with oculorenal defect	Joubert syndrome 5	joubert
GARD:0009455	Joubert syndrome with oculorenal defect	Joubert syndrome 5	syndrome
GARD:0009455	Joubert syndrome with oculorenal defect	Arima syndrome	syndrome
GARD:0009456	X-linked sideroblastic anemia 1	anemia, hypochromic	anemia
GARD:0009456	X-linked sideroblastic anemia 1	anemia, sideroblastic, 1	anemia
GARD:0009458	loeys-dietz syndrome 1	Furlong syndrome	furlong
GARD:0009458	loeys-dietz syndrome 1	Furlong syndrome	syndrome
GARD:0009463	pseudodiastrophic dysplasia	Pseudodiastrophic dwarfism	dwarfism
GARD:0009465	Alzheimer disease type 1	Alzheimer disease	disease
GARD:0009465	Alzheimer disease type 1	Alzheimer disease 1	disease
GARD:0009472	anaplastic oligodendroglioma	undifferentiated oligodendroglioma	undifferentiated
GARD:0009472	anaplastic oligodendroglioma	undifferentiated oligodendroglioma	oligodendroglioma
GARD:0009472	anaplastic oligodendroglioma	malignant oligodendroglioma	malignant
GARD:0009472	anaplastic oligodendroglioma	malignant oligodendroglioma	oligodendroglioma
GARD:0009472	anaplastic oligodendroglioma	oligodendroglioma, malignant	oligodendroglioma
GARD:0009472	anaplastic oligodendroglioma	oligodendroglioma, malignant	malignant
GARD:0009474	melorheostosis	melorheostosis, isolated	isolated
GARD:0009478	carcinoma of supraglottis	supraglottic carcinoma	supraglottic
GARD:0009478	carcinoma of supraglottis	supraglottic carcinoma	carcinoma
GARD:0009478	carcinoma of supraglottis	supraglottis carcinoma	carcinoma
GARD:0009478	carcinoma of supraglottis	supraglottic cancer	supraglottic
GARD:0009478	carcinoma of supraglottis	supraglottic cancer	cancer
GARD:0009486	isolated congenital anosmia	anosmia, congenital	anosmia
GARD:0009486	isolated congenital anosmia	anosmia, congenital	congenital
GARD:0009486	isolated congenital anosmia	congenital anosmia	congenital
GARD:0009486	isolated congenital anosmia	congenital anosmia	anosmia
GARD:0009492	cataract 35	cataract type 35	cataract
GARD:0009492	cataract 35	cataract type 35	type
GARD:0009493	gne myopathy	Nonaka myopathy	myopathy
GARD:0009496	hereditary renal hypouricemia	Dalmatian hypouricemia	dalmatian
GARD:0009496	hereditary renal hypouricemia	hypouricemia, renal	renal
GARD:0009496	hereditary renal hypouricemia	renal hypouricemia	renal
GARD:0009497	ichthyosis histrix, Lambert type	porcupine Man	porcupine
GARD:0009497	ichthyosis histrix, Lambert type	porcupine Man	man
GARD:0009499	aceruloplasminemia	ceruloplasmin deficiency	deficiency
GARD:0009499	aceruloplasminemia	cerebellar ataxia	cerebellar
GARD:0009499	aceruloplasminemia	cerebellar ataxia	ataxia
GARD:0009499	aceruloplasminemia	hypoceruloplasminemia, hereditary	hereditary
GARD:0009501	hereditary geniospasm	trembling Chin	trembling
GARD:0009501	hereditary geniospasm	trembling Chin	chin
GARD:0009509	Renpenning syndrome	Renpenning syndrome 1	syndrome
GARD:0009511	histiocytoid cardiomyopathy	congenital cardiomyopathy	congenital
GARD:0009511	histiocytoid cardiomyopathy	myocardial hamartoma	myocardial
GARD:0009513	linear scleroderma	linear morphea	linear
GARD:0009513	linear scleroderma	linear morphea	morphea
GARD:0009513	linear scleroderma	Scleroderma, linear	scleroderma
GARD:0009513	linear scleroderma	Scleroderma, linear	linear
GARD:0009514	benign breast phyllodes tumor	phyllodes neoplasm	neoplasm
GARD:0009514	benign breast phyllodes tumor	cystosarcoma phyllode	cystosarcoma
GARD:0009514	benign breast phyllodes tumor	cystosarcoma phyllode	phyllode
GARD:0009514	benign breast phyllodes tumor	cystosarcoma phyllodes	cystosarcoma
GARD:0009514	benign breast phyllodes tumor	cystosarcoma phylloide	cystosarcoma
GARD:0009515	linear porokeratosis	Zosteriform porokeratosis	zosteriform
GARD:0009515	linear porokeratosis	Zosteriform porokeratosis	porokeratosis
GARD:0009515	linear porokeratosis	Porokeratosis, Linear	porokeratosis
GARD:0009515	linear porokeratosis	Porokeratosis, Linear	linear
GARD:0009520	Buruli ulcer disease	Buruli ulcer	ulcer
GARD:0009520	Buruli ulcer disease	Daintree ulcer	ulcer
GARD:0009520	Buruli ulcer disease	Searl ulcer	ulcer
GARD:0009520	Buruli ulcer disease	Bairnsdale ulcer	ulcer
GARD:0009520	Buruli ulcer disease	Mossman ulcer	ulcer
GARD:0009525	coccidioidomycosis	California disease	california
GARD:0009525	coccidioidomycosis	California disease	disease
GARD:0009525	coccidioidomycosis	Valley fever	valley
GARD:0009525	coccidioidomycosis	Valley fever	fever
GARD:0009525	coccidioidomycosis	Coccidioides infection	coccidioides
GARD:0009525	coccidioidomycosis	Coccidioides infection	infection
GARD:0009525	coccidioidomycosis	desert fever	desert
GARD:0009525	coccidioidomycosis	desert fever	fever
GARD:0009525	coccidioidomycosis	desert rheumatism	desert
GARD:0009525	coccidioidomycosis	desert rheumatism	rheumatism
GARD:0009528	cyclosporiasis	Cyclospora infection	infection
GARD:0009531	cytomegalovirus retinitis	Retinitis, Cytomegaloviral	retinitis
GARD:0009531	cytomegalovirus retinitis	Cytomegaloviral Retinitis	retinitis
GARD:0009546	melioidosis	pseudoglanders	pseudoglanders
GARD:0009546	melioidosis	Whitmore disease	disease
GARD:0009547	meningococcal infection	meningococcal disease	meningococcal
GARD:0009547	meningococcal infection	meningococcal disease	disease
GARD:0009548	MHC class I deficiency	Bls, type 1	type
GARD:0009557	rat-bite fever	spirillosis	spirillosis
GARD:0009560	toxic shock syndrome	toxic shock	toxic
GARD:0009560	toxic shock syndrome	toxic shock	shock
GARD:0009564	typhoid fever	typhoid	typhoid
GARD:0009564	typhoid fever	typhoidal salmonellosis	typhoidal
GARD:0009564	typhoid fever	typhoidal salmonellosis	salmonellosis
GARD:0009568	IgG4-related retroperitoneal fibrosis	Ormond disease	ormond
GARD:0009568	IgG4-related retroperitoneal fibrosis	Ormond disease	disease
GARD:0009568	IgG4-related retroperitoneal fibrosis	retroperitoneal fibrosis	retroperitoneal
GARD:0009568	IgG4-related retroperitoneal fibrosis	retroperitoneal fibrosis	fibrosis
GARD:0009572	papillary renal cell carcinoma	renal adenocarcinoma	renal
GARD:0009572	papillary renal cell carcinoma	renal adenocarcinoma	adenocarcinoma
GARD:0009573	collecting duct carcinoma	Bellini carcinoma	carcinoma
GARD:0009580	mesangial proliferative glomerulonephritis	Mesangioproliferative glomerulonephritis	glomerulonephritis
GARD:0009581	hereditary spastic paraplegia 15	Kjellin syndrome	syndrome
GARD:0009581	hereditary spastic paraplegia 15	spastic paraplegia 15	spastic
GARD:0009581	hereditary spastic paraplegia 15	spastic paraplegia 15	paraplegia
GARD:0009582	hereditary spastic paraplegia 25	spastic paraplegia 25	spastic
GARD:0009582	hereditary spastic paraplegia 25	spastic paraplegia 25	paraplegia
GARD:0009585	hereditary spastic paraplegia 16	spastic paraplegia 16	spastic
GARD:0009585	hereditary spastic paraplegia 16	spastic paraplegia 16	paraplegia
GARD:0009586	hereditary spastic paraplegia 12	spastic paraplegia 12	spastic
GARD:0009586	hereditary spastic paraplegia 12	spastic paraplegia 12	paraplegia
GARD:0009587	hereditary spastic paraplegia 26	spastic paraplegia 26	spastic
GARD:0009587	hereditary spastic paraplegia 26	spastic paraplegia 26	paraplegia
GARD:0009588	hereditary spastic paraplegia 19	spastic paraplegia 19	spastic
GARD:0009588	hereditary spastic paraplegia 19	spastic paraplegia 19	paraplegia
GARD:0009589	hereditary spastic paraplegia 14	spastic paraplegia 14	spastic
GARD:0009589	hereditary spastic paraplegia 14	spastic paraplegia 14	paraplegia
GARD:0009590	hereditary spastic paraplegia 10	spastic paraplegia 10	spastic
GARD:0009590	hereditary spastic paraplegia 10	spastic paraplegia 10	paraplegia
GARD:0009591	hereditary spastic paraplegia 8	spastic paraplegia 8	spastic
GARD:0009591	hereditary spastic paraplegia 8	spastic paraplegia 8	paraplegia
GARD:0009595	atransferrinemia	congenital atransferrinemia	congenital
GARD:0009595	atransferrinemia	familial hypotransferrinemia	familial
GARD:0009595	atransferrinemia	hypotransferrinemia, familial	familial
GARD:0009595	atransferrinemia	congenital hypotransferrinemia	congenital
GARD:0009595	atransferrinemia	hereditary atransferrinemia	hereditary
GARD:0009611	spinocerebellar ataxia type 13	spinocerebellar ataxia 13	spinocerebellar
GARD:0009611	spinocerebellar ataxia type 13	spinocerebellar ataxia 13	ataxia
GARD:0009615	temporal arteritis	arteritis cranialis	arteritis
GARD:0009615	temporal arteritis	arteritis temporalis	arteritis
GARD:0009615	temporal arteritis	cranial arteritis	cranial
GARD:0009615	temporal arteritis	cranial arteritis	arteritis
GARD:0009615	temporal arteritis	Horton disease	disease
GARD:0009616	hereditary spastic paraplegia 13	spastic paraplegia 13	spastic
GARD:0009616	hereditary spastic paraplegia 13	spastic paraplegia 13	paraplegia
GARD:0009618	granular cell tumor	Abrikossoff tumor	tumor
GARD:0009620	acute erythroid leukemia	erythroblastic leukemia	erythroblastic
GARD:0009620	acute erythroid leukemia	erythroblastic leukemia	leukemia
GARD:0009620	acute erythroid leukemia	erythroblastic leukaemia	erythroblastic
GARD:0009620	acute erythroid leukemia	acute erythroleukemia	acute
GARD:0009621	polyembryoma	gonadal polyembryoma	gonadal
GARD:0009624	pigmented dermatofibrosarcoma protuberans	bednar tumor	tumor
GARD:0009624	pigmented dermatofibrosarcoma protuberans	Bednars Tumor	tumor
GARD:0009624	pigmented dermatofibrosarcoma protuberans	Tumor, Bednar	tumor
GARD:0009626	Axenfeld-Rieger syndrome type 3	Rieger anomaly	anomaly
GARD:0009626	Axenfeld-Rieger syndrome type 3	Axenfeld anomaly	anomaly
GARD:0009628	dystonia 12	dystonia type 12	type
GARD:0009629	myoclonic dystonia 15	dystonia 15, myoclonic	myoclonic
GARD:0009630	torsion dystonia 6	dystonia 6, torsion	torsion
GARD:0009642	autosomal recessive juvenile Parkinson disease 2	juvenile parkinsonism	juvenile
GARD:0009642	autosomal recessive juvenile Parkinson disease 2	juvenile parkinsonism	parkinsonism
GARD:0009642	autosomal recessive juvenile Parkinson disease 2	Parkinson disease 2	disease
GARD:0009647	gelatinous drop-like corneal dystrophy	corneal amyloidosis	corneal
GARD:0009647	gelatinous drop-like corneal dystrophy	corneal amyloidosis	amyloidosis
GARD:0009647	gelatinous drop-like corneal dystrophy	amyloidosis corneal	amyloidosis
GARD:0009647	gelatinous drop-like corneal dystrophy	amyloidosis corneal	corneal
GARD:0009647	gelatinous drop-like corneal dystrophy	amyloidosis, corneal	amyloidosis
GARD:0009647	gelatinous drop-like corneal dystrophy	amyloidosis, corneal	corneal
GARD:0009649	achromatopsia 2	colorblindness, total	total
GARD:0009649	achromatopsia 2	achromatopsia type 2	achromatopsia
GARD:0009649	achromatopsia 2	achromatopsia type 2	type
GARD:0009649	achromatopsia 2	rod monochromatism 2	rod
GARD:0009649	achromatopsia 2	rod monochromatism 2	monochromatism
GARD:0009649	achromatopsia 2	rod monochromacy 2	rod
GARD:0009650	achromatopsia 3	rod monochromacy 1	rod
GARD:0009650	achromatopsia 3	rod monochromatism 1	rod
GARD:0009650	achromatopsia 3	rod monochromatism 1	monochromatism
GARD:0009650	achromatopsia 3	achromatopsia type 3	achromatopsia
GARD:0009650	achromatopsia 3	achromatopsia type 3	type
GARD:0009657	anauxetic dysplasia	anauxetic dysplasia 1	dysplasia
GARD:0009664	cervix melanoma	cervical melanoma	cervical
GARD:0009664	cervix melanoma	cervical melanoma	melanoma
GARD:0009670	congenital factor xi deficiency	hemophilia C	hemophilia
GARD:0009670	congenital factor xi deficiency	hemophilia C	c
GARD:0009670	congenital factor xi deficiency	Rosenthal syndrome	syndrome
GARD:0009670	congenital factor xi deficiency	haemophilia C	c
GARD:0009670	congenital factor xi deficiency	factor 11 deficiency	factor
GARD:0009670	congenital factor xi deficiency	factor 11 deficiency	deficiency
GARD:0009671	lipodermatosclerosis	acute lipodermatosclerosis	acute
GARD:0009675	isotretinoin-like syndrome	Kawashima syndrome	syndrome
GARD:0009683	chylomicron retention disease	Anderson disease	anderson
GARD:0009683	chylomicron retention disease	Anderson disease	disease
GARD:0009687	schistosomiasis	Bilharzia	bilharzia
GARD:0009687	schistosomiasis	snail fever	snail
GARD:0009687	schistosomiasis	snail fever	fever
GARD:0009687	schistosomiasis	bilharziasis	bilharziasis
GARD:0009688	Meesmann corneal dystrophy	Meesman dystrophy	dystrophy
GARD:0009694	junctional epidermolysis bullosa with pyloric atresia	Carmi syndrome	syndrome
GARD:0009697	monomelic amyotrophy	amyotrophy, monomelic	amyotrophy
GARD:0009697	monomelic amyotrophy	Hirayama disease	disease
GARD:0009698	recombinant 8 syndrome	Rec(8) syndrome	syndrome
GARD:0009705	epidermolysis bullosa simplex due to plakophilin deficiency	mcgrath syndrome	syndrome
GARD:0009707	familial cylindromatosis	cylindromatosis, familial	familial
GARD:0009707	familial cylindromatosis	turban tumour	turban
GARD:0009707	familial cylindromatosis	turban tumor	turban
GARD:0009707	familial cylindromatosis	turban tumor	tumor
GARD:0009707	familial cylindromatosis	turban tumors	turban
GARD:0009707	familial cylindromatosis	turban tumours	turban
GARD:0009719	orbit lymphoma	orbital lymphoma	orbital
GARD:0009719	orbit lymphoma	orbital lymphoma	lymphoma
GARD:0009723	ectodermal dysplasia-sensorineural deafness syndrome	Mikaelian syndrome	syndrome
GARD:0009726	autosomal dominant nonsyndromic hearing loss 17	cochleosaccular degeneration	degeneration
GARD:0009728	myotonic dystrophy type 2	ricker disease	ricker
GARD:0009728	myotonic dystrophy type 2	ricker disease	disease
GARD:0009728	myotonic dystrophy type 2	ricker syndrome	ricker
GARD:0009728	myotonic dystrophy type 2	ricker syndrome	syndrome
GARD:0009728	myotonic dystrophy type 2	myotonic dystrophy 2	myotonic
GARD:0009728	myotonic dystrophy type 2	myotonic dystrophy 2	dystrophy
GARD:0009728	myotonic dystrophy type 2	dystrophia myotonica 2	dystrophia
GARD:0009729	hereditary spastic paraplegia 29	spastic paraplegia 29	spastic
GARD:0009729	hereditary spastic paraplegia 29	spastic paraplegia 29	paraplegia
GARD:0009730	Danon disease	antopol disease	disease
GARD:0009733	autosomal recessive congenital ichthyosis 4A	ichthyosis lamellar 2	ichthyosis
GARD:0009733	autosomal recessive congenital ichthyosis 4A	ichthyosis lamellar 2	lamellar
GARD:0009733	autosomal recessive congenital ichthyosis 4A	ichthyosis, lamellar, 2	ichthyosis
GARD:0009733	autosomal recessive congenital ichthyosis 4A	ichthyosis, lamellar, 2	lamellar
GARD:0009733	autosomal recessive congenital ichthyosis 4A	lamellar ichthyosis 2	lamellar
GARD:0009733	autosomal recessive congenital ichthyosis 4A	lamellar ichthyosis 2	ichthyosis
GARD:0009734	autosomal recessive congenital ichthyosis 5	ichthyosis congenita 3	ichthyosis
GARD:0009734	autosomal recessive congenital ichthyosis 5	ichthyosis, lamellar, 3	ichthyosis
GARD:0009734	autosomal recessive congenital ichthyosis 5	ichthyosis, lamellar, 3	lamellar
GARD:0009734	autosomal recessive congenital ichthyosis 5	ichthyosis lamellar 3	ichthyosis
GARD:0009734	autosomal recessive congenital ichthyosis 5	ichthyosis lamellar 3	lamellar
GARD:0009736	congenital non-bullous ichthyosiform erythroderma	erythrodermic ichthyosis	ichthyosis
GARD:0009736	congenital non-bullous ichthyosiform erythroderma	lamellar ichthyosis	lamellar
GARD:0009736	congenital non-bullous ichthyosiform erythroderma	lamellar ichthyosis	ichthyosis
GARD:0009736	congenital non-bullous ichthyosiform erythroderma	alligator skin	alligator
GARD:0009736	congenital non-bullous ichthyosiform erythroderma	alligator skin	skin
GARD:0009742	ancylostomiasis	hookworm infection	hookworm
GARD:0009742	ancylostomiasis	hookworm infection	infection
GARD:0009744	atrophoderma vermiculata	atrophoderma vermiculatum	atrophoderma
GARD:0009744	atrophoderma vermiculata	honeycomb atrophy	honeycomb
GARD:0009744	atrophoderma vermiculata	honeycomb atrophy	atrophy
GARD:0009744	atrophoderma vermiculata	folliculitis ulerythematosa	folliculitis
GARD:0009747	cercarial dermatitis	duck Itch	duck
GARD:0009747	cercarial dermatitis	duck Itch	itch
GARD:0009747	cercarial dermatitis	cutaneous schistosomiasis	cutaneous
GARD:0009747	cercarial dermatitis	cutaneous schistosomiasis	schistosomiasis
GARD:0009747	cercarial dermatitis	lake Itch	lake
GARD:0009747	cercarial dermatitis	lake Itch	itch
GARD:0009748	systemic sclerosis	diffuse sclerosis	diffuse
GARD:0009748	systemic sclerosis	diffuse sclerosis	sclerosis
GARD:0009748	systemic sclerosis	Scleroderma, diffuse	scleroderma
GARD:0009748	systemic sclerosis	Scleroderma, diffuse	diffuse
GARD:0009748	systemic sclerosis	diffuse Scleroderma	diffuse
GARD:0009748	systemic sclerosis	diffuse Scleroderma	scleroderma
GARD:0009748	systemic sclerosis	Scleroderma syndrome	scleroderma
GARD:0009748	systemic sclerosis	Scleroderma syndrome	syndrome
GARD:0009748	systemic sclerosis	Scleroderma	scleroderma
GARD:0009748	systemic sclerosis	Scleroderma, systemic	scleroderma
GARD:0009748	systemic sclerosis	Scleroderma, systemic	systemic
GARD:0009748	systemic sclerosis	systemic scleroderma	systemic
GARD:0009748	systemic sclerosis	systemic scleroderma	scleroderma
GARD:0009749	limited systemic sclerosis	Scleroderma, sine	scleroderma
GARD:0009749	limited systemic sclerosis	Scleroderma, sine	sine
GARD:0009759	leukonychia totalis	total leukonychia	total
GARD:0009760	nonsyndromic congenital nail disorder 2	Koilonychia, hereditary	hereditary
GARD:0009760	nonsyndromic congenital nail disorder 2	familial koilonychia	familial
GARD:0009760	nonsyndromic congenital nail disorder 2	spoon nails	spoon
GARD:0009760	nonsyndromic congenital nail disorder 2	congenital koilonychia	congenital
GARD:0009760	nonsyndromic congenital nail disorder 2	hereditary koilonychia	hereditary
GARD:0009768	acute lichenoid pityriasis	Habermanns disease	disease
GARD:0009768	acute lichenoid pityriasis	Habermann disease	disease
GARD:0009768	acute lichenoid pityriasis	disease, Habermann	disease
GARD:0009769	oligoastrocytoma	mixed oligoastrocytoma	mixed
GARD:0009790	anterior ischemic optic neuropathy	aion	aion
GARD:0009796	autoimmune lymphoproliferative syndrome type 2B	caspase 8 deficiency	deficiency
GARD:0009798	auriculocondylar syndrome	dysgnathia complex	complex
GARD:0009802	progressive familial intrahepatic cholestasis type 1	Byler disease	disease
GARD:0009806	autosomal dominant vibratory urticaria	dermodistortive urticaria	urticaria
GARD:0009806	autosomal dominant vibratory urticaria	angioedema, vibratory	vibratory
GARD:0009806	autosomal dominant vibratory urticaria	vibratory angioedema	vibratory
GARD:0009808	pilocytic astrocytoma	astrocytoma, benign	astrocytoma
GARD:0009808	pilocytic astrocytoma	astrocytoma, benign	benign
GARD:0009808	pilocytic astrocytoma	Piloid astrocytoma	astrocytoma
GARD:0009815	paragonimiasis	pulmonary paragonimiasis	pulmonary
GARD:0009815	paragonimiasis	pulmonary paragonimiasis	paragonimiasis
GARD:0009817	dystonia 5	dystonia type 5	type
GARD:0009817	dystonia 5	Segawa Syndrome	syndrome
GARD:0009823	congenital acardia	acardia	acardia
GARD:0009826	PMM2-congenital disorder of glycosylation	Jaeken syndrome	syndrome
GARD:0009826	PMM2-congenital disorder of glycosylation	phosphomannomutase 2 deficiency	deficiency
GARD:0009827	ALG3-congenital disorder of glycosylation	mannosyltransferase 6 deficiency	deficiency
GARD:0009828	MGAT2-congenital disorder of glycosylation	Alkuraya syndrome	syndrome
GARD:0009829	ALG6-congenital disorder of glycosylation 1C	glucosyltransferase 1 deficiency	deficiency
GARD:0009830	MPI-congenital disorder of glycosylation	Mpi deficiency	deficiency
GARD:0009830	MPI-congenital disorder of glycosylation	slsj syndrome	syndrome
GARD:0009833	ALG12-congenital disorder of glycosylation	mannosyltransferase 8 deficiency	deficiency
GARD:0009834	ALG8-congenital disorder of glycosylation	glucosyltransferase 2 deficiency	deficiency
GARD:0009836	ALG2-congenital disorder of glycosylation	mannosyltransferase 2 deficiency	deficiency
GARD:0009838	ALG1-congenital disorder of glycosylation	mannosyltransferase 1 deficiency	deficiency
GARD:0009843	primary familial polycythemia due to EPO receptor mutation	familial erythrocytosis, 1	familial
GARD:0009843	primary familial polycythemia due to EPO receptor mutation	familial erythrocytosis, 1	erythrocytosis
GARD:0009843	primary familial polycythemia due to EPO receptor mutation	erythrocytosis, familial, 1	erythrocytosis
GARD:0009843	primary familial polycythemia due to EPO receptor mutation	erythrocytosis, familial, 1	familial
GARD:0009843	primary familial polycythemia due to EPO receptor mutation	erythrocytosis, somatic	erythrocytosis
GARD:0009843	primary familial polycythemia due to EPO receptor mutation	erythrocytosis, somatic	somatic
GARD:0009843	primary familial polycythemia due to EPO receptor mutation	familial erythrocytosis	familial
GARD:0009843	primary familial polycythemia due to EPO receptor mutation	familial erythrocytosis	erythrocytosis
GARD:0009843	primary familial polycythemia due to EPO receptor mutation	familial erythrocytosis 1	familial
GARD:0009843	primary familial polycythemia due to EPO receptor mutation	familial erythrocytosis 1	erythrocytosis
GARD:0009847	heart-hand syndrome type 2	Tabatznik syndrome	syndrome
GARD:0009857	inflammatory bowel disease 1	ulcerative colitis	ulcerative
GARD:0009857	inflammatory bowel disease 1	ulcerative colitis	colitis
GARD:0009857	inflammatory bowel disease 1	Crohn disease	disease
GARD:0009857	inflammatory bowel disease 1	regional enteritis	regional
GARD:0009857	inflammatory bowel disease 1	regional enteritis	enteritis
GARD:0009862	thrombocytopenia, cyclic	thrombocytopenia cyclic	thrombocytopenia
GARD:0009862	thrombocytopenia, cyclic	thrombocytopenia cyclic	cyclic
GARD:0009862	thrombocytopenia, cyclic	cyclic thrombocytopenia	cyclic
GARD:0009862	thrombocytopenia, cyclic	cyclic thrombocytopenia	thrombocytopenia
GARD:0009867	spinocerebellar ataxia type 14	spinocerebellar ataxia 14	spinocerebellar
GARD:0009867	spinocerebellar ataxia type 14	spinocerebellar ataxia 14	ataxia
GARD:0009870	hyperinsulinemic hypoglycemia, familial, 4	had deficiency	had
GARD:0009870	hyperinsulinemic hypoglycemia, familial, 4	had deficiency	deficiency
GARD:0009873	lateral meningocele syndrome	Lehman syndrome	syndrome
GARD:0009886	ichthyosis prematurity syndrome	ichthyosis congenita 4	ichthyosis
GARD:0009887	benign concentric annular macular dystrophy	retinitis pigmentosa 91	retinitis
GARD:0009890	autosomal dominant optic atrophy, classic form	optic atrophy 1	optic
GARD:0009890	autosomal dominant optic atrophy, classic form	optic atrophy 1	atrophy
GARD:0009892	cataract 18	cataract type 18	cataract
GARD:0009892	cataract 18	cataract type 18	type
GARD:0009900	congenital pulmonary lymphangiectasia	lymphangiomatosis, pulmonary	pulmonary
GARD:0009900	congenital pulmonary lymphangiectasia	pulmonary lymphangiomatosis	pulmonary
GARD:0009900	congenital pulmonary lymphangiectasia	lymphangiomatosis pulmonary	pulmonary
GARD:0009903	polysyndactyly 4	polysyndactyly uncomplicated	uncomplicated
GARD:0009903	polysyndactyly 4	polydactyly preaxial 4	polydactyly
GARD:0009903	polysyndactyly 4	polydactyly preaxial 4	preaxial
GARD:0009903	polysyndactyly 4	polydactyly, preaxial 4	polydactyly
GARD:0009903	polysyndactyly 4	polydactyly, preaxial 4	preaxial
GARD:0009903	polysyndactyly 4	polysyndactyly, uncomplicated	uncomplicated
GARD:0009903	polysyndactyly 4	preaxial polydactyly 4	preaxial
GARD:0009903	polysyndactyly 4	preaxial polydactyly 4	polydactyly
GARD:0009911	fibromatosis, gingival, 3	gingival fibromatosis, 3	gingival
GARD:0009911	fibromatosis, gingival, 3	gingival fibromatosis, 3	fibromatosis
GARD:0009912	Lennox-Gastaut syndrome	Lennox syndrome	syndrome
GARD:0009927	hyperinsulinemic hypoglycemia, familial, 2	hyperinsulinism, congenital	congenital
GARD:0009927	hyperinsulinemic hypoglycemia, familial, 2	hyperinsulinism, familial	familial
GARD:0009927	hyperinsulinemic hypoglycemia, familial, 2	hyperinsulinism, neonatal	neonatal
GARD:0009937	myopia 6	myopia type 6	myopia
GARD:0009937	myopia 6	myopia type 6	type
GARD:0009941	facioscapulohumeral muscular dystrophy	facioscapulohumeral myopathy	facioscapulohumeral
GARD:0009941	facioscapulohumeral muscular dystrophy	facioscapulohumeral myopathy	myopathy
GARD:0009941	facioscapulohumeral muscular dystrophy	facioscapulohumeral dystrophy	facioscapulohumeral
GARD:0009941	facioscapulohumeral muscular dystrophy	facioscapulohumeral dystrophy	dystrophy
GARD:0009950	spinocerebellar ataxia type 23	spinocerebellar ataxia 23	spinocerebellar
GARD:0009950	spinocerebellar ataxia type 23	spinocerebellar ataxia 23	ataxia
GARD:0009951	spinocerebellar ataxia type 28	spinocerebellar ataxia 28	spinocerebellar
GARD:0009951	spinocerebellar ataxia type 28	spinocerebellar ataxia 28	ataxia
GARD:0009952	congenital primary aphakia	congenital aphakia	congenital
GARD:0009952	congenital primary aphakia	congenital aphakia	aphakia
GARD:0009953	oligodendroglioma	oligodendroglial tumor	tumor
GARD:0009953	oligodendroglioma	oligodendroglial neoplasm	neoplasm
GARD:0009961	nodular malignant melanoma	nodular melanoma	nodular
GARD:0009961	nodular malignant melanoma	nodular melanoma	melanoma
GARD:0009963	spinocerebellar ataxia type 27	spinocerebellar ataxia 27	spinocerebellar
GARD:0009963	spinocerebellar ataxia type 27	spinocerebellar ataxia 27	ataxia
GARD:0009965	hypercoagulability syndrome due to glycosylphosphatidylinositol deficiency	glycosylphosphatidylinositol deficiency	deficiency
GARD:0009970	spinocerebellar ataxia type 4	spinocerebellar ataxia 4	spinocerebellar
GARD:0009970	spinocerebellar ataxia type 4	spinocerebellar ataxia 4	ataxia
GARD:0009973	splenic infarction	splenic infarct	splenic
GARD:0009973	splenic infarction	splenic infarct	infarct
GARD:0009973	splenic infarction	splenic infarcts	splenic
GARD:0009974	breast angiosarcoma	breast hemangiosarcoma	breast
GARD:0009974	breast angiosarcoma	breast hemangiosarcoma	hemangiosarcoma
GARD:0009975	spinocerebellar ataxia type 31	spinocerebellar ataxia 31	spinocerebellar
GARD:0009975	spinocerebellar ataxia type 31	spinocerebellar ataxia 31	ataxia
GARD:0009976	spinocerebellar ataxia type 18	spinocerebellar ataxia 18	spinocerebellar
GARD:0009976	spinocerebellar ataxia type 18	spinocerebellar ataxia 18	ataxia
GARD:0009987	severe combined immunodeficiency due to dclre1c deficiency	artemis deficiency	artemis
GARD:0009987	severe combined immunodeficiency due to dclre1c deficiency	artemis deficiency	deficiency
GARD:0009991	Ehlers-Danlos syndrome, spondylodysplastic type	galactosyltransferase 1 deficiency	deficiency
GARD:0009994	clark-baraitser syndrome	Baraitser syndrome	syndrome
GARD:0009995	spinocerebellar ataxia type 26	spinocerebellar ataxia 26	spinocerebellar
GARD:0009995	spinocerebellar ataxia type 26	spinocerebellar ataxia 26	ataxia
GARD:0009996	spinocerebellar ataxia type 25	spinocerebellar ataxia 25	spinocerebellar
GARD:0009996	spinocerebellar ataxia type 25	spinocerebellar ataxia 25	ataxia
GARD:0009997	spinocerebellar ataxia type 20	spinocerebellar ataxia 20	spinocerebellar
GARD:0009997	spinocerebellar ataxia type 20	spinocerebellar ataxia 20	ataxia
GARD:0009999	spinocerebellar ataxia type 21	spinocerebellar ataxia 21	spinocerebellar
GARD:0009999	spinocerebellar ataxia type 21	spinocerebellar ataxia 21	ataxia
GARD:0010001	congenital secretory chloride diarrhea 1	Chloridorrhea, congenital	congenital
GARD:0010001	congenital secretory chloride diarrhea 1	congenital chloridorrhea	congenital
GARD:0010009	opsoclonus-myoclonus syndrome	Kinsbourne syndrome	syndrome
GARD:0010009	opsoclonus-myoclonus syndrome	oma syndrome	syndrome
GARD:0010014	pellagra	niacin deficiency	niacin
GARD:0010014	pellagra	niacin deficiency	deficiency
GARD:0010026	piriformis syndrome	syndrome, piriformis	syndrome
GARD:0010026	piriformis syndrome	pyriformis syndrome	pyriformis
GARD:0010026	piriformis syndrome	pyriformis syndrome	syndrome
GARD:0010026	piriformis syndrome	wallet sciatica	wallet
GARD:0010026	piriformis syndrome	wallet sciatica	sciatica
GARD:0010027	campomelic dysplasia	campomelic dwarfism	dwarfism
GARD:0010027	campomelic dysplasia	Campomelic Syndrome	syndrome
GARD:0010027	campomelic dysplasia	camptomelic dysplasia	dysplasia
GARD:0010028	benign recurrent intrahepatic cholestasis type 1	Summerskill syndrome	syndrome
GARD:0010028	benign recurrent intrahepatic cholestasis type 1	Bric type 1	type
GARD:0010029	benign recurrent intrahepatic cholestasis type 2	Bric type 2	type
GARD:0010035	prosopagnosia, hereditary	congenital prosopagnosia	congenital
GARD:0010035	prosopagnosia, hereditary	hereditary prosopagnosia	hereditary
GARD:0010035	prosopagnosia, hereditary	prosopagnosia, congenital	congenital
GARD:0010035	prosopagnosia, hereditary	face blindness	face
GARD:0010035	prosopagnosia, hereditary	face blindness	blindness
GARD:0010035	prosopagnosia, hereditary	developmental prosopagnosia	developmental
GARD:0010035	prosopagnosia, hereditary	prosopagnosia, developmental	developmental
GARD:0010039	encephalopathy due to hydroxykynureninuria	kynureninase deficiency	deficiency
GARD:0010041	choanal atresia-hearing loss-cardiac defects-craniofacial dysmorphism syndrome	oculootofacial dysplasia	dysplasia
GARD:0010047	inherited glutathione synthetase deficiency	pyroglutamic aciduria	pyroglutamic
GARD:0010047	inherited glutathione synthetase deficiency	oxoprolinase deficiency	deficiency
GARD:0010048	isolated congenital anonychia	congenital anonychia	congenital
GARD:0010048	isolated congenital anonychia	congenital anonychia	anonychia
GARD:0010048	isolated congenital anonychia	isolated anonychia	isolated
GARD:0010048	isolated congenital anonychia	isolated anonychia	anonychia
GARD:0010049	central areolar choroidal dystrophy	choroidal dystrophy	choroidal
GARD:0010049	central areolar choroidal dystrophy	choroidal dystrophy	dystrophy
GARD:0010053	lipomyelomeningocele	familial lipomyelomeningocele	familial
GARD:0010057	spondyloepimetaphyseal dysplasia, genevieve type	Nans deficiency	deficiency
GARD:0010070	subependymoma	subependymal glioma	glioma
GARD:0010070	subependymoma	subependymal astrocytoma	astrocytoma
GARD:0010071	pulmonic stenosis	pulmonary stenosis	pulmonary
GARD:0010071	pulmonic stenosis	pulmonary stenosis	stenosis
GARD:0010072	diaphyseal medullary stenosis-bone malignancy syndrome	Hardcastle syndrome	syndrome
GARD:0010073	cerebral sarcoma	telencephalon sarcoma	telencephalon
GARD:0010073	cerebral sarcoma	telencephalon sarcoma	sarcoma
GARD:0010074	nephropathic cystinosis	cystinosis, nephropathic	nephropathic
GARD:0010075	dermatitis herpetiformis	dermatosis herpetiformis	dermatosis
GARD:0010091	Sotos syndrome	Sotos' syndrome	syndrome
GARD:0010091	Sotos syndrome	cerebral gigantism	cerebral
GARD:0010091	Sotos syndrome	cerebral gigantism	gigantism
GARD:0010092	hemochromatosis type 2	hemochromatosis juvenile	hemochromatosis
GARD:0010092	hemochromatosis type 2	hemochromatosis juvenile	juvenile
GARD:0010092	hemochromatosis type 2	juvenile hemochromatosis	juvenile
GARD:0010092	hemochromatosis type 2	juvenile hemochromatosis	hemochromatosis
GARD:0010093	hemochromatosis type 3	hemochromatosis, type 3	hemochromatosis
GARD:0010093	hemochromatosis type 3	hemochromatosis, type 3	type
GARD:0010094	hemochromatosis type 4	hemochromatosis, type 4	hemochromatosis
GARD:0010094	hemochromatosis type 4	hemochromatosis, type 4	type
GARD:0010094	hemochromatosis type 4	ferroportin disease	disease
GARD:0010096	hereditary leiomyomatosis and renal cell cancer	Reed syndrome	reed
GARD:0010096	hereditary leiomyomatosis and renal cell cancer	Reed syndrome	syndrome
GARD:0010096	hereditary leiomyomatosis and renal cell cancer	leiomyomatosis familial	familial
GARD:0010096	hereditary leiomyomatosis and renal cell cancer	familial leiomyomatosis	familial
GARD:0010096	hereditary leiomyomatosis and renal cell cancer	hereditary leiomyomatosis	hereditary
GARD:0010101	spondyloepimetaphyseal dysplasia-hypotrichosis syndrome	Whyte syndrome	syndrome
GARD:0010108	congenital myasthenic syndrome 4C	cms id	id
GARD:0010111	nemaline myopathy 3	actin myopathy	actin
GARD:0010111	nemaline myopathy 3	actin myopathy	myopathy
GARD:0010118	Oguchi disease	Oguchi syndrome	syndrome
GARD:0010127	hypogonadotropic hypogonadism 23 with or without anosmia	Pasqualini syndrome	syndrome
GARD:0010138	torsion dystonia 4	whispering dysphonia	whispering
GARD:0010138	torsion dystonia 4	whispering dysphonia	dysphonia
GARD:0010140	bohring-opitz syndrome	Bohring syndrome	syndrome
GARD:0010140	bohring-opitz syndrome	Bos syndrome	bos
GARD:0010140	bohring-opitz syndrome	Bos syndrome	syndrome
GARD:0010147	branchio-oto-renal syndrome	branchiootorenal dysplasia	dysplasia
GARD:0010147	branchio-oto-renal syndrome	branchiootorenal syndrome	syndrome
GARD:0010147	branchio-oto-renal syndrome	bor syndrome	bor
GARD:0010147	branchio-oto-renal syndrome	bor syndrome	syndrome
GARD:0010148	branchiootic syndrome	bo syndrome	bo
GARD:0010148	branchiootic syndrome	bo syndrome	syndrome
GARD:0010148	branchiootic syndrome	branchiootic dysplasia	dysplasia
GARD:0010156	congenital chylothorax	chylothorax, congenital	chylothorax
GARD:0010156	congenital chylothorax	chylothorax, congenital	congenital
GARD:0010156	congenital chylothorax	hydrothorax, congenital	hydrothorax
GARD:0010156	congenital chylothorax	hydrothorax, congenital	congenital
GARD:0010163	Curly hair - acral keratoderma - caries syndrome	Chac syndrome	chac
GARD:0010163	Curly hair - acral keratoderma - caries syndrome	Chac syndrome	syndrome
GARD:0010167	Joubert syndrome 2	cerebellooculorenal syndrome 2	syndrome
GARD:0010168	Joubert syndrome with ocular defect	Joubert syndrome 3	joubert
GARD:0010168	Joubert syndrome with ocular defect	Joubert syndrome 3	syndrome
GARD:0010169	Joubert syndrome with renal defect	Joubert syndrome 4	joubert
GARD:0010169	Joubert syndrome with renal defect	Joubert syndrome 4	syndrome
GARD:0010173	florid cemento-osseous dysplasia	Gigantiform cementoma	cementoma
GARD:0010175	hilar cholangiocarcinoma	Klatskin tumor	tumor
GARD:0010177	Mirizzi syndrome	Mirizzis syndrome	syndrome
GARD:0010177	Mirizzi syndrome	syndrome, Mirizzi	syndrome
GARD:0010186	bladder urachal adenocarcinoma	urachus adenocarcinoma	urachus
GARD:0010186	bladder urachal adenocarcinoma	urachus adenocarcinoma	adenocarcinoma
GARD:0010186	bladder urachal adenocarcinoma	urachal adenocarcinoma	urachal
GARD:0010186	bladder urachal adenocarcinoma	urachal adenocarcinoma	adenocarcinoma
GARD:0010212	congenital generalized lipodystrophy type 2	Seip syndrome	syndrome
GARD:0010212	congenital generalized lipodystrophy type 2	Berardinelli syndrome	syndrome
GARD:0010215	citrullinemia type ii	citrullinemia type 2	type
GARD:0010220	spondyloepiphyseal dysplasia with metatarsal shortening	Czech dysplasia	czech
GARD:0010220	spondyloepiphyseal dysplasia with metatarsal shortening	Czech dysplasia	dysplasia
GARD:0010223	isobutyryl-coa dehydrogenase deficiency	isobutyric aciduria	isobutyric
GARD:0010224	Zygomycosis	mucormycosis	mucormycosis
GARD:0010252	Sjogren syndrome	sicca syndrome	sicca
GARD:0010252	Sjogren syndrome	sicca syndrome	syndrome
GARD:0010263	hydatidiform mole	molar pregnancy	molar
GARD:0010263	hydatidiform mole	molar pregnancy	pregnancy
GARD:0010263	hydatidiform mole	hydatid mole	hydatid
GARD:0010263	hydatidiform mole	hydatid mole	mole
GARD:0010264	spinal meningioma	meningioma, spine	spine
GARD:0010287	childhood epilepsy with centrotemporal spikes	centralopathic epilepsy	epilepsy
GARD:0010287	childhood epilepsy with centrotemporal spikes	sylvan seizures	sylvan
GARD:0010287	childhood epilepsy with centrotemporal spikes	centrotemporal epilepsy	epilepsy
GARD:0010291	linear nevus sebaceous syndrome	sfm syndrome	syndrome
GARD:0010291	linear nevus sebaceous syndrome	organoid Nevus	organoid
GARD:0010291	linear nevus sebaceous syndrome	organoid Nevus	nevus
GARD:0010291	linear nevus sebaceous syndrome	Schimmelpenning syndrome	syndrome
GARD:0010291	linear nevus sebaceous syndrome	Solomon syndrome	solomon
GARD:0010291	linear nevus sebaceous syndrome	Solomon syndrome	syndrome
GARD:0010295	syndactyly-telecanthus-anogenital and renal malformations syndrome	star syndrome	star
GARD:0010295	syndactyly-telecanthus-anogenital and renal malformations syndrome	star syndrome	syndrome
GARD:0010297	ghosal hematodiaphyseal dysplasia	Ghosal syndrome	syndrome
GARD:0010299	22q11.2 deletion syndrome	catch 22	catch
GARD:0010299	22q11.2 deletion syndrome	DiGeorge sequence	sequence
GARD:0010299	22q11.2 deletion syndrome	Takao syndrome	takao
GARD:0010299	22q11.2 deletion syndrome	Takao syndrome	syndrome
GARD:0010299	22q11.2 deletion syndrome	DiGeorge syndrome	syndrome
GARD:0010299	22q11.2 deletion syndrome	Sedlackova syndrome	syndrome
GARD:0010299	22q11.2 deletion syndrome	Shprintzen syndrome	syndrome
GARD:0010299	22q11.2 deletion syndrome	velocardiofacial syndrome	syndrome
GARD:0010312	neurogenic scapuloperoneal syndrome, kaeser type	Kaeser syndrome	syndrome
GARD:0010316	congenital multicore myopathy with external ophthalmoplegia	multicore myopathy	multicore
GARD:0010316	congenital multicore myopathy with external ophthalmoplegia	multicore myopathy	myopathy
GARD:0010316	congenital multicore myopathy with external ophthalmoplegia	minicore myopathy	myopathy
GARD:0010319	autosomal dominant prognathism	prognathism mandibular	prognathism
GARD:0010319	autosomal dominant prognathism	prognathism mandibular	mandibular
GARD:0010319	autosomal dominant prognathism	Habsburg jaw	jaw
GARD:0010319	autosomal dominant prognathism	prognathism, mandibular	prognathism
GARD:0010319	autosomal dominant prognathism	prognathism, mandibular	mandibular
GARD:0010319	autosomal dominant prognathism	'Habsburg jaw'	jaw
GARD:0010319	autosomal dominant prognathism	Hapsburg jaw	jaw
GARD:0010319	autosomal dominant prognathism	'Hapsburg jaw'	jaw
GARD:0010321	3-methylglutaconic aciduria type 1	Mga, type 1	type
GARD:0010324	mild phenylketonuria	variant phenylketonuria	variant
GARD:0010332	tyrosinemia type iii	tyrosinemia, type 3	type
GARD:0010332	tyrosinemia type iii	tyrosinemia type 3	type
GARD:0010335	mucopolysaccharidosis type 1	Hurler syndrome	hurler
GARD:0010335	mucopolysaccharidosis type 1	Hurler syndrome	syndrome
GARD:0010335	mucopolysaccharidosis type 1	mucopolysaccharidosis I	i
GARD:0010335	mucopolysaccharidosis type 1	mucopolysaccharidosis, type 1	type
GARD:0010342	3-methylglutaconic aciduria type 4	Mga, type 4	type
GARD:0010346	gamma-heavy chain disease	Franklin disease	franklin
GARD:0010346	gamma-heavy chain disease	Franklin disease	disease
GARD:0010350	acquired hemophilia	hemophilia, acquired	hemophilia
GARD:0010350	acquired hemophilia	hemophilia, acquired	acquired
GARD:0010351	spinocerebellar ataxia type 6	spinocerebellar ataxia 6	spinocerebellar
GARD:0010351	spinocerebellar ataxia type 6	spinocerebellar ataxia 6	ataxia
GARD:0010353	inherited porphyria	hereditary porphyria	hereditary
GARD:0010353	inherited porphyria	hereditary porphyria	porphyria
GARD:0010353	inherited porphyria	porphyria	porphyria
GARD:0010363	nonsyndromic congenital nail disorder 1	nail Growth	nail
GARD:0010363	nonsyndromic congenital nail disorder 1	nail Growth	growth
GARD:0010363	nonsyndromic congenital nail disorder 1	idiopathic trachyonychia	idiopathic
GARD:0010363	nonsyndromic congenital nail disorder 1	sandpaper nails	sandpaper
GARD:0010366	Toriello-Lacassie-Droste syndrome	oculoectodermal syndrome	syndrome
GARD:0010372	diarrhea-vomiting due to trehalase deficiency	trehalase deficiency	trehalase
GARD:0010372	diarrhea-vomiting due to trehalase deficiency	trehalase deficiency	deficiency
GARD:0010372	diarrhea-vomiting due to trehalase deficiency	trehalose intolerance	trehalose
GARD:0010372	diarrhea-vomiting due to trehalase deficiency	trehalose intolerance	intolerance
GARD:0010381	retinitis pigmentosa 3	retinitis pigmentosa 15	retinitis
GARD:0010401	retinitis pigmentosa 30	macular Degeneration	macular
GARD:0010401	retinitis pigmentosa 30	macular Degeneration	degeneration
GARD:0010414	goblet cell carcinoma	mucinous carcinoid	mucinous
GARD:0010414	goblet cell carcinoma	mucinous carcinoid	carcinoid
GARD:0010419	myotonic dystrophy	myotonia atrophica	myotonia
GARD:0010419	myotonic dystrophy	myotonic disease	myotonic
GARD:0010419	myotonic dystrophy	myotonic disease	disease
GARD:0010419	myotonic dystrophy	myotonia dystrophica	myotonia
GARD:0010420	neurofibromatosis	acoustic neurofibromatosis	acoustic
GARD:0010420	neurofibromatosis	acoustic neurofibromatosis	neurofibromatosis
GARD:0010420	neurofibromatosis	neurofibromatosis type 2	neurofibromatosis
GARD:0010420	neurofibromatosis	neurofibromatosis type 2	type
GARD:0010420	neurofibromatosis	peripheral Neurofibromatosis	peripheral
GARD:0010420	neurofibromatosis	peripheral Neurofibromatosis	neurofibromatosis
GARD:0010420	neurofibromatosis	central Neurofibromatosis	central
GARD:0010420	neurofibromatosis	central Neurofibromatosis	neurofibromatosis
GARD:0010420	neurofibromatosis	neurofibromatosis syndrome	neurofibromatosis
GARD:0010420	neurofibromatosis	neurofibromatosis syndrome	syndrome
GARD:0010420	neurofibromatosis	neurofibromatosis type 4	neurofibromatosis
GARD:0010420	neurofibromatosis	neurofibromatosis type 4	type
GARD:0010424	CARASIL syndrome	Maeda syndrome	syndrome
GARD:0010427	X-linked hypohidrotic ectodermal dysplasia	ectodermal dysplasia 1	ectodermal
GARD:0010427	X-linked hypohidrotic ectodermal dysplasia	ectodermal dysplasia 1	dysplasia
GARD:0010428	pure autonomic failure	Pure dysautonomia	pure
GARD:0010429	autosomal dominant brachyolmia	brachyolmia type 3	type
GARD:0010438	malignant syringoma	syringomatous carcinoma	carcinoma
GARD:0010438	malignant syringoma	syringoma, malignant	malignant
GARD:0010445	transaldolase deficiency	taldo deficiency	deficiency
GARD:0010445	transaldolase deficiency	Eyaid syndrome	syndrome
GARD:0010460	GCGR-related hyperglucagonemia	Mahvash disease	disease
GARD:0010466	malignant spiradenoma	spiradenoma, malignant	malignant
GARD:0010468	myocardial rupture	Heart Rupture	heart
GARD:0010468	myocardial rupture	Heart Rupture	rupture
GARD:0010468	myocardial rupture	Heart Ruptures	heart
GARD:0010468	myocardial rupture	Cardiac Rupture	cardiac
GARD:0010468	myocardial rupture	Cardiac Rupture	rupture
GARD:0010468	myocardial rupture	Cardiac Ruptures	cardiac
GARD:0010469	spinocerebellar ataxia type 17	olivopontocerebellar atrophy 5	atrophy
GARD:0010469	spinocerebellar ataxia type 17	spinocerebellar ataxia 17	spinocerebellar
GARD:0010469	spinocerebellar ataxia type 17	spinocerebellar ataxia 17	ataxia
GARD:0010470	BK-virus nephropathy	Polyomavirus nephropathy	nephropathy
GARD:0010474	spinocerebellar ataxia type 10	spinocerebellar ataxia 10	spinocerebellar
GARD:0010474	spinocerebellar ataxia type 10	spinocerebellar ataxia 10	ataxia
GARD:0010475	spinocerebellar ataxia type 11	spinocerebellar ataxia 11	spinocerebellar
GARD:0010475	spinocerebellar ataxia type 11	spinocerebellar ataxia 11	ataxia
GARD:0010476	spinocerebellar ataxia type 12	spinocerebellar ataxia 12	spinocerebellar
GARD:0010476	spinocerebellar ataxia type 12	spinocerebellar ataxia 12	ataxia
GARD:0010477	spinocerebellar ataxia type 15/16	spinocerebellar ataxia 15	spinocerebellar
GARD:0010477	spinocerebellar ataxia type 15/16	spinocerebellar ataxia 15	ataxia
GARD:0010477	spinocerebellar ataxia type 15/16	spinocerebellar ataxia 16	spinocerebellar
GARD:0010477	spinocerebellar ataxia type 15/16	spinocerebellar ataxia 16	ataxia
GARD:0010480	spinocerebellar ataxia type 29	spinocerebellar ataxia 29	spinocerebellar
GARD:0010480	spinocerebellar ataxia type 29	spinocerebellar ataxia 29	ataxia
GARD:0010481	cerebellar ataxia type 9	spinocerebellar ataxia 9	spinocerebellar
GARD:0010481	cerebellar ataxia type 9	spinocerebellar ataxia 9	ataxia
GARD:0010486	craniopharyngioma	cystoma	cystoma
GARD:0010486	craniopharyngioma	Adamantinomatous tumor	tumor
GARD:0010486	craniopharyngioma	craniopharyngioma, benign	benign
GARD:0010494	meconium aspiration syndrome	aspiration, meconium	aspiration
GARD:0010494	meconium aspiration syndrome	aspiration, meconium	meconium
GARD:0010494	meconium aspiration syndrome	meconium aspiration	meconium
GARD:0010494	meconium aspiration syndrome	meconium aspiration	aspiration
GARD:0010494	meconium aspiration syndrome	meconium inhalation	meconium
GARD:0010494	meconium aspiration syndrome	meconium inhalation	inhalation
GARD:0010495	wilson-mikity syndrome	pulmonary dysmaturity	pulmonary
GARD:0010504	craniorachischisis	cranial rachischisis	cranial
GARD:0010504	craniorachischisis	cranial rachischisis	rachischisis
GARD:0010504	craniorachischisis	craniorachischisis (disease)	disease
GARD:0010505	cryptophthalmia	cryptophthalmos	cryptophthalmos
GARD:0010514	east syndrome	sesame syndrome	sesame
GARD:0010514	east syndrome	sesame syndrome	syndrome
GARD:0010515	tracheomalacia	type 1 tracheomalacia	type
GARD:0010515	tracheomalacia	congenital tracheomalacia	congenital
GARD:0010515	tracheomalacia	tracheomalacia, congenital	congenital
GARD:0010518	orofaciodigital syndrome iii	orofaciodigital syndrome 3	syndrome
GARD:0010518	orofaciodigital syndrome iii	Sugarman syndrome	syndrome
GARD:0010520	orofaciodigital syndrome ix	orofaciodigital syndrome 9	syndrome
GARD:0010523	combined immunodeficiency due to stim1 deficiency	immunodeficiency type 10	type
GARD:0010524	combined immunodeficiency due to orai1 deficiency	immunodeficiency type 9	type
GARD:0010529	myofibrillar myopathy	Desminopathy (type)	type
GARD:0010529	myofibrillar myopathy	filaminopathy (type)	type
GARD:0010529	myofibrillar myopathy	myotilinopathy (type)	type
GARD:0010529	myofibrillar myopathy	Zaspopathy (type)	type
GARD:0010533	X-linked dystonia-parkinsonism	Lubag syndrome	syndrome
GARD:0010539	dystonia 16	dystonia type 16	type
GARD:0010543	neurofibromatosis-pheochromocytoma-duodenal carcinoid syndrome	Npdc syndrome	syndrome
GARD:0010544	paragangliomas 2	paragangliomas type 2	type
GARD:0010545	paragangliomas 3	paragangliomas type 3	type
GARD:0010546	paragangliomas 4	paragangliomas type 4	type
GARD:0010550	Mycobacterium xenopi infection	M. xenopi	m
GARD:0010550	Mycobacterium xenopi infection	Mycobacterium xenopi	mycobacterium
GARD:0010559	primary interstitial lung disease specific to childhood	child	child
GARD:0010560	AA amyloidosis	reactive amyloidosis	reactive
GARD:0010560	AA amyloidosis	reactive amyloidosis	amyloidosis
GARD:0010560	AA amyloidosis	inflammatory amyloidosis	inflammatory
GARD:0010560	AA amyloidosis	inflammatory amyloidosis	amyloidosis
GARD:0010560	AA amyloidosis	secondary amyloidosis	secondary
GARD:0010560	AA amyloidosis	secondary amyloidosis	amyloidosis
GARD:0010564	appendix adenocarcinoma	appendiceal adenocarcinoma	adenocarcinoma
GARD:0010578	hyper-igm syndrome type 2	aid deficiency	aid
GARD:0010578	hyper-igm syndrome type 2	aid deficiency	deficiency
GARD:0010583	neonatal ichthyosis-sclerosing cholangitis syndrome	nisch syndrome	syndrome
GARD:0010585	chronic neutrophilic leukemia	neutrophilic leukemia	neutrophilic
GARD:0010585	chronic neutrophilic leukemia	neutrophilic leukemia	leukemia
GARD:0010585	chronic neutrophilic leukemia	neutrophilic leukaemia	neutrophilic
GARD:0010590	mesoaxial synostotic syndactyly with phalangeal reduction	syndactyly, type 9	syndactyly
GARD:0010590	mesoaxial synostotic syndactyly with phalangeal reduction	syndactyly, type 9	type
GARD:0010590	mesoaxial synostotic syndactyly with phalangeal reduction	syndactyly type 9	syndactyly
GARD:0010590	mesoaxial synostotic syndactyly with phalangeal reduction	syndactyly type 9	type
GARD:0010598	carotid body paraganglioma	chemodectoma, undetermined	undetermined
GARD:0010602	combined pituitary hormone deficiencies, genetic form	familial hypopituitarism	familial
GARD:0010602	combined pituitary hormone deficiencies, genetic form	familial hypopituitarism	hypopituitarism
GARD:0010602	combined pituitary hormone deficiencies, genetic form	genetic hypopituitarism	genetic
GARD:0010602	combined pituitary hormone deficiencies, genetic form	genetic hypopituitarism	hypopituitarism
GARD:0010608	atelosteogenesis type iii	atelosteogenesis type 3	type
GARD:0010608	atelosteogenesis type iii	atelosteogenesis, type 3	type
GARD:0010616	spondyloepimetaphyseal dysplasia-short limb-abnormal calcification syndrome	Smed, type 2	type
GARD:0010618	spondyloepimetaphyseal dysplasia, missouri type	metaphyseal anadysplasia 1	metaphyseal
GARD:0010629	spondyloepiphyseal dysplasia, cantu type	Tatoo dysplasia	dysplasia
GARD:0010629	spondyloepiphyseal dysplasia, cantu type	tattoo dysplasia	tattoo
GARD:0010629	spondyloepiphyseal dysplasia, cantu type	tattoo dysplasia	dysplasia
GARD:0010630	congenital diarrhea 5 with tufting enteropathy	tufting enteropathy	tufting
GARD:0010630	congenital diarrhea 5 with tufting enteropathy	tufting enteropathy	enteropathy
GARD:0010630	congenital diarrhea 5 with tufting enteropathy	congenital enteropathy	congenital
GARD:0010630	congenital diarrhea 5 with tufting enteropathy	congenital enteropathy	enteropathy
GARD:0010633	myxopapillary ependymoma	ependymoma, benign	ependymoma
GARD:0010633	myxopapillary ependymoma	ependymoma, benign	benign
GARD:0010634	anaplastic ependymoma	ependymoma, malignant	ependymoma
GARD:0010634	anaplastic ependymoma	ependymoma, malignant	malignant
GARD:0010634	anaplastic ependymoma	undifferentiated ependymoma	undifferentiated
GARD:0010634	anaplastic ependymoma	undifferentiated ependymoma	ependymoma
GARD:0010634	anaplastic ependymoma	ependymal tumors	ependymal
GARD:0010634	anaplastic ependymoma	ependymal tumours	ependymal
GARD:0010634	anaplastic ependymoma	malignant ependymoma	malignant
GARD:0010634	anaplastic ependymoma	malignant ependymoma	ependymoma
GARD:0010635	astroblastoma	cerebral astroblastoma	cerebral
GARD:0010642	cerebellar liponeurocytoma	lipomatous medulloblastoma	lipomatous
GARD:0010643	carney-stratakis syndrome	Carney dyad	carney
GARD:0010643	carney-stratakis syndrome	Carney dyad	dyad
GARD:0010645	Dent disease type 2	nephrolithiasis type 2	type
GARD:0010648	retinal cone dystrophy 3a	achromatopsia 6	achromatopsia
GARD:0010667	dystonia 25	dystonia type 25	type
GARD:0010671	mucoepidermoid carcinoma	mucoepidermoid tumor	tumor
GARD:0010671	mucoepidermoid carcinoma	tumor, mucoepidermoid	tumor
GARD:0010686	neuroferritinopathy	hereditary ferritinopathy	hereditary
GARD:0010688	neurodegeneration with brain iron accumulation 2b	Karak syndrome	syndrome
GARD:0010693	orofaciodigital syndrome type 12	orofaciodigital syndrome 12	syndrome
GARD:0010694	orofaciodigital syndrome type 13	Degner syndrome	syndrome
GARD:0010694	orofaciodigital syndrome type 13	orofaciodigital syndrome 13	syndrome
GARD:0010704	pontocerebellar hypoplasia type 1	Norman disease	norman
GARD:0010704	pontocerebellar hypoplasia type 1	Norman disease	disease
GARD:0010708	pontocerebellar hypoplasia type 3	clam	clam
GARD:0010713	pudendal neuralgia	Alcock syndrome	syndrome
GARD:0010713	pudendal neuralgia	pudendal algia	pudendal
GARD:0010715	diploid-triploid mosaicism	Mosaic triploidy	mosaic
GARD:0010715	diploid-triploid mosaicism	Mosaic triploidy	triploidy
GARD:0010719	Noonan syndrome-like disorder with loose anagen hair	Tosti syndrome	syndrome
GARD:0010726	spondylocostal dysostosis 1, autosomal recessive	vertebral anomalies	vertebral
GARD:0010730	pyridoxal phosphate-responsive seizures	pnpo deficiency	deficiency
GARD:0010731	McLeod neuroacanthocytosis syndrome	McLeod phenotype	phenotype
GARD:0010731	McLeod neuroacanthocytosis syndrome	McLeod syndrome	syndrome
GARD:0010732	leukoencephalopathy with calcifications and cysts	Labrune syndrome	syndrome
GARD:0010744	malignant conjunctival melanoma	conjunctiva melanoma	conjunctiva
GARD:0010744	malignant conjunctival melanoma	conjunctiva melanoma	melanoma
GARD:0010744	malignant conjunctival melanoma	conjunctival melanoma	conjunctival
GARD:0010744	malignant conjunctival melanoma	conjunctival melanoma	melanoma
GARD:0010747	lupus nephritis	Glomerulonephritides, lupus	lupus
GARD:0010747	lupus nephritis	lupus glomerulonephritis	lupus
GARD:0010747	lupus nephritis	lupus glomerulonephritis	glomerulonephritis
GARD:0010747	lupus nephritis	lupus Glomerulonephritides	lupus
GARD:0010747	lupus nephritis	nephritis, lupus	nephritis
GARD:0010747	lupus nephritis	nephritis, lupus	lupus
GARD:0010747	lupus nephritis	glomerulonephritis, lupus	glomerulonephritis
GARD:0010747	lupus nephritis	glomerulonephritis, lupus	lupus
GARD:0010747	lupus nephritis	Nephritides, lupus	lupus
GARD:0010747	lupus nephritis	lupus Nephritides	lupus
GARD:0010753	pachyonychia congenita	congenital pachyonychia	congenital
GARD:0010756	multiple epiphyseal dysplasia	polyepiphyseal dysplasia	dysplasia
GARD:0010763	Duane syndrome type 1	Duane anomaly	duane
GARD:0010763	Duane syndrome type 1	Duane anomaly	anomaly
GARD:0010763	Duane syndrome type 1	Duane syndrome	duane
GARD:0010763	Duane syndrome type 1	Duane syndrome	syndrome
GARD:0010763	Duane syndrome type 1	retraction syndrome	retraction
GARD:0010763	Duane syndrome type 1	retraction syndrome	syndrome
GARD:0010767	MOGS-congenital disorder of glycosylation	glucosidase 1 deficiency	glucosidase
GARD:0010767	MOGS-congenital disorder of glycosylation	glucosidase 1 deficiency	deficiency
GARD:0010768	familial or sporadic hemiplegic migraine	hemiplegic migraine	hemiplegic
GARD:0010768	familial or sporadic hemiplegic migraine	hemiplegic migraine	migraine
GARD:0010769	MYH7-related skeletal myopathy	myopathy, distal, 1	myopathy
GARD:0010769	MYH7-related skeletal myopathy	myopathy, distal, 1	distal
GARD:0010769	MYH7-related skeletal myopathy	Gowers disease	disease
GARD:0010770	homocystinuria	homocystinuria (disease)	disease
GARD:0010771	Kallmann syndrome	Kallman syndrome	syndrome
GARD:0010772	hypogonadotropic hypogonadism 4 with or without anosmia	Kallmann syndrome 4	syndrome
GARD:0010772	hypogonadotropic hypogonadism 4 with or without anosmia	Kallman syndrome 4	syndrome
GARD:0010773	hypogonadotropic hypogonadism 5 with or without anosmia	Kallmann syndrome 5	syndrome
GARD:0010774	hypogonadotropic hypogonadism 6 with or without anosmia	Kallmann syndrome 6	syndrome
GARD:0010792	semantic dementia	Pallidopontonigral Degeneration	degeneration
GARD:0010792	semantic dementia	dementia, frontotemporal	dementia
GARD:0010792	semantic dementia	dementia, frontotemporal	frontotemporal
GARD:0010792	semantic dementia	Pick Complex	pick
GARD:0010792	semantic dementia	Pick Complex	complex
GARD:0010792	semantic dementia	frontotemporal dementia	frontotemporal
GARD:0010792	semantic dementia	frontotemporal dementia	dementia
GARD:0010808	insulin autoimmune syndrome	Hirata disease	disease
GARD:0010815	thrombophilia due to thrombin defect	prothrombin thrombophilia	prothrombin
GARD:0010815	thrombophilia due to thrombin defect	Venous thromboembolism	venous
GARD:0010815	thrombophilia due to thrombin defect	venous thrombosis	venous
GARD:0010815	thrombophilia due to thrombin defect	venous thrombosis	thrombosis
GARD:0010817	hereditary spastic paraplegia 31	spastic paraplegia 31	spastic
GARD:0010817	hereditary spastic paraplegia 31	spastic paraplegia 31	paraplegia
GARD:0010823	obesity due to pro-opiomelanocortin deficiency	pomc deficiency	deficiency
GARD:0010828	familial hypocalciuric hypercalcemia	hypocalciuric hypercalcemia	hypercalcemia
GARD:0010829	hyperparathyroidism 2 with jaw tumors	hyperparathyroidism type 2	type
GARD:0010837	ring chromosome 2	Ring 2	ring
GARD:0010837	ring chromosome 2	chromosome 2 ring	chromosome
GARD:0010837	ring chromosome 2	chromosome 2 ring	ring
GARD:0010837	ring chromosome 2	rose cluster 2	rose
GARD:0010837	ring chromosome 2	rose cluster 2	cluster
GARD:0010839	ring chromosome 3	rose cluster 3	rose
GARD:0010839	ring chromosome 3	rose cluster 3	cluster
GARD:0010839	ring chromosome 3	chromosome 3 ring	chromosome
GARD:0010839	ring chromosome 3	chromosome 3 ring	ring
GARD:0010839	ring chromosome 3	Ring 3	ring
GARD:0010841	ring chromosome 5	rose cluster 5	rose
GARD:0010841	ring chromosome 5	rose cluster 5	cluster
GARD:0010841	ring chromosome 5	chromosome 5 ring	chromosome
GARD:0010841	ring chromosome 5	chromosome 5 ring	ring
GARD:0010841	ring chromosome 5	Ring 5	ring
GARD:0010846	ring chromosome 11	r(11) syndrome	r
GARD:0010846	ring chromosome 11	r(11) syndrome	syndrome
GARD:0010846	ring chromosome 11	Ring 11	ring
GARD:0010846	ring chromosome 11	chromosome 11 ring	chromosome
GARD:0010846	ring chromosome 11	chromosome 11 ring	ring
GARD:0010855	ring chromosome 16	chromosome 16 ring	chromosome
GARD:0010855	ring chromosome 16	chromosome 16 ring	ring
GARD:0010855	ring chromosome 16	Ring 16	ring
GARD:0010860	monosomy 21	monosomy type 21	type
GARD:0010869	mosaic trisomy 13	trisomy 13 mosaicism	trisomy
GARD:0010869	mosaic trisomy 13	trisomy 13 mosaicism	mosaicism
GARD:0010872	malignant peripheral nerve sheath tumor	malignant neurofibroma	malignant
GARD:0010872	malignant peripheral nerve sheath tumor	malignant neurofibroma	neurofibroma
GARD:0010872	malignant peripheral nerve sheath tumor	neurofibrosarcoma, malignant	malignant
GARD:0010872	malignant peripheral nerve sheath tumor	malignant neurilemoma	malignant
GARD:0010872	malignant peripheral nerve sheath tumor	neurogenic sarcoma	neurogenic
GARD:0010872	malignant peripheral nerve sheath tumor	neurogenic sarcoma	sarcoma
GARD:0010872	malignant peripheral nerve sheath tumor	malignant neurilemmoma	malignant
GARD:0010872	malignant peripheral nerve sheath tumor	schwannoma, malignant	malignant
GARD:0010872	malignant peripheral nerve sheath tumor	malignant schwannoma	malignant
GARD:0010875	visceral heterotaxy	heterotaxia	heterotaxia
GARD:0010875	visceral heterotaxy	heterotaxia syndrome	heterotaxia
GARD:0010875	visceral heterotaxy	heterotaxia syndrome	syndrome
GARD:0010875	visceral heterotaxy	heterotaxy syndrome	heterotaxy
GARD:0010875	visceral heterotaxy	heterotaxy syndrome	syndrome
GARD:0010875	visceral heterotaxy	situs ambiguus	situs
GARD:0010875	visceral heterotaxy	heterotaxy, visceral	heterotaxy
GARD:0010875	visceral heterotaxy	heterotaxy, visceral	visceral
GARD:0010875	visceral heterotaxy	lateralization defect	lateralization
GARD:0010875	visceral heterotaxy	lateralization defect	defect
GARD:0010875	visceral heterotaxy	situs ambiguous	situs
GARD:0010875	visceral heterotaxy	situs ambiguous	ambiguous
GARD:0010876	congenital radioulnar synostosis	radioulnar synostosis	synostosis
GARD:0010876	congenital radioulnar synostosis	radioulnar fusion	fusion
GARD:0010879	familial hyperphosphatemic tumoral calcinosis/hyperphosphatemic hyperostosis syndrome	hyperphosphatemia hyperostosis	hyperostosis
GARD:0010882	Leber congenital amaurosis 13	retinitis pigmentosa 53	retinitis
GARD:0010891	GM1 gangliosidosis	Landing syndrome	landing
GARD:0010891	GM1 gangliosidosis	Landing syndrome	syndrome
GARD:0010891	GM1 gangliosidosis	Landing disease	landing
GARD:0010891	GM1 gangliosidosis	Landing disease	disease
GARD:0010902	neuroacanthocytosis	neuroacanthocytosis syndrome	syndrome
GARD:0010909	adult-onset foveomacular vitelliform dystrophy	Gass disease	disease
GARD:0010913	Griscelli syndrome	Griscelli disease	disease
GARD:0010915	X-linked lymphoproliferative syndrome	Duncan disease	duncan
GARD:0010915	X-linked lymphoproliferative syndrome	Duncan disease	disease
GARD:0010915	X-linked lymphoproliferative syndrome	Purtilo syndrome	syndrome
GARD:0010916	X-linked lymphoproliferative disease due to XIAP deficiency	xiap deficiency	deficiency
GARD:0010925	la crosse encephalitis	California encephalitis	california
GARD:0010925	la crosse encephalitis	California encephalitis	encephalitis
GARD:0010925	la crosse encephalitis	Californian encephalitis	californian
GARD:0010925	la crosse encephalitis	Californian encephalitis	encephalitis
GARD:0010934	monocytopenia with susceptibility to infections	immunodeficiency type 21	type
GARD:0010940	superior limbic keratoconjunctivitis	Theodores syndrome	syndrome
GARD:0010945	short stature-optic atrophy-Pelger-HuC+t anomaly syndrome	soph	soph
GARD:0010945	short stature-optic atrophy-Pelger-HuC+t anomaly syndrome	soph syndrome	soph
GARD:0010945	short stature-optic atrophy-Pelger-HuC+t anomaly syndrome	soph syndrome	syndrome
GARD:0010949	non-24-hour sleep-wake syndrome	hypernychthemeral syndrome	syndrome
GARD:0010958	oculocutaneous albinism	albinism, oculocutaneous	albinism
GARD:0010966	systemic-onset juvenile idiopathic arthritis	Still disease	still
GARD:0010966	systemic-onset juvenile idiopathic arthritis	Still disease	disease
GARD:0010966	systemic-onset juvenile idiopathic arthritis	systemic polyarthritis	systemic
GARD:0010966	systemic-onset juvenile idiopathic arthritis	systemic polyarthritis	polyarthritis
GARD:0010969	enthesitis-related juvenile idiopathic arthritis	juvenile spondylarthropathy	juvenile
GARD:0010973	adult neuronal ceroid lipofuscinosis	Kufs disease	disease
GARD:0010977	pontocerebellar hypoplasia	pontoneocerebellar atrophy	atrophy
GARD:0010977	pontocerebellar hypoplasia	pontoneocerebllar hypoplasia	hypoplasia
GARD:0010984	Mendelian susceptibility to mycobacterial diseases due to complete IL12RB1 deficiency	immunodeficiency type 30	type
GARD:0010985	left ventricular noncompaction	spongy myocardium	spongy
GARD:0010985	left ventricular noncompaction	spongy myocardium	myocardium
GARD:0011003	karyomegalic interstitial nephritis	systemic karyomegaly	systemic
GARD:0011004	linear and whorled nevoid hypermelanosis	melanosis Neviformis	melanosis
GARD:0011004	linear and whorled nevoid hypermelanosis	zosteriform hyperpigmentation	zosteriform
GARD:0011004	linear and whorled nevoid hypermelanosis	zosteriform hyperpigmentation	hyperpigmentation
GARD:0011004	linear and whorled nevoid hypermelanosis	Becker Nevus	becker
GARD:0011004	linear and whorled nevoid hypermelanosis	Becker Nevus	nevus
GARD:0011009	chondrodysplasia with joint dislocations, gpapp type	gPAPP deficiency	deficiency
GARD:0011890	peroxisome biogenesis disorder	cerebrohepatorenal syndrome	syndrome
GARD:0011890	peroxisome biogenesis disorder	Zellweger spectrum	spectrum
GARD:0011892	Cobb syndrome	cutaneomeningospinal angiomatosis	angiomatosis
GARD:0011902	congenital myasthenic syndrome	congenital myasthenia	congenital
GARD:0011902	congenital myasthenic syndrome	congenital myasthenia	myasthenia
GARD:0011907	acute panmyelosis with myelofibrosis	acute myelofibrosis	acute
GARD:0011907	acute panmyelosis with myelofibrosis	acute panmyelosis	acute
GARD:0011907	acute panmyelosis with myelofibrosis	acute myelosclerosis	acute
GARD:0011907	acute panmyelosis with myelofibrosis	acute myelosclerosis	myelosclerosis
GARD:0011915	cap myopathy	Cap disease	cap
GARD:0011915	cap myopathy	Cap disease	disease
GARD:0011925	X-linked myotubular myopathy	myotubular myopathy 1	myopathy
GARD:0011951	rhabdomyosarcoma	rhabdomyosarcoma, malignant	rhabdomyosarcoma
GARD:0011951	rhabdomyosarcoma	rhabdomyosarcoma, malignant	malignant
GARD:0011951	rhabdomyosarcoma	rhabdomyosarcoma (disease)	rhabdomyosarcoma
GARD:0011951	rhabdomyosarcoma	rhabdomyosarcoma (disease)	disease
GARD:0011970	infection due to clostridium perfringens	Clostridial Myonecrosis	clostridial
GARD:0011971	renal nutcracker syndrome	nutcracker syndrome	nutcracker
GARD:0011971	renal nutcracker syndrome	nutcracker syndrome	syndrome
GARD:0011973	angioimmunoblastic t-cell lymphoma	immunoblastic lymphadenopathy	lymphadenopathy
GARD:0011973	angioimmunoblastic t-cell lymphoma	angioimmunoblastic lymphadenopathy	lymphadenopathy
GARD:0011973	angioimmunoblastic t-cell lymphoma	lymphogranulomatosis X	x
GARD:0011982	primary membranoproliferative glomerulonephritis	membranoproliferative glomerulonephritis	glomerulonephritis
GARD:0011982	primary membranoproliferative glomerulonephritis	Mesangiocapillary glomerulonephritis	glomerulonephritis
GARD:0011989	pythiosis	human pythiosis	human
GARD:0012015	lipoblastoma	embryonic lipoma	embryonic
GARD:0012015	lipoblastoma	embryonic lipoma	lipoma
GARD:0012015	lipoblastoma	foetal lipoma	lipoma
GARD:0012015	lipoblastoma	fetal lipoma	fetal
GARD:0012015	lipoblastoma	fetal lipoma	lipoma
GARD:0012015	lipoblastoma	infantile lipoma	infantile
GARD:0012015	lipoblastoma	infantile lipoma	lipoma
GARD:0012033	nemaline myopathy	rod myopathy	rod
GARD:0012033	nemaline myopathy	rod myopathy	myopathy
GARD:0012048	immunotactoid glomerulopathy	fibrillary glomerulonephritis	fibrillary
GARD:0012048	immunotactoid glomerulopathy	fibrillary glomerulonephritis	glomerulonephritis
GARD:0012048	immunotactoid glomerulopathy	Immunotactoid glomerulonephritis	glomerulonephritis
GARD:0012062	visual snow syndrome	visual snow	visual
GARD:0012062	visual snow syndrome	visual snow	snow
GARD:0012074	craniofacial microsomia	Goldenhar syndrome	syndrome
GARD:0012074	craniofacial microsomia	Laterofacial microsomia	microsomia
GARD:0012074	craniofacial microsomia	oculoauriculovertebral spectrum	spectrum
GARD:0012074	craniofacial microsomia	otomandibular syndrome	syndrome
GARD:0012074	craniofacial microsomia	oculoauriculovertebral syndrome	syndrome
GARD:0012074	craniofacial microsomia	facioauriculovertebral dysplasia	dysplasia
GARD:0012074	craniofacial microsomia	facioauriculovertebral sequence	sequence
GARD:0012074	craniofacial microsomia	Fav sequence	sequence
GARD:0012074	craniofacial microsomia	hemifacial microsomia	hemifacial
GARD:0012074	craniofacial microsomia	hemifacial microsomia	microsomia
GARD:0012074	craniofacial microsomia	oculoauriculovertebral dysplasia	dysplasia
GARD:0012074	craniofacial microsomia	Goldenhar disease	disease
GARD:0012085	isolated anophthalmia-microphthalmia syndrome	primitive anophthalmia	primitive
GARD:0012085	isolated anophthalmia-microphthalmia syndrome	primitive anophthalmia	anophthalmia
GARD:0012085	isolated anophthalmia-microphthalmia syndrome	clinical anophthalmia	clinical
GARD:0012085	isolated anophthalmia-microphthalmia syndrome	clinical anophthalmia	anophthalmia
GARD:0012109	trichothiodystrophy	trichothiodystrophy syndrome	syndrome
GARD:0012117	autosomal recessive primary microcephaly	true microcephaly	true
GARD:0012117	autosomal recessive primary microcephaly	true microcephaly	microcephaly
GARD:0012117	autosomal recessive primary microcephaly	microcephaly vera	microcephaly
GARD:0012117	autosomal recessive primary microcephaly	microcephaly vera	vera
GARD:0012117	autosomal recessive primary microcephaly	microcephalia vera	microcephalia
GARD:0012117	autosomal recessive primary microcephaly	microcephalia vera	vera
GARD:0012123	congenital absence of upper arm and forearm with hand present	phocomelia	phocomelia
GARD:0012128	methylmalonic aciduria and homocystinuria type cblC	cblC defect	defect
GARD:0012138	apocrine adenocarcinoma	apocrine carcinoma	carcinoma
GARD:0012151	Norwegian scabies	crusted scabies	crusted
GARD:0012151	Norwegian scabies	crusted scabies	scabies
GARD:0012155	renal hypomagnesemia 6	hypomagnesemia 6, renal	renal
GARD:0012174	spondylocostal dysostosis	spondylocostal dysplasia	dysplasia
GARD:0012174	spondylocostal dysostosis	costovertebral dysplasia	costovertebral
GARD:0012174	spondylocostal dysostosis	costovertebral dysplasia	dysplasia
GARD:0012241	familial lipoprotein lipase deficiency	hypercholesterinaemic xanthomatosis	xanthomatosis
GARD:0012241	familial lipoprotein lipase deficiency	hyperchylomicronemia, familial	familial
GARD:0012241	familial lipoprotein lipase deficiency	hyperlipoproteinemia, type 1	type
GARD:0012241	familial lipoprotein lipase deficiency	familial hyperchylomicronemia	familial
GARD:0012241	familial lipoprotein lipase deficiency	chylomicronemia, familial	familial
GARD:0012241	familial lipoprotein lipase deficiency	lipd deficiency	deficiency
GARD:0012241	familial lipoprotein lipase deficiency	mixed hyperglyceridemia	mixed
GARD:0012241	familial lipoprotein lipase deficiency	endogenous hypertriglyceridaemia	endogenous
GARD:0012244	new-onset refractory status epilepticus	Norse	norse
GARD:0012279	ectomesenchymoma	malignant ectomesenchymoma	malignant
GARD:0012280	central congenital hypothyroidism	thyrotropin deficiency	deficiency
GARD:0012280	central congenital hypothyroidism	central hypothyroidism	central
GARD:0012280	central congenital hypothyroidism	central hypothyroidism	hypothyroidism
GARD:0012280	central congenital hypothyroidism	secondary hypothyroidism	secondary
GARD:0012280	central congenital hypothyroidism	secondary hypothyroidism	hypothyroidism
GARD:0012281	chronic atrial and intestinal dysrhythmia	caid syndrome	caid
GARD:0012281	chronic atrial and intestinal dysrhythmia	caid syndrome	syndrome
GARD:0012281	chronic atrial and intestinal dysrhythmia	caid	caid
GARD:0012291	lissencephaly spectrum disorders	lissencephaly (disease)	disease
GARD:0012301	Thomsen and Becker disease	myopathy, congenital	myopathy
GARD:0012301	Thomsen and Becker disease	myopathy, congenital	congenital
GARD:0012301	Thomsen and Becker disease	myotonia congenita	myotonia
GARD:0012308	celiac trunk compression syndrome	Dunbar syndrome	syndrome
GARD:0012311	congenital lactase deficiency	disaccharide intolerance 2	disaccharide
GARD:0012311	congenital lactase deficiency	disaccharide intolerance 2	intolerance
GARD:0012311	congenital lactase deficiency	Alactasia, congenital	congenital
GARD:0012314	autoimmune enteropathy and endocrinopathy - susceptibility to chronic infections syndrome	candidiasis familial, 7	familial
GARD:0012314	autoimmune enteropathy and endocrinopathy - susceptibility to chronic infections syndrome	candidiasis, familial, 7	familial
GARD:0012316	autoimmune lymphoproliferative syndrome due to CTLA4 haploinsufficiency	chai	chai
GARD:0012335	carcinosarcoma of the corpus uteri	uterine carcinosarcoma	uterine
GARD:0012335	carcinosarcoma of the corpus uteri	uterine carcinosarcoma	carcinosarcoma
GARD:0012338	transcobalamin ii deficiency	transcobalamin 2 deficiency	deficiency
GARD:0012338	transcobalamin ii deficiency	transcobalamin deficiency	deficiency
GARD:0012347	dihydropyrimidinuria	Dpys deficiency	deficiency
GARD:0012347	dihydropyrimidinuria	dihydropyrimidinase deficiency	deficiency
GARD:0012347	dihydropyrimidinuria	Dph deficiency	deficiency
GARD:0012361	eosinophil peroxidase deficiency	presentey anomaly	anomaly
GARD:0012365	spinocerebellar ataxia type 19/22	spinocerebellar ataxia 22	spinocerebellar
GARD:0012365	spinocerebellar ataxia type 19/22	spinocerebellar ataxia 22	ataxia
GARD:0012365	spinocerebellar ataxia type 19/22	spinocerebellar ataxia 19	spinocerebellar
GARD:0012365	spinocerebellar ataxia type 19/22	spinocerebellar ataxia 19	ataxia
GARD:0012366	spinocerebellar ataxia type 35	spinocerebellar ataxia 35	spinocerebellar
GARD:0012366	spinocerebellar ataxia type 35	spinocerebellar ataxia 35	ataxia
GARD:0012367	spinocerebellar ataxia type 36	spinocerebellar ataxia 36	spinocerebellar
GARD:0012367	spinocerebellar ataxia type 36	spinocerebellar ataxia 36	ataxia
GARD:0012368	spinocerebellar ataxia type 37	spinocerebellar ataxia 37	spinocerebellar
GARD:0012368	spinocerebellar ataxia type 37	spinocerebellar ataxia 37	ataxia
GARD:0012369	spinocerebellar ataxia type 38	spinocerebellar ataxia 38	spinocerebellar
GARD:0012369	spinocerebellar ataxia type 38	spinocerebellar ataxia 38	ataxia
GARD:0012371	spinocerebellar ataxia type 40	spinocerebellar ataxia 40	spinocerebellar
GARD:0012371	spinocerebellar ataxia type 40	spinocerebellar ataxia 40	ataxia
GARD:0012375	idiopathic cd4 lymphocytopenia	immunodeficiency type 13	type
GARD:0012384	hypopigmentation-punctate palmoplantar keratoderma syndrome	guttate hypopigmentation	guttate
GARD:0012384	hypopigmentation-punctate palmoplantar keratoderma syndrome	cole disease	cole
GARD:0012384	hypopigmentation-punctate palmoplantar keratoderma syndrome	cole disease	disease
GARD:0012458	sickle cell-hemoglobin d disease syndrome	HbSD disease	disease
GARD:0012469	glutaric acidemia type 3	Ga 3	ga
GARD:0012469	glutaric acidemia type 3	glutaric aciduria 3	glutaric
GARD:0012480	tetrasomy 21	tetrasomy type 21	tetrasomy
GARD:0012480	tetrasomy 21	tetrasomy type 21	type
GARD:0012494	aromatase excess syndrome	familial hyperestrogenism	familial
GARD:0012494	aromatase excess syndrome	gynecomastia, hereditary	gynecomastia
GARD:0012494	aromatase excess syndrome	gynecomastia, hereditary	hereditary
GARD:0012505	combined PSAP deficiency	prosaposin deficiency	deficiency
GARD:0012521	IgG4-related disease	multifocal fibrosclerosis	multifocal
GARD:0012551	familial congenital mirror movements	bimanual synkinesis	bimanual
GARD:0012551	familial congenital mirror movements	bimanual synkinesis	synkinesis
GARD:0012559	Hurler syndrome	Hurler disease	hurler
GARD:0012559	Hurler syndrome	Hurler disease	disease
GARD:0012561	Scheie syndrome	mucopolysaccharidosis Is	is
GARD:0012562	mucopolysaccharidosis type 4	Morquio disease	disease
GARD:0012562	mucopolysaccharidosis type 4	Morquio syndrome	syndrome
GARD:0012590	congenital fibrosis of extraocular muscles	Tukel syndrome	syndrome
GARD:0012590	congenital fibrosis of extraocular muscles	ophthalmoplegia, congenital	ophthalmoplegia
GARD:0012590	congenital fibrosis of extraocular muscles	ophthalmoplegia, congenital	congenital
GARD:0012591	myopathy, myofibrillar, 9, with early respiratory failure	Edstrom myopathy	myopathy
GARD:0012597	hereditary lipodystrophy	genetic lipodystrophy	genetic
GARD:0012597	hereditary lipodystrophy	genetic lipodystrophy	lipodystrophy
GARD:0012603	acquired generalized lipodystrophy	Lawrence syndrome	lawrence
GARD:0012603	acquired generalized lipodystrophy	Lawrence syndrome	syndrome
GARD:0012623	vitamin b12-responsive methylmalonic acidemia	adenosylcobalamin deficiency	deficiency
GARD:0012640	frontonasal dysplasia - severe microphthalmia - severe facial clefting syndrome	frontonasal dysplasia 3	frontonasal
GARD:0012640	frontonasal dysplasia - severe microphthalmia - severe facial clefting syndrome	frontonasal dysplasia 3	dysplasia
GARD:0012641	frontonasal dysplasia with alopecia and genital anomaly	frontonasal dysplasia 2	frontonasal
GARD:0012641	frontonasal dysplasia with alopecia and genital anomaly	frontonasal dysplasia 2	dysplasia
GARD:0012642	frontorhiny	frontonasal dysplasia	frontonasal
GARD:0012642	frontorhiny	frontonasal dysplasia	dysplasia
GARD:0012642	frontorhiny	frontonasal dysplasia 1	frontonasal
GARD:0012642	frontorhiny	frontonasal dysplasia 1	dysplasia
GARD:0012642	frontorhiny	frontonasal malformation	frontonasal
GARD:0012642	frontorhiny	frontonasal malformation	malformation
GARD:0012648	isolated congenital megalocornea	megalocornea	megalocornea
GARD:0012651	granulomatous amebic encephalitis	Acanthamoeba encephalitis	encephalitis
GARD:0012653	DOCK2 deficiency	immunodeficiency type 40	type
GARD:0012656	Castleman disease	lymphoid hamartoma	lymphoid
GARD:0012665	classic congenital adrenal hyperplasia due to 21-hydroxylase deficiency	21 hydroxylase deficiency	deficiency
GARD:0012665	classic congenital adrenal hyperplasia due to 21-hydroxylase deficiency	adrenal hyperplasia 3	adrenal
GARD:0012665	classic congenital adrenal hyperplasia due to 21-hydroxylase deficiency	adrenal hyperplasia 3	hyperplasia
GARD:0012669	syndromic X-linked intellectual disability Najm type	Micpch syndrome	syndrome
GARD:0012671	pernicious anemia	Addison anaemia	anaemia
GARD:0012671	pernicious anemia	anemia pernicious	anemia
GARD:0012671	pernicious anemia	anemia pernicious	pernicious
GARD:0012671	pernicious anemia	Biermer anaemia	anaemia
GARD:0012671	pernicious anemia	Addison anemia	anemia
GARD:0012671	pernicious anemia	anaemia pernicious	anaemia
GARD:0012671	pernicious anemia	anaemia pernicious	pernicious
GARD:0012671	pernicious anemia	Biermer anemia	anemia
GARD:0012671	pernicious anemia	Biermer disease	disease
GARD:0012673	actinic lichen planus	lichenoid melanodermatitis	lichenoid
GARD:0012680	lipoyl transferase 1 deficiency	lipoyltransferase 1 deficiency	deficiency
GARD:0012687	cutaneous mastocytoma	solitary mastocytoma	solitary
GARD:0012687	cutaneous mastocytoma	multiple mastocytoma	multiple
GARD:0012703	osteochondritis dissecans	Koenig disease	disease
GARD:0012703	osteochondritis dissecans	Konig disease	disease
GARD:0012704	osteochondrosis	epiphyseal necrosis	epiphyseal
GARD:0012704	osteochondrosis	epiphyseal necrosis	necrosis
GARD:0012704	osteochondrosis	osteochondritis	osteochondritis
GARD:0012704	osteochondrosis	osteochondritis juvenilis	osteochondritis
GARD:0012704	osteochondrosis	apophysitis	apophysitis
GARD:0012704	osteochondrosis	epiphysitis	epiphysitis
GARD:0012719	autosomal dominant centronuclear myopathy	centronuclear myopathy 1	myopathy
GARD:0012719	autosomal dominant centronuclear myopathy	myopathy, centronuclear, 3	myopathy
GARD:0012719	autosomal dominant centronuclear myopathy	myopathy, centronuclear, 1	myopathy
GARD:0012724	periventricular nodular heterotopia	periventricular heterotopia	heterotopia
GARD:0012740	non-amyloid fibrillary glomerulopathy	Fibrillary Glomerulonephritis¬†	fibrillary
GARD:0012740	non-amyloid fibrillary glomerulopathy	Fibrillary Glomerulonephritis¬†	glomerulonephritis
GARD:0012740	non-amyloid fibrillary glomerulopathy	fibrillary glomerulonephritis	fibrillary
GARD:0012740	non-amyloid fibrillary glomerulopathy	fibrillary glomerulonephritis	glomerulonephritis
GARD:0012744	chronic intestinal pseudoobstruction	cipo	cipo
GARD:0012749	hereditary spastic paraplegia 32	spastic paraplegia 32	spastic
GARD:0012749	hereditary spastic paraplegia 32	spastic paraplegia 32	paraplegia
GARD:0012763	myeloid sarcoma	chloroma	chloroma
GARD:0012763	myeloid sarcoma	granulocytic sarcoma	sarcoma
GARD:0012765	transient myeloproliferative syndrome	leukemia, transient	leukemia
GARD:0012765	transient myeloproliferative syndrome	leukemia, transient	transient
GARD:0012765	transient myeloproliferative syndrome	transient leukaemia	transient
GARD:0012765	transient myeloproliferative syndrome	transient leukemia	transient
GARD:0012765	transient myeloproliferative syndrome	transient leukemia	leukemia
GARD:0012771	Preaxial polydactyly of toes	bifid halluces	bifid
GARD:0012771	Preaxial polydactyly of toes	bifid hallux	bifid
GARD:0012771	Preaxial polydactyly of toes	bifid hallux	hallux
GARD:0012779	familial retinal arterial macroaneurysm	Fram	fram
GARD:0012784	livedoid vasculopathy	livedo vasculitis	livedo
GARD:0012784	livedoid vasculopathy	livedo vasculitis	vasculitis
GARD:0012784	livedoid vasculopathy	livedoid vasculitis	vasculitis
GARD:0012784	livedoid vasculopathy	white atrophy	white
GARD:0012784	livedoid vasculopathy	white atrophy	atrophy
GARD:0012792	ossifying fibroma	Cementifying fibroma	fibroma
GARD:0012796	dentinogenesis imperfecta type 2	Capdepont teeth	teeth
GARD:0012796	dentinogenesis imperfecta type 2	opalescent dentin	opalescent
GARD:0012796	dentinogenesis imperfecta type 2	opalescent dentin	dentin
GARD:0012814	8q24.3 microdeletion syndrome	Verheij syndrome	syndrome
GARD:0012864	hyperlipidemia due to hepatic triglyceride lipase deficiency	lipc deficiency	deficiency
GARD:0012867	Cushing disease due to pituitary adenoma	Cushing disease	disease
GARD:0012867	Cushing disease due to pituitary adenoma	corticotroph adenoma	adenoma
GARD:0012889	childhood apraxia of speech	articulatory apraxia	articulatory
GARD:0012889	childhood apraxia of speech	articulatory apraxia	apraxia
GARD:0012894	Zika virus infectious disease	Zika fever	fever
GARD:0012894	Zika virus infectious disease	ZikV infection	infection
GARD:0012894	Zika virus infectious disease	fever, Zika	fever
GARD:0012913	polyhydramnios, megalencephaly, and symptomatic epilepsy	pretzel syndrome	pretzel
GARD:0012913	polyhydramnios, megalencephaly, and symptomatic epilepsy	pretzel syndrome	syndrome
GARD:0012915	immunodeficiency 33	immunodeficiency, pure	pure
GARD:0012915	immunodeficiency 33	immunodeficiency, isolated	isolated
GARD:0012915	immunodeficiency 33	immunodeficiency type 33	type
GARD:0012924	preeclampsia	preeclampsia/eclampsia	eclampsia
GARD:0012924	preeclampsia	pregnancy toxemia	pregnancy
GARD:0012924	preeclampsia	pregnancy toxemia	toxemia
GARD:0012924	preeclampsia	gestational hypertension	gestational
GARD:0012924	preeclampsia	gestational hypertension	hypertension
GARD:0012924	preeclampsia	pregnancy toxaemia	pregnancy
GARD:0012925	familial multiple lipomatosis	lipoma	lipoma
GARD:0012925	familial multiple lipomatosis	lipomatosis, multiple	lipomatosis
GARD:0012925	familial multiple lipomatosis	lipomatosis, multiple	multiple
GARD:0012927	sudden sensorineural hearing loss	sudden deafness	sudden
GARD:0012927	sudden sensorineural hearing loss	sudden deafness	deafness
GARD:0012927	sudden sensorineural hearing loss	deafness, sudden	deafness
GARD:0012927	sudden sensorineural hearing loss	deafness, sudden	sudden
GARD:0012928	astrocytic tumor	astrocytoma	astrocytoma
GARD:0012928	astrocytic tumor	astrocytic neoplasm	neoplasm
GARD:0012931	ADNP-related multiple congenital anomalies - intellectual disability - autism spectrum disorder	adnp syndrome	syndrome
GARD:0012964	3-methylglutaconic aciduria type 5	Mga, type 5	type
GARD:0012967	reticulohistiocytic granuloma	solitary histiocytoma	solitary
GARD:0012967	reticulohistiocytic granuloma	solitary reticulohistiocytoma	solitary
GARD:0012967	reticulohistiocytic granuloma	solitary reticulohistiocytosis	solitary
GARD:0012976	Mendelian susceptibility to mycobacterial diseases due to complete IL12B deficiency	immunodeficiency type 29	type
GARD:0013004	hepatic veno-occlusive disease	hepatic Vod	hepatic
GARD:0013004	hepatic veno-occlusive disease	hepatic Vod	vod
GARD:0013007	hemoglobin m disease	M hemoglobinopathy	m
GARD:0013020	microcystic lymphatic malformation	microcystic lymphangioma	lymphangioma
GARD:0013020	microcystic lymphatic malformation	capillary lymphangioma	capillary
GARD:0013020	microcystic lymphatic malformation	capillary lymphangioma	lymphangioma
GARD:0013020	microcystic lymphatic malformation	superficial lymphangioma	superficial
GARD:0013020	microcystic lymphatic malformation	superficial lymphangioma	lymphangioma
GARD:0013029	episodic angioedema with eosinophilia	Gleich syndrome	syndrome
GARD:0013030	deafness-lymphedema-leukemia syndrome	Emberger syndrome	syndrome
GARD:0013046	bone giant cell tumor	Osteoclastoma, benign	benign
GARD:0013047	testicular germ cell tumor	spermatocytic seminoma	seminoma
GARD:0013047	testicular germ cell tumor	seminoma	seminoma
GARD:0013047	testicular germ cell tumor	teratoma, testicular	teratoma
GARD:0013047	testicular germ cell tumor	teratoma, testicular	testicular
GARD:0013057	lymphatic malformation	hereditary lymphedema	hereditary
GARD:0013057	lymphatic malformation	hereditary lymphedema	lymphedema
GARD:0013057	lymphatic malformation	lymphedema, hereditary	lymphedema
GARD:0013057	lymphatic malformation	lymphedema, hereditary	hereditary
GARD:0013072	intestinal hypomagnesemia 1	hypomagnesemic tetany	tetany
GARD:0013072	intestinal hypomagnesemia 1	hypomagnesemia 1, intestinal	intestinal
GARD:0013073	nevus comedonicus syndrome	acneiform Nevus	acneiform
GARD:0013073	nevus comedonicus syndrome	acneiform Nevus	nevus
GARD:0013073	nevus comedonicus syndrome	comedo Nevus	comedo
GARD:0013073	nevus comedonicus syndrome	comedo Nevus	nevus
GARD:0013073	nevus comedonicus syndrome	nevus comedonicus	nevus
GARD:0013073	nevus comedonicus syndrome	acne Nevus	acne
GARD:0013073	nevus comedonicus syndrome	acne Nevus	nevus
GARD:0013101	corticosteroid-binding globulin deficiency	cbg deficiency	deficiency
GARD:0013101	corticosteroid-binding globulin deficiency	transcortin deficiency	deficiency
GARD:0013105	Dent disease	Dent disease 2	dent
GARD:0013105	Dent disease	Dent disease 2	disease
GARD:0013105	Dent disease	Dent syndrome	dent
GARD:0013105	Dent disease	Dent syndrome	syndrome
GARD:0013105	Dent disease	Dent disease 1	dent
GARD:0013105	Dent disease	Dent disease 1	disease
GARD:0013105	Dent disease	Dents disease	disease
GARD:0013108	mirage syndrome	mirage	mirage
GARD:0013131	hematohidrosis	Hematidrosis	hematidrosis
GARD:0013154	tibial muscular dystrophy	Udd myopathy	myopathy
GARD:0013154	tibial muscular dystrophy	distal titinopathy	distal
GARD:0013156	oligodendroglial tumor	oligodendroglial neoplasm	neoplasm
GARD:0013158	staphylococcal scalded skin syndrome	Ritter disease	disease
GARD:0013158	staphylococcal scalded skin syndrome	pemphigus neonatorum	pemphigus
GARD:0013160	rhizomelic chondrodysplasia punctata	rhizomelic dwarfism	rhizomelic
GARD:0013160	rhizomelic chondrodysplasia punctata	rhizomelic dwarfism	dwarfism
GARD:0013169	spondyloepiphyseal dysplasia with congenital joint dislocations	spondyloepiphyseal dysplasia	dysplasia
GARD:0013169	spondyloepiphyseal dysplasia with congenital joint dislocations	Omani type	omani
GARD:0013169	spondyloepiphyseal dysplasia with congenital joint dislocations	Omani type	type
GARD:0013186	xanthoma disseminatum	Montgomery syndrome	syndrome
GARD:0013198	infantile-onset periodic fever-panniculitis-dermatosis syndrome	otulin deficiency	deficiency
GARD:0013202	3-hydroxyisobutyryl-coa hydrolase deficiency	methacrylic aciduria	methacrylic
GARD:0013206	chromosome 2q32-q33 deletion syndrome	glass syndrome	glass
GARD:0013206	chromosome 2q32-q33 deletion syndrome	glass syndrome	syndrome
GARD:0013206	chromosome 2q32-q33 deletion syndrome	glass	glass
GARD:0013209	pituitary stalk interruption syndrome	ectopic neurohypophysis	ectopic
GARD:0013209	pituitary stalk interruption syndrome	ectopic neurohypophysis	neurohypophysis
GARD:0013215	renal cell carcinoma	hypernephroma	hypernephroma
GARD:0013215	renal cell carcinoma	kidney adenocarcinoma	kidney
GARD:0013215	renal cell carcinoma	kidney adenocarcinoma	adenocarcinoma
GARD:0013244	X-linked intellectual disability, Cabezas type	Cabezas syndrome	syndrome
GARD:0013293	platelet-type bleeding disorder 11	glycoprotein 6 deficiency	glycoprotein
GARD:0013293	platelet-type bleeding disorder 11	glycoprotein 6 deficiency	deficiency
GARD:0013334	Niemann-Pick disease	lipoid histiocytosis	lipoid
GARD:0013334	Niemann-Pick disease	sphingomyelin lipidosis	sphingomyelin
GARD:0013337	idiopathic interstitial pneumonia	noninfectious pneumonia	noninfectious
GARD:0013337	idiopathic interstitial pneumonia	noninfectious pneumonia	pneumonia
GARD:0013354	morning glory syndrome	Volubilis syndrome	syndrome
GARD:0013354	morning glory syndrome	Ectasic coloboma	coloboma
GARD:0013388	Berardinelli-Seip congenital lipodystrophy	Brunzell syndrome	syndrome
GARD:0013388	Berardinelli-Seip congenital lipodystrophy	lipoatrophic diabetes	diabetes
GARD:0013388	Berardinelli-Seip congenital lipodystrophy	total lipodystrophy	total
GARD:0013388	Berardinelli-Seip congenital lipodystrophy	total lipodystrophy	lipodystrophy
GARD:0013446	plasmacytoma	myeloma - solitary	myeloma
GARD:0013446	plasmacytoma	myeloma - solitary	solitary
GARD:0013446	plasmacytoma	solitary myeloma	solitary
GARD:0013446	plasmacytoma	solitary myeloma	myeloma
GARD:0013446	plasmacytoma	myeloma, solitary	myeloma
GARD:0013446	plasmacytoma	myeloma, solitary	solitary
GARD:0013446	plasmacytoma	anaplastic plasmacytoma	anaplastic
GARD:0013446	plasmacytoma	solitary plasmacytoma	solitary
GARD:0013472	hemochromatosis type 5	hemochromatosis, type 5	hemochromatosis
GARD:0013472	hemochromatosis type 5	hemochromatosis, type 5	type
GARD:0013591	postural orthostatic tachycardia syndrome	irritable heart	irritable
GARD:0013591	postural orthostatic tachycardia syndrome	irritable heart	heart
GARD:0013591	postural orthostatic tachycardia syndrome	neurocirculatory asthenia	neurocirculatory
GARD:0013591	postural orthostatic tachycardia syndrome	neurocirculatory asthenia	asthenia
GARD:0013591	postural orthostatic tachycardia syndrome	soldiers heart	heart
GARD:0013591	postural orthostatic tachycardia syndrome	orhtostatic intolerance	intolerance
GARD:0013591	postural orthostatic tachycardia syndrome	orthostatic intolerance	orthostatic
GARD:0013591	postural orthostatic tachycardia syndrome	orthostatic intolerance	intolerance
GARD:0013629	drug rash with eosinophilia and systemic symptoms	dress	dress
GARD:0013639	classic galactosemia	galt deficiency	galt
GARD:0013639	classic galactosemia	galt deficiency	deficiency
GARD:0013639	classic galactosemia	galactosemia type 1	type
GARD:0013639	classic galactosemia	galactosemia, classic	classic
GARD:0013639	classic galactosemia	transferase deficiency	deficiency
GARD:0013655	orofaciodigital syndrome type 14	orofaciodigital syndrome 14	syndrome
GARD:0013661	classic multiminicore myopathy	minicore myopathy	myopathy
GARD:0013661	classic multiminicore myopathy	classic MmD	classic
GARD:0013737	hereditary spastic paraplegia 51	Spastic Paraplegia 51	spastic
GARD:0013737	hereditary spastic paraplegia 51	Spastic Paraplegia 51	paraplegia
GARD:0013743	multicentric osteolysis, nodulosis, and arthropathy	Torg syndrome	syndrome
GARD:0013781	AICA-ribosiduria	atic deficiency	deficiency
GARD:0013811	Malan overgrowth syndrome	Malan syndrome	syndrome
GARD:0013824	proteosome-associated autoinflammatory syndrome	Nakajo syndrome	syndrome
GARD:0015000	DNA ligase IV deficiency	ligase 4 syndrome	syndrome
GARD:0015002	autoinflammation with episodic fever and lymphadenopathy	Cria Syndrome	syndrome
GARD:0015003	protein-losing enteropathy	enteropathy, exudative	enteropathy
GARD:0015003	protein-losing enteropathy	enteropathy, exudative	exudative
GARD:0015003	protein-losing enteropathy	exudative enteropathy	exudative
GARD:0015003	protein-losing enteropathy	exudative enteropathy	enteropathy
GARD:0015004	FADD-related immunodeficiency	Fadd deficiency	deficiency
GARD:0015012	autosomal recessive osteopetrosis	malignant osteopetrosis	malignant
GARD:0015012	autosomal recessive osteopetrosis	malignant osteopetrosis	osteopetrosis
GARD:0015014	solitary fibrous tumor	submesothelial fibroma	fibroma
GARD:0015015	achromatopsia	Rod monochromatism	rod
GARD:0015015	achromatopsia	Rod monochromatism	monochromatism
GARD:0015015	achromatopsia	Pingelapese blindness	blindness
GARD:0015015	achromatopsia	Rod monochromacy	rod
GARD:0015015	achromatopsia	monochromatism	monochromatism
GARD:0015020	panhypopituitarism	complete hypopituitarism	complete
GARD:0015020	panhypopituitarism	complete hypopituitarism	hypopituitarism
GARD:0015020	panhypopituitarism	Simmonds' disease	disease
GARD:0015029	autosomal dominant Aarskog syndrome	aarskog syndrome	syndrome
GARD:0015029	autosomal dominant Aarskog syndrome	faciogenital dysplasia	dysplasia
GARD:0015035	alopecia areata 1	alopecia universalis	alopecia
GARD:0015039	diamond-blackfan anemia 1	Aase syndrome	syndrome
GARD:0015039	diamond-blackfan anemia 1	erythrogenesis imperfecta	erythrogenesis
GARD:0015040	nonsyndromic congenital nail disorder 6	anonychia, partial	anonychia
GARD:0015040	nonsyndromic congenital nail disorder 6	anonychia, partial	partial
GARD:0015041	spermatogenic failure 2	Aspermiogenesis Factor	factor
GARD:0015045	breasts and/or nipples, aplasia or hypoplasia of, 1	athelia	athelia
GARD:0015045	breasts and/or nipples, aplasia or hypoplasia of, 1	amazia	amazia
GARD:0015045	breasts and/or nipples, aplasia or hypoplasia of, 1	amastia	amastia
GARD:0015046	cataract 7	cataract type 7	cataract
GARD:0015046	cataract 7	cataract type 7	type
GARD:0015051	familial cold autoinflammatory syndrome 1	cold hypersensitivity	cold
GARD:0015051	familial cold autoinflammatory syndrome 1	cold hypersensitivity	hypersensitivity
GARD:0015052	Lynch syndrome 1	Lynch 1 syndrome	lynch
GARD:0015052	Lynch syndrome 1	Lynch 1 syndrome	syndrome
GARD:0015052	Lynch syndrome 1	Lynch syndrome 2	lynch
GARD:0015052	Lynch syndrome 1	Lynch syndrome 2	syndrome
GARD:0015053	branchiootic syndrome 2	bo syndrome 2	bo
GARD:0015053	branchiootic syndrome 2	bo syndrome 2	syndrome
GARD:0015059	digitotalar dysmorphism; ulnar drift, hereditary	digitotalar dysmorphism	dysmorphism
GARD:0015060	basal laminar drusen	cuticular drusen	cuticular
GARD:0015060	basal laminar drusen	drusen, cuticular	cuticular
GARD:0015064	elliptocytosis 2	elliptocytosis type 2	type
GARD:0015065	photoparoxysmal response 1	epilepsy, photogenic	epilepsy
GARD:0015065	photoparoxysmal response 1	epilepsy, photogenic	photogenic
GARD:0015065	photoparoxysmal response 1	photosensitivity	photosensitivity
GARD:0015065	photoparoxysmal response 1	Photoconvulsive reaction	reaction
GARD:0015071	zimmermann-laband syndrome 1	laband syndrome	syndrome
GARD:0015078	hypotrichosis 4	hypotrichosis type 4	hypotrichosis
GARD:0015078	hypotrichosis 4	hypotrichosis type 4	type
GARD:0015086	mirror movements 1	bimanual synergia	bimanual
GARD:0015086	mirror movements 1	bimanual synergia	synergia
GARD:0015090	Carney complex, type 1	lamb syndrome	lamb
GARD:0015090	Carney complex, type 1	lamb syndrome	syndrome
GARD:0015090	Carney complex, type 1	Carney syndrome	carney
GARD:0015090	Carney complex, type 1	Carney syndrome	syndrome
GARD:0015090	Carney complex, type 1	name syndrome	name
GARD:0015090	Carney complex, type 1	name syndrome	syndrome
GARD:0015091	narcolepsy 1	cataplexy	cataplexy
GARD:0015091	narcolepsy 1	narcoleptic syndrome 1	narcoleptic
GARD:0015091	narcolepsy 1	narcoleptic syndrome 1	syndrome
GARD:0015097	oculopharyngodistal myopathy 1	oculopharyngodistal myopathy	myopathy
GARD:0015107	brain small vessel disease 1 with or without ocular anomalies	infantile hemiparesis	infantile
GARD:0015107	brain small vessel disease 1 with or without ocular anomalies	infantile hemiparesis	hemiparesis
GARD:0015107	brain small vessel disease 1 with or without ocular anomalies	porencephaly 1	porencephaly
GARD:0015107	brain small vessel disease 1 with or without ocular anomalies	porencephaly type 1	porencephaly
GARD:0015107	brain small vessel disease 1 with or without ocular anomalies	porencephaly type 1	type
GARD:0015109	retinal aplasia	amaurosis congenita	amaurosis
GARD:0015113	spinal arachnoiditis	arachnoiditis, spinal	arachnoiditis
GARD:0015113	spinal arachnoiditis	arachnoiditis, spinal	spinal
GARD:0015115	multiple synostoses syndrome 1	facioaudiosymphalangism syndrome	syndrome
GARD:0015115	multiple synostoses syndrome 1	Wl syndrome	syndrome
GARD:0015118	digeorge syndrome	Shprintzen syndrome	syndrome
GARD:0015118	digeorge syndrome	velocardiofacial syndrome	syndrome
GARD:0015118	digeorge syndrome	DiGeorge anomaly	anomaly
GARD:0015121	tuberous sclerosis 1	tuberose sclerosis	tuberose
GARD:0015121	tuberous sclerosis 1	tuberose sclerosis	sclerosis
GARD:0015123	velocardiofacial syndrome	Shprintzen syndrome	syndrome
GARD:0015124	Wilms tumor 1	Wilms' tumor	tumor
GARD:0015126	dehydrated hereditary stomatocytosis with or without pseudohyperkalemia and/or perinatal edema	Desiccytosis, hereditary	hereditary
GARD:0015126	dehydrated hereditary stomatocytosis with or without pseudohyperkalemia and/or perinatal edema	xerocytosis, hereditary	hereditary
GARD:0015128	RAB23-related Carpenter syndrome	Carpenter syndrome	carpenter
GARD:0015128	RAB23-related Carpenter syndrome	Carpenter syndrome	syndrome
GARD:0015128	RAB23-related Carpenter syndrome	carpenter syndrome 1	carpenter
GARD:0015128	RAB23-related Carpenter syndrome	carpenter syndrome 1	syndrome
GARD:0015128	RAB23-related Carpenter syndrome	acrocephalopolysyndactyly type 2	type
GARD:0015129	neuropathy, hereditary sensory and autonomic, type 2A	Morvan disease	disease
GARD:0015129	neuropathy, hereditary sensory and autonomic, type 2A	acroosteolysis, neurogenic	neurogenic
GARD:0015130	acrorenal syndrome, autosomal recessive	Curran syndrome	syndrome
GARD:0015139	arthrogryposis, renal dysfunction, and cholestasis 1	Arc syndrome	arc
GARD:0015139	arthrogryposis, renal dysfunction, and cholestasis 1	Arc syndrome	syndrome
GARD:0015140	asphyxiating thoracic dystrophy 1	Jeune syndrome	syndrome
GARD:0015143	Seckel syndrome 1	nanocephalic dwarfism	nanocephalic
GARD:0015143	Seckel syndrome 1	nanocephalic dwarfism	dwarfism
GARD:0015143	Seckel syndrome 1	Seckel syndrome 3	seckel
GARD:0015143	Seckel syndrome 1	Seckel syndrome 3	syndrome
GARD:0015144	microcephalic osteodysplastic primordial dwarfism type I	cephaloskeletal dysplasia	dysplasia
GARD:0015152	choreatic disease	hereditary chorea	hereditary
GARD:0015152	choreatic disease	hereditary chorea	chorea
GARD:0015160	ritscher-schinzel syndrome 1	Craniocerebellocardiac dysplasia	dysplasia
GARD:0015167	aicardi-goutieres syndrome 1	Cree encephalitis	cree
GARD:0015167	aicardi-goutieres syndrome 1	Cree encephalitis	encephalitis
GARD:0015167	aicardi-goutieres syndrome 1	Pseudotoxoplasmosis syndrome	syndrome
GARD:0015170	Fanconi anemia complementation group A	Fanconi Anaemia	anaemia
GARD:0015170	Fanconi anemia complementation group A	Fanconi Anemia	anemia
GARD:0015175	granulomatous disease, chronic, autosomal recessive, cytochrome b-negative	Cyba deficiency	deficiency
GARD:0015182	hydrolethalus syndrome 1	hydrolethalus syndrome	syndrome
GARD:0015189	baraitser-winter syndrome 1	cerebrofrontofacial syndrome	syndrome
GARD:0015194	chronic mucocutaneous candidiasis due to lymphokine deficiency	lymphokine deficiency	deficiency
GARD:0015195	megacystis-microcolon-intestinal hypoperistalsis syndrome 1	Berdon syndrome	syndrome
GARD:0015197	methemoglobinemia due to deficiency of methemoglobin reductase	methemoglobinemia, type 1	methemoglobinemia
GARD:0015197	methemoglobinemia due to deficiency of methemoglobin reductase	methemoglobinemia, type 1	type
GARD:0015197	methemoglobinemia due to deficiency of methemoglobin reductase	methemoglobinemia, type 2	methemoglobinemia
GARD:0015197	methemoglobinemia due to deficiency of methemoglobin reductase	methemoglobinemia, type 2	type
GARD:0015199	galloway-mowat syndrome 1	Galloway syndrome	galloway
GARD:0015199	galloway-mowat syndrome 1	Galloway syndrome	syndrome
GARD:0015206	congenital myasthenic syndrome 10	myasthenic myopathy	myasthenic
GARD:0015206	congenital myasthenic syndrome 10	myasthenic myopathy	myopathy
GARD:0015208	myopathy, centronuclear, 2	centronuclear myopathy 2	myopathy
GARD:0015214	spermatogenic failure 1	Oligosynaptic infertility	infertility
GARD:0015214	spermatogenic failure 1	Oligochiasmatic infertility	infertility
GARD:0015222	pituitary hormone deficiency, combined, 2	Hanhart dwarfism	dwarfism
GARD:0015222	pituitary hormone deficiency, combined, 2	pituitary dwarfism 3	pituitary
GARD:0015222	pituitary hormone deficiency, combined, 2	pituitary dwarfism 3	dwarfism
GARD:0015224	short-rib thoracic dysplasia 6 with or without polydactyly	Srps, type 2	type
GARD:0015224	short-rib thoracic dysplasia 6 with or without polydactyly	Majewski syndrome	syndrome
GARD:0015227	short-rib thoracic dysplasia 9 with or without polydactyly	Conorenal syndrome	syndrome
GARD:0015233	sclerosteosis 1	sclerosteosis type 1	type
GARD:0015235	spermatogenic failure 4	spermatogenesis arrest	spermatogenesis
GARD:0015235	spermatogenic failure 4	spermatogenesis arrest	arrest
GARD:0015236	hereditary spherocytosis type 3	spherocytosis, hereditary, 3	hereditary
GARD:0015236	hereditary spherocytosis type 3	spherocytosis, type 3	type
GARD:0015236	hereditary spherocytosis type 3	hereditary spherocytosis 3	hereditary
GARD:0015239	3M syndrome 1	Dolichospondylic dysplasia	dysplasia
GARD:0015247	hypotrichosis 8	hypotrichosis type 8	hypotrichosis
GARD:0015247	hypotrichosis 8	hypotrichosis type 8	type
GARD:0015304	microphthalmia, syndromic 1	microphthalmia syndromic 4	microphthalmia
GARD:0015304	microphthalmia, syndromic 1	microphthalmia syndromic 4	syndromic
GARD:0015304	microphthalmia, syndromic 1	Lenz dysplasia	dysplasia
GARD:0015306	congenital stationary night blindness 1A	nyctalopia	nyctalopia
GARD:0015311	Leber optic atrophy and dystonia	Marsden syndrome	syndrome
GARD:0015324	Fanconi anemia complementation group E	face	face
GARD:0015327	cataract 24	cataract type 24	cataract
GARD:0015327	cataract 24	cataract type 24	type
GARD:0015331	dilated cardiomyopathy 1C	cardiomyopathy, hypertrophic, 24	hypertrophic
GARD:0015334	prostate cancer, hereditary, 1	prostate cancer 1	prostate
GARD:0015334	prostate cancer, hereditary, 1	prostate cancer 1	cancer
GARD:0015376	familial hypobetalipoproteinemia 2	hypobetalipoproteinemia, familial, 2	familial
GARD:0015393	autosomal recessive congenital ichthyosis 3	lamellar ichthyosis 5	lamellar
GARD:0015393	autosomal recessive congenital ichthyosis 3	lamellar ichthyosis 5	ichthyosis
GARD:0015393	autosomal recessive congenital ichthyosis 3	ichthyosis, lamellar, 5	ichthyosis
GARD:0015393	autosomal recessive congenital ichthyosis 3	ichthyosis, lamellar, 5	lamellar
GARD:0015408	aortic aneurysm, familial thoracic 1	annuloaortic ectasia	ectasia
GARD:0015423	hypotrichosis 6	hypotrichosis type 6	hypotrichosis
GARD:0015423	hypotrichosis 6	hypotrichosis type 6	type
GARD:0015430	branchiootic syndrome 3	bo syndrome 3	bo
GARD:0015430	branchiootic syndrome 3	bo syndrome 3	syndrome
GARD:0015450	glucocorticoid deficiency 3	glucocorticoid deficiency 2	deficiency
GARD:0015453	congenital myopathy 4b, autosomal recessive	nemaline myopathy 1	nemaline
GARD:0015453	congenital myopathy 4b, autosomal recessive	nemaline myopathy 1	myopathy
GARD:0015454	congenital myopathy 23	nemaline myopathy 4	nemaline
GARD:0015454	congenital myopathy 23	nemaline myopathy 4	myopathy
GARD:0015457	Lynch syndrome 2	Lynch 2 syndrome	lynch
GARD:0015457	Lynch syndrome 2	Lynch 2 syndrome	syndrome
GARD:0015509	Meckel syndrome, type 4	Meckel syndrome 4	syndrome
GARD:0015520	Meckel syndrome, type 5	Meckel syndrome 5	syndrome
GARD:0015528	elliptocytosis 1	4.1- trait	trait
GARD:0015528	elliptocytosis 1	elliptocytosis type 1	type
GARD:0015541	hypouricemia, renal, 2	gout susceptibility 2	gout
GARD:0015541	hypouricemia, renal, 2	gout susceptibility 2	susceptibility
GARD:0015548	Meckel syndrome, type 6	Meckel syndrome 6	syndrome
GARD:0015559	Wilms tumor, aniridia, genitourinary anomalies, intellectual disability, and obesity syndrome	Wagro syndrome	syndrome
GARD:0015576	hereditary spherocytosis type 4	spherocytosis, hereditary, 4	hereditary
GARD:0015576	hereditary spherocytosis type 4	spherocytosis, type 4	type
GARD:0015576	hereditary spherocytosis type 4	hereditary spherocytosis 4	hereditary
GARD:0015578	hereditary spherocytosis type 5	hereditary spherocytosis 5	hereditary
GARD:0015578	hereditary spherocytosis type 5	spherocytosis, hereditary, 5	hereditary
GARD:0015578	hereditary spherocytosis type 5	spherocytosis, type 5	type
GARD:0015585	hypotrichosis 5	hypotrichosis type 5	hypotrichosis
GARD:0015585	hypotrichosis 5	hypotrichosis type 5	type
GARD:0015592	hereditary spastic paraplegia 50	Spastic Paraplegia 50	spastic
GARD:0015592	hereditary spastic paraplegia 50	Spastic Paraplegia 50	paraplegia
GARD:0015648	miyoshi muscular dystrophy 2	Miyoshi myopathy 2	myopathy
GARD:0015660	Oguchi disease-2	Oguchi disease 2	disease
GARD:0015672	agammaglobulinemia 2, autosomal recessive	lambda 5 deficiency	lambda
GARD:0015672	agammaglobulinemia 2, autosomal recessive	lambda 5 deficiency	deficiency
GARD:0015686	cone-rod dystrophy 15	retinitis pigmentosa 65	retinitis
GARD:0015723	achromatopsia 4	achromatopsia type 4	achromatopsia
GARD:0015723	achromatopsia 4	achromatopsia type 4	type
GARD:0015727	Meckel syndrome, type 8	Meckel syndrome 8	syndrome
GARD:0015735	spermatogenic failure 9	globozoospermia, complete	complete
GARD:0015735	spermatogenic failure 9	globozoospermia, total	total
GARD:0015749	hereditary spastic paraplegia 47	Spastic Paraplegia 47	spastic
GARD:0015749	hereditary spastic paraplegia 47	Spastic Paraplegia 47	paraplegia
GARD:0015750	hereditary spastic paraplegia 52	Spastic Paraplegia 52	spastic
GARD:0015750	hereditary spastic paraplegia 52	Spastic Paraplegia 52	paraplegia
GARD:0015762	nonsyndromic congenital nail disorder 9	nail dysplasia	nail
GARD:0015762	nonsyndromic congenital nail disorder 9	nail dysplasia	dysplasia
GARD:0015763	paragangliomas 5	paragangliomas type 5	type
GARD:0015773	Meckel syndrome, type 9	meckel syndrome 9	syndrome
GARD:0015778	warburg micro syndrome 3	micro syndrome 3	micro
GARD:0015778	warburg micro syndrome 3	micro syndrome 3	syndrome
GARD:0015780	warburg micro syndrome 2	micro syndrome 2	micro
GARD:0015780	warburg micro syndrome 2	micro syndrome 2	syndrome
GARD:0015781	hypotrichosis 9	hypotrichosis type 9	hypotrichosis
GARD:0015781	hypotrichosis 9	hypotrichosis type 9	type
GARD:0015782	hypotrichosis 10	hypotrichosis type 10	hypotrichosis
GARD:0015782	hypotrichosis 10	hypotrichosis type 10	type
GARD:0015783	narcolepsy 7	narcolepsy type 7	narcolepsy
GARD:0015783	narcolepsy 7	narcolepsy type 7	type
GARD:0015786	sclerosteosis 2	sclerosteosis type 2	type
GARD:0015800	cataract 37	cataract type 37	cataract
GARD:0015800	cataract 37	cataract type 37	type
GARD:0015808	porencephaly 2	porencephaly type 2	porencephaly
GARD:0015808	porencephaly 2	porencephaly type 2	type
GARD:0015812	cone-rod dystrophy 16	retinitis pigmentosa 64	retinitis
GARD:0015815	fibrochondrogenesis 2	fibrochondrogenesis type 2	type
GARD:0015818	Olmsted syndrome 1	Olmsted syndrome	syndrome
GARD:0015825	hyperekplexia 3	hyperekplexia type 3	type
GARD:0015826	hyperekplexia 2	hyperekplexia type 2	type
GARD:0015852	nephronophthisis 15	nephronophthisis type 15	type
GARD:0015889	MEGF8-related Carpenter syndrome	carpenter syndrome 2	carpenter
GARD:0015889	MEGF8-related Carpenter syndrome	carpenter syndrome 2	syndrome
GARD:0015900	hypotrichosis 11	hypotrichosis type 11	hypotrichosis
GARD:0015900	hypotrichosis 11	hypotrichosis type 11	type
GARD:0015909	microphthalmia, isolated, with coloboma 9	microphthalmia, syndromic 15	microphthalmia
GARD:0015909	microphthalmia, isolated, with coloboma 9	microphthalmia, syndromic 15	syndromic
GARD:0015926	dilated cardiomyopathy 1KK	cardiomyopathy, hypertrophic, 22	hypertrophic
GARD:0015939	myofibromatosis, infantile, 2	myofibromatosis, infantile 2	infantile
GARD:0015957	Meckel syndrome, type 11	meckel syndrome 11	syndrome
GARD:0015979	immunodeficiency 14	immunodeficiency type 14	type
GARD:0015998	warburg micro syndrome 4	micro syndrome 4	micro
GARD:0015998	warburg micro syndrome 4	micro syndrome 4	syndrome
GARD:0016000	schwannomatosis 2	Schwannomatosis type 2	type
GARD:0016010	atrial fibrillation, familial, 15	atrial fibrillation 15	atrial
GARD:0016010	atrial fibrillation, familial, 15	atrial fibrillation 15	fibrillation
GARD:0016027	hypotrichosis 12	hypotrichosis type 12	hypotrichosis
GARD:0016027	hypotrichosis 12	hypotrichosis type 12	type
GARD:0016029	hypotrichosis 13	hypotrichosis type 13	hypotrichosis
GARD:0016029	hypotrichosis 13	hypotrichosis type 13	type
GARD:0016035	myopathy, centronuclear, 5	centronuclear myopathy 5	myopathy
GARD:0016046	immunodeficiency 36	immunodeficiency type 36	type
GARD:0016089	congenital myasthenic syndrome 11	cms ie	ie
GARD:0016103	myoclonic dystonia 26	dystonia 26, myoclonic	myoclonic
GARD:0016127	cataract 44	cataract type 44	cataract
GARD:0016127	cataract 44	cataract type 44	type
GARD:0016129	achromatopsia 7	achromatopsia type 7	achromatopsia
GARD:0016129	achromatopsia 7	achromatopsia type 7	type
GARD:0016149	hereditary spherocytosis type 2	hereditary spherocytosis 2	hereditary
GARD:0016149	hereditary spherocytosis type 2	spherocytosis, hereditary, 2	hereditary
GARD:0016149	hereditary spherocytosis type 2	spherocytosis, type 2	type
GARD:0016197	orofaciodigital syndrome xv	orofaciodigital syndrome 15	syndrome
GARD:0016200	aniridia 2	aniridia type 2	aniridia
GARD:0016200	aniridia 2	aniridia type 2	type
GARD:0016201	aniridia 3	aniridia type 3	aniridia
GARD:0016201	aniridia 3	aniridia type 3	type
GARD:0016222	MYPN-related myopathy	nemaline myopathy 11	nemaline
GARD:0016222	MYPN-related myopathy	nemaline myopathy 11	myopathy
GARD:0016449	cone dystrophy 4	achromatopsia 5	achromatopsia
GARD:0016450	Cowden syndrome 1	cerebelloparenchymal disorder 6	disorder
GARD:0016451	Desbuquois dysplasia 1	desbuquois syndrome	syndrome
GARD:0016452	xeroderma pigmentosum group D	xeroderma pigmentosum 4	xeroderma
GARD:0016457	autosomal recessive congenital ichthyosis 8	ichthyosis, lamellar, 4	ichthyosis
GARD:0016457	autosomal recessive congenital ichthyosis 8	ichthyosis, lamellar, 4	lamellar
GARD:0016457	autosomal recessive congenital ichthyosis 8	lamellar ichthyosis 4	lamellar
GARD:0016457	autosomal recessive congenital ichthyosis 8	lamellar ichthyosis 4	ichthyosis
GARD:0016502	otofaciocervical syndrome 1	otofaciocervical syndrome	syndrome
GARD:0016522	citrullinemia	ass deficiency	ass
GARD:0016522	citrullinemia	ass deficiency	deficiency
GARD:0016523	glycogen storage disease I	glycogenosis type 1	type
GARD:0016523	glycogen storage disease I	hepatorenal glycogenosis	hepatorenal
GARD:0016524	focal facial dermal dysplasia type i	Brauer syndrome	syndrome
GARD:0016527	ependymal tumor	ependymal neoplasm	ependymal
GARD:0016527	ependymal tumor	ependymal neoplasm	neoplasm
GARD:0016527	ependymal tumor	ependymal tumors	ependymal
GARD:0016527	ependymal tumor	ependymomal tumor	tumor
GARD:0016527	ependymal tumor	ependymal tumours	ependymal
GARD:0016529	classic hodgkin lymphoma	Hodgkin disease	hodgkin
GARD:0016529	classic hodgkin lymphoma	Hodgkin disease	disease
GARD:0016530	primary hyperoxaluria	hyperoxaluria, primary	primary
GARD:0016533	hypogonadotropic hypogonadism	secondary hypogonadism	secondary
GARD:0016533	hypogonadotropic hypogonadism	gonadotropic deficiency	gonadotropic
GARD:0016533	hypogonadotropic hypogonadism	gonadotropic deficiency	deficiency
GARD:0016533	hypogonadotropic hypogonadism	central hypogonadism	central
GARD:0016536	multiminicore myopathy	multicore disease	multicore
GARD:0016536	multiminicore myopathy	multicore disease	disease
GARD:0016536	multiminicore myopathy	multicore myopathy	multicore
GARD:0016536	multiminicore myopathy	multicore myopathy	myopathy
GARD:0016536	multiminicore myopathy	multiminicore disease	disease
GARD:0016537	homocystinuria without methylmalonic aciduria	methylcobalamin deficiency	deficiency
GARD:0016540	omphalocele	eventration	eventration
GARD:0016540	omphalocele	congenital omphalocele	congenital
GARD:0016540	omphalocele	congenital omphalocele	omphalocele
GARD:0016540	omphalocele	omphalocele (disease)	omphalocele
GARD:0016540	omphalocele	omphalocele (disease)	disease
GARD:0016540	omphalocele	exomphalos	exomphalos
GARD:0016548	estrogen resistance syndrome	estrogen insensitivity	estrogen
GARD:0016548	estrogen resistance syndrome	estrogen insensitivity	insensitivity
GARD:0016548	estrogen resistance syndrome	estrogen resistance	estrogen
GARD:0016548	estrogen resistance syndrome	estrogen resistance	resistance
GARD:0016548	estrogen resistance syndrome	oestrogen insensitivity	insensitivity
GARD:0016548	estrogen resistance syndrome	oestrogen resistance	resistance
GARD:0016552	46,xy sex reversal 11	anorchia, familial	anorchia
GARD:0016552	46,xy sex reversal 11	anorchia, familial	familial
GARD:0016568	autosomal recessive robinow syndrome	covesdem syndrome	syndrome
GARD:0016572	chromosome 15q26-qter deletion syndrome	Drayer syndrome	syndrome
GARD:0016575	dentin dysplasia	dentinal dysplasia	dentinal
GARD:0016575	dentin dysplasia	dentinal dysplasia	dysplasia
GARD:0016581	early myoclonic encephalopathy	myoclonic epilepsy	myoclonic
GARD:0016581	early myoclonic encephalopathy	myoclonic epilepsy	epilepsy
GARD:0016581	early myoclonic encephalopathy	myoclonus epilepsy	myoclonus
GARD:0016581	early myoclonic encephalopathy	myoclonus epilepsy	epilepsy
GARD:0016581	early myoclonic encephalopathy	myoclonic seizure	myoclonic
GARD:0016581	early myoclonic encephalopathy	myoclonic seizure	seizure
GARD:0016583	juvenile hyaline fibromatosis	Molluscum fibrosum	molluscum
GARD:0016583	juvenile hyaline fibromatosis	Puretic syndrome	syndrome
GARD:0016583	juvenile hyaline fibromatosis	mesenchymal dysplasia	mesenchymal
GARD:0016583	juvenile hyaline fibromatosis	mesenchymal dysplasia	dysplasia
GARD:0016585	46,XX ovotesticular disorder of sex development	true hermaphroditism	true
GARD:0016585	46,XX ovotesticular disorder of sex development	true hermaphroditism	hermaphroditism
GARD:0016586	nodular neuronal heterotopia	nodular heterotopia	nodular
GARD:0016586	nodular neuronal heterotopia	nodular heterotopia	heterotopia
GARD:0016591	familial primary pulmonary hypoplasia	lung agenesis	lung
GARD:0016591	familial primary pulmonary hypoplasia	lung agenesis	agenesis
GARD:0016594	Kenny-Caffey syndrome	Kenny syndrome	syndrome
GARD:0016596	congenital laryngeal web	subglottic Bar	subglottic
GARD:0016596	congenital laryngeal web	subglottic Bar	bar
GARD:0016596	congenital laryngeal web	Laryngeal web	laryngeal
GARD:0016596	congenital laryngeal web	Laryngeal web	web
GARD:0016596	congenital laryngeal web	subglottic web	subglottic
GARD:0016596	congenital laryngeal web	subglottic web	web
GARD:0016597	laryngeal abductor paralysis-intellectual disability syndrome	Plott syndrome	syndrome
GARD:0016598	macrocephaly-spastic paraplegia-dysmorphism syndrome	Fryns macrocephaly	macrocephaly
GARD:0016599	congenital macroglossia	macroglossia	macroglossia
GARD:0016601	megalencephaly	megalencephaly (disease)	disease
GARD:0016603	microcephaly and chorioretinopathy 1	Pseudotoxoplasmosis syndrome	syndrome
GARD:0016606	oculo-palato-cerebral syndrome	oculopalatocerebral dwarfism	dwarfism
GARD:0016606	oculo-palato-cerebral syndrome	oculopalatocerebral syndrome	syndrome
GARD:0016611	pelvis-shoulder dysplasia	Kosenow syndrome	syndrome
GARD:0016621	alpha-n-acetylgalactosaminidase deficiency	Schindler disease	disease
GARD:0016626	isolated trigonocephaly	nonsyndromic trigonocephaly	trigonocephaly
GARD:0016628	hereditary xanthinuria	xanthic urolithiasis	xanthic
GARD:0016628	hereditary xanthinuria	xanthic urolithiasis	urolithiasis
GARD:0016628	hereditary xanthinuria	classic xanthinuria	classic
GARD:0016628	hereditary xanthinuria	classic xanthinuria	xanthinuria
GARD:0016628	hereditary xanthinuria	xanthinuria	xanthinuria
GARD:0016629	neurohypophyseal diabetes insipidus	vasopressin deficiency	deficiency
GARD:0016630	neuroectodermal melanolysosomal disease	elejalde disease	disease
GARD:0016642	graft versus host disease	disease, runt	disease
GARD:0016642	graft versus host disease	disease, runt	runt
GARD:0016642	graft versus host disease	runt disease	runt
GARD:0016642	graft versus host disease	runt disease	disease
GARD:0016643	hereditary myopathy with lactic acidosis due to iscu deficiency	aconitase deficiency	deficiency
GARD:0016656	dystonia 9	dystonia type 9	type
GARD:0016657	cornea plana	flat cornea	flat
GARD:0016657	cornea plana	flat cornea	cornea
GARD:0016658	lethal arthrogryposis-anterior horn cell disease syndrome	Vuopala disease	disease
GARD:0016659	thrombotic thrombocytopenic purpura	Moschowitz disease	disease
GARD:0016659	thrombotic thrombocytopenic purpura	Moschcowitz disease	disease
GARD:0016660	adamantinoma	adamantinoma, malignant	adamantinoma
GARD:0016660	adamantinoma	adamantinoma, malignant	malignant
GARD:0016660	adamantinoma	Extragnathic adamantinoma	adamantinoma
GARD:0016662	parietal foramina	catlin marks	catlin
GARD:0016663	pulmonary nodular lymphoid hyperplasia	pulmonary pseudolymphoma	pulmonary
GARD:0016666	distal myopathy with posterior leg and anterior hand involvement	myopathy, distal, 4	myopathy
GARD:0016666	distal myopathy with posterior leg and anterior hand involvement	myopathy, distal, 4	distal
GARD:0016667	childhood absence epilepsy	absence seizure	absence
GARD:0016667	childhood absence epilepsy	absence seizure	seizure
GARD:0016670	permanent neonatal diabetes mellitus-pancreatic and cerebellar agenesis syndrome	paca	paca
GARD:0016675	mucopolysaccharidosis type 9	hyaluronidase deficiency	hyaluronidase
GARD:0016675	mucopolysaccharidosis type 9	hyaluronidase deficiency	deficiency
GARD:0016675	mucopolysaccharidosis type 9	mucopolysaccharidosis, type 9	type
GARD:0016679	odonto-tricho-ungual-digito-palmar syndrome	otudp syndrome	syndrome
GARD:0016683	low phospholipid associated cholelithiasis	gallbladder disease 1	disease
GARD:0016688	familial thrombocytosis	hereditary thrombocythemia	hereditary
GARD:0016688	familial thrombocytosis	familial thrombocythemia	familial
GARD:0016688	familial thrombocytosis	hereditary thrombocytosis	hereditary
GARD:0016699	neonatal diabetes mellitus with congenital hypothyroidism	ndh syndrome	syndrome
GARD:0016706	familial progressive hyperpigmentation	universal melanosis	universal
GARD:0016706	familial progressive hyperpigmentation	universal melanosis	melanosis
GARD:0016707	acrokeratosis verruciformis	Hopf disease	disease
GARD:0016719	loricrin keratoderma	Camisa disease	disease
GARD:0016721	oculocutaneous albinism type 1a	albinism 1	albinism
GARD:0016723	maculopapular cutaneous mastocytosis	urticaria pigmentosa	urticaria
GARD:0016724	cholesterol-ester transfer protein deficiency	hyperalphalipoproteinemia type 1	type
GARD:0016724	cholesterol-ester transfer protein deficiency	familial hyperalphalipoproteinemia	familial
GARD:0016728	glomuvenous malformation	familial glomangioma	familial
GARD:0016728	glomuvenous malformation	hereditary glomangioma	hereditary
GARD:0016728	glomuvenous malformation	glomangiomas, multiple	multiple
GARD:0016729	congenital malabsorptive diarrhea 4	enteric anendocrinosis	enteric
GARD:0016730	Senior-Boichis syndrome	Boichis disease	disease
GARD:0016734	Bothnia retinal dystrophy	Vasterbotten dystrophy	dystrophy
GARD:0016740	spondylo-ocular syndrome	spondyloocular syndrome	syndrome
GARD:0016756	X-linked reticulate pigmentary disorder	Partington disease	disease
GARD:0016757	helicoid peripapillary chorioretinal degeneration	atrophia areata	atrophia
GARD:0016762	atrichia with papular lesions	papular atrichia	papular
GARD:0016762	atrichia with papular lesions	papular atrichia	atrichia
GARD:0016765	reticulum cell sarcoma	histiocytic lymphoma	histiocytic
GARD:0016765	reticulum cell sarcoma	histiocytic lymphoma	lymphoma
GARD:0016768	blue color blindness	tritan defect	defect
GARD:0016768	blue color blindness	tritanopia	tritanopia
GARD:0016768	blue color blindness	congenital tritanopia	congenital
GARD:0016768	blue color blindness	congenital tritanopia	tritanopia
GARD:0016768	blue color blindness	blue colorblindness	blue
GARD:0016768	blue color blindness	colorblindness, tritanopic	tritanopic
GARD:0016769	terminal osseous dysplasia-pigmentary defects syndrome	Odpf syndrome	syndrome
GARD:0016772	autosomal dominant progressive nephropathy with hypertension	nephropathy, familial	nephropathy
GARD:0016772	autosomal dominant progressive nephropathy with hypertension	nephropathy, familial	familial
GARD:0016773	hepatocellular carcinoma	cancer, hepatocellular	cancer
GARD:0016773	hepatocellular carcinoma	liver carcinoma	liver
GARD:0016773	hepatocellular carcinoma	liver carcinoma	carcinoma
GARD:0016773	hepatocellular carcinoma	hepatoblastoma, somatic	somatic
GARD:0016773	hepatocellular carcinoma	hepatocellular adenocarcinoma	adenocarcinoma
GARD:0016773	hepatocellular carcinoma	hepatocellular cancer	cancer
GARD:0016773	hepatocellular carcinoma	hepatoma	hepatoma
GARD:0016773	hepatocellular carcinoma	adult hepatoma	adult
GARD:0016773	hepatocellular carcinoma	adult hepatoma	hepatoma
GARD:0016773	hepatocellular carcinoma	liver cancer	liver
GARD:0016773	hepatocellular carcinoma	liver cancer	cancer
GARD:0016779	dystrophic epidermolysis bullosa pruriginosa	deb, pruriginosa	deb
GARD:0016785	familial pseudohyperkalemia	cryohydrocytosis, mild	mild
GARD:0016793	hypothyroidism due to tsh receptor mutations	thyrotropin resistance	resistance
GARD:0016793	hypothyroidism due to tsh receptor mutations	hypothyroidism, Nonautoimmune	hypothyroidism
GARD:0016797	isolated cryptophthalmia	ankyloblepharon, simple	ankyloblepharon
GARD:0016797	isolated cryptophthalmia	ankyloblepharon, simple	simple
GARD:0016798	ptosis, hereditary congenital, 1	congenital ptosis	congenital
GARD:0016798	ptosis, hereditary congenital, 1	congenital ptosis	ptosis
GARD:0016798	ptosis, hereditary congenital, 1	ptosis, congenital	ptosis
GARD:0016798	ptosis, hereditary congenital, 1	ptosis, congenital	congenital
GARD:0016800	sclerocornea	sclerocornea (disease)	sclerocornea
GARD:0016800	sclerocornea	sclerocornea (disease)	disease
GARD:0016803	persistent hyperplastic primary vitreous	ncRNA disease	disease
GARD:0016810	Crouzon syndrome-acanthosis nigricans syndrome	Crouzonodermoskeletal syndrome	syndrome
GARD:0016816	brachyolmia, maroteaux type	brachyolmia type 2	type
GARD:0016829	hemoglobin h disease	HbH disease	disease
GARD:0016836	Cayman type cerebellar ataxia	Cayman ataxia	cayman
GARD:0016836	Cayman type cerebellar ataxia	Cayman ataxia	ataxia
GARD:0016837	nonsyndromic congenital nail disorder 4	anonychia congenita	anonychia
GARD:0016837	nonsyndromic congenital nail disorder 4	anonychia totalis	anonychia
GARD:0016838	lissencephaly due to lis1 mutation	lissencephaly, classic	classic
GARD:0016843	familial thyroid dyshormonogenesis	thyroid dyshormonogenesis	thyroid
GARD:0016850	growth hormone-producing pituitary gland adenoma	somatotroph adenoma	adenoma
GARD:0016850	growth hormone-producing pituitary gland adenoma	somatotrope adenoma	adenoma
GARD:0016850	growth hormone-producing pituitary gland adenoma	somatotropic adenoma	somatotropic
GARD:0016850	growth hormone-producing pituitary gland adenoma	somatotropic adenoma	adenoma
GARD:0016867	southeast asian ovalocytosis	Melanesian ovalocytosis	melanesian
GARD:0016867	southeast asian ovalocytosis	he, stomatocytic	he
GARD:0016867	southeast asian ovalocytosis	hereditary ovalocytosis	hereditary
GARD:0016867	southeast asian ovalocytosis	Melanesian elliptocytosis	melanesian
GARD:0016870	myofibrillar myopathy 1	desminopathy, primary	primary
GARD:0016870	myofibrillar myopathy 1	myopathy, myofibrillar, 1	myopathy
GARD:0016871	myofibrillar myopathy 3	distal myotilinopathy	distal
GARD:0016871	myofibrillar myopathy 3	myopathy, myofibrillar, 3	myopathy
GARD:0016875	coloboma of choroid and retina	retinochoroidal coloboma	coloboma
GARD:0016875	coloboma of choroid and retina	choroidal coloboma	choroidal
GARD:0016875	coloboma of choroid and retina	choroidal coloboma	coloboma
GARD:0016875	coloboma of choroid and retina	retinal coloboma	retinal
GARD:0016875	coloboma of choroid and retina	retinal coloboma	coloboma
GARD:0016882	posterior polymorphous corneal dystrophy	Schlichting dystrophy	dystrophy
GARD:0016883	juvenile open angle glaucoma	juvenile glaucoma	juvenile
GARD:0016883	juvenile open angle glaucoma	juvenile glaucoma	glaucoma
GARD:0016884	pulverulent cataract	dusty cataract	dusty
GARD:0016884	pulverulent cataract	dusty cataract	cataract
GARD:0016896	congenital total pulmonary venous return anomaly	scimitar syndrome	scimitar
GARD:0016896	congenital total pulmonary venous return anomaly	scimitar syndrome	syndrome
GARD:0016896	congenital total pulmonary venous return anomaly	scimitar anomaly	scimitar
GARD:0016896	congenital total pulmonary venous return anomaly	scimitar anomaly	anomaly
GARD:0016904	myotonia fluctuans	Fluctuating myotonia	myotonia
GARD:0016906	acetazolamide-responsive myotonia	painful myotonia	painful
GARD:0016906	acetazolamide-responsive myotonia	painful myotonia	myotonia
GARD:0016907	cleft soft palate	cleft velum	cleft
GARD:0016907	cleft soft palate	cleft velum	velum
GARD:0016919	leukoencephalopathy with vanishing white matter 1	Cree leukoencephalopathy	cree
GARD:0016922	thymoma	thymoma (disease)	thymoma
GARD:0016922	thymoma	thymoma (disease)	disease
GARD:0016927	esophageal adenocarcinoma	oesophagus adenocarcinoma	oesophagus
GARD:0016927	esophageal adenocarcinoma	oesophagus adenocarcinoma	adenocarcinoma
GARD:0016927	esophageal adenocarcinoma	adenocarcinoma - esophagus	adenocarcinoma
GARD:0016927	esophageal adenocarcinoma	adenocarcinoma - esophagus	esophagus
GARD:0016927	esophageal adenocarcinoma	oesophageal adenocarcinoma	oesophageal
GARD:0016927	esophageal adenocarcinoma	oesophageal adenocarcinoma	adenocarcinoma
GARD:0016927	esophageal adenocarcinoma	adenocarcinoma - oesophagus	adenocarcinoma
GARD:0016927	esophageal adenocarcinoma	adenocarcinoma - oesophagus	oesophagus
GARD:0016927	esophageal adenocarcinoma	esophagus adenocarcinoma	esophagus
GARD:0016927	esophageal adenocarcinoma	esophagus adenocarcinoma	adenocarcinoma
GARD:0016930	ACys amyloidosis	cystatin amyloidosis	amyloidosis
GARD:0016930	ACys amyloidosis	amyloidosis 6	amyloidosis
GARD:0016935	hereditary angioedema type 3	angioedema, hereditary, 3	hereditary
GARD:0016936	renin-angiotensin-aldosterone system-blocker-induced angioedema	reactive angioendotheliomatosis	reactive
GARD:0016937	porphyria due to ala dehydratase deficiency	Doss porphyria	doss
GARD:0016937	porphyria due to ala dehydratase deficiency	Doss porphyria	porphyria
GARD:0016937	porphyria due to ala dehydratase deficiency	alad porphyria	porphyria
GARD:0016943	congenital stromal corneal dystrophy	Witschel dystrophy	dystrophy
GARD:0016944	familial isolated congenital asplenia	asplenia, familial	familial
GARD:0016944	familial isolated congenital asplenia	splenic hypoplasia	splenic
GARD:0016944	familial isolated congenital asplenia	splenic hypoplasia	hypoplasia
GARD:0016951	choanal atresia	imperforate nares	imperforate
GARD:0016951	choanal atresia	imperforate nares	nares
GARD:0016961	primary intraosseous venous malformation	hemangioma, intraosseous	hemangioma
GARD:0016961	primary intraosseous venous malformation	hemangioma, intraosseous	intraosseous
GARD:0016961	primary intraosseous venous malformation	intraosseous hemangioma	intraosseous
GARD:0016961	primary intraosseous venous malformation	intraosseous hemangioma	hemangioma
GARD:0016968	second branchial cleft anomaly	branchial cysts	branchial
GARD:0016968	second branchial cleft anomaly	branchial cleft	branchial
GARD:0016968	second branchial cleft anomaly	branchial cleft	cleft
GARD:0016971	hemifacial hypertrophy	facial hemihypertrophy	facial
GARD:0016971	hemifacial hypertrophy	facial hemihypertrophy	hemihypertrophy
GARD:0016971	hemifacial hypertrophy	hemifacial hyperplasia	hemifacial
GARD:0016971	hemifacial hypertrophy	hemifacial hyperplasia	hyperplasia
GARD:0016971	hemifacial hypertrophy	facial asymmetry	facial
GARD:0016971	hemifacial hypertrophy	facial asymmetry	asymmetry
GARD:0016972	isolated congenital hypoglossia/aglossia	hypoglossia, isolated	isolated
GARD:0016973	paramedian nasal cleft	cleft nose	cleft
GARD:0016973	paramedian nasal cleft	cleft nose	nose
GARD:0016973	paramedian nasal cleft	alar cleft	alar
GARD:0016973	paramedian nasal cleft	alar cleft	cleft
GARD:0016975	commissural facial cleft	macrostomia, isolated	macrostomia
GARD:0016975	commissural facial cleft	macrostomia, isolated	isolated
GARD:0016975	commissural facial cleft	macrostomia	macrostomia
GARD:0016977	hereditary hypophosphatemic rickets with hypercalciuria	hypercalciuric rickets	rickets
GARD:0016982	hyperplastic polyposis syndrome	serrated polyposis	serrated
GARD:0016982	hyperplastic polyposis syndrome	serrated polyposis	polyposis
GARD:0016987	ane syndrome	anes	anes
GARD:0017009	X-linked intellectual disability-craniofacioskeletal syndrome	craniofacioskeletal syndrome	syndrome
GARD:0017028	hot water reflex epilepsy	bathing epilepsy	bathing
GARD:0017028	hot water reflex epilepsy	bathing epilepsy	epilepsy
GARD:0017029	reading seizures	epilepsy, reading	epilepsy
GARD:0017029	reading seizures	epilepsy, reading	reading
GARD:0017036	hereditary cryohydrocytosis with reduced stomatin	ChC type 2	type
GARD:0017038	congenital enteropathy due to enteropeptidase deficiency	enterokinase deficiency	enterokinase
GARD:0017038	congenital enteropathy due to enteropeptidase deficiency	enterokinase deficiency	deficiency
GARD:0017038	congenital enteropathy due to enteropeptidase deficiency	enteropeptidase deficiency	deficiency
GARD:0017045	Cernunnos-XLF deficiency	Cernunnos deficiency	deficiency
GARD:0017046	combined immunodeficiency due to cd3gamma deficiency	immunodeficiency type 17	type
GARD:0017062	myofibrillar myopathy 5	myopathy, myofibrillar, 5	myopathy
GARD:0017062	myofibrillar myopathy 5	muscle filaminopathy	muscle
GARD:0017089	familial angiolipomatosis	angiolipoma Microthromboticum	angiolipoma
GARD:0017089	familial angiolipomatosis	angiolipomatosis, familial	familial
GARD:0017096	myofibrillar myopathy 6	myopathy, myofibrillar, 6	myopathy
GARD:0017100	ovarian gonadoblastoma	ovary gonadoblastoma	ovary
GARD:0017102	adult-onset proximal spinal muscular atrophy, autosomal dominant	Finkel disease	finkel
GARD:0017102	adult-onset proximal spinal muscular atrophy, autosomal dominant	Finkel disease	disease
GARD:0017105	extraskeletal myxoid chondrosarcoma	extraskeletal chondrosarcoma	chondrosarcoma
GARD:0017105	extraskeletal myxoid chondrosarcoma	extraosseous chondrosarcoma	chondrosarcoma
GARD:0017109	spastic quadriplegic cerebral palsy	spastic quadriplegia	spastic
GARD:0017109	spastic quadriplegic cerebral palsy	spastic quadriplegia	quadriplegia
GARD:0017116	microcephaly-facio-cardio-skeletal syndrome, hadziselimovic type	Hadziselimovic syndrome	syndrome
GARD:0017117	isolated congenital digital clubbing	acropachy, hereditary	hereditary
GARD:0017137	clonic hemifacial spasm	facial hemispasm	facial
GARD:0017137	clonic hemifacial spasm	facial hemispasm	hemispasm
GARD:0017137	clonic hemifacial spasm	hemifacial spasm	hemifacial
GARD:0017137	clonic hemifacial spasm	hemifacial spasm	spasm
GARD:0017143	autosomal recessive optic atrophy, opa7 type	optic atrophy 7	optic
GARD:0017143	autosomal recessive optic atrophy, opa7 type	optic atrophy 7	atrophy
GARD:0017144	severe combined immunodeficiency due to coro1a deficiency	immunodeficiency type 8	type
GARD:0017155	isolated agammaglobulinemia	isolated hypogammaglobulinemia	isolated
GARD:0017157	erythema palmare hereditarium	lane disease	lane
GARD:0017157	erythema palmare hereditarium	lane disease	disease
GARD:0017158	familial generalized lentiginosis	lentiginosis, diffuse	diffuse
GARD:0017158	familial generalized lentiginosis	lentiginosis, generalized	generalized
GARD:0017162	beta-thalassemia major	Cooley anaemia	anaemia
GARD:0017162	beta-thalassemia major	Cooley anemia	anemia
GARD:0017162	beta-thalassemia major	Mediterranean anaemia	mediterranean
GARD:0017162	beta-thalassemia major	Mediterranean anaemia	anaemia
GARD:0017162	beta-thalassemia major	Mediterranean anemia	mediterranean
GARD:0017162	beta-thalassemia major	Mediterranean anemia	anemia
GARD:0017172	15q11q13 microduplication syndrome	autism susceptibility 4	autism
GARD:0017172	15q11q13 microduplication syndrome	autism susceptibility 4	susceptibility
GARD:0017173	hypercholanemia, familial 1	hereditary hypercholanemia	hereditary
GARD:0017176	Chuvash polycythemia	Chuvash erythromatosis	chuvash
GARD:0017176	Chuvash polycythemia	familial erythrocytosis 2	familial
GARD:0017176	Chuvash polycythemia	familial erythrocytosis 2	erythrocytosis
GARD:0017176	Chuvash polycythemia	Chuvash erythrocytosis	chuvash
GARD:0017176	Chuvash polycythemia	Chuvash erythrocytosis	erythrocytosis
GARD:0017176	Chuvash polycythemia	erythrocytosis, familial, 2	erythrocytosis
GARD:0017176	Chuvash polycythemia	erythrocytosis, familial, 2	familial
GARD:0017179	isolated thyrotropin-releasing hormone deficiency	hypothalamic hypothyroidism	hypothalamic
GARD:0017179	isolated thyrotropin-releasing hormone deficiency	hypothalamic hypothyroidism	hypothyroidism
GARD:0017179	isolated thyrotropin-releasing hormone deficiency	tertiary hypothyroidism	tertiary
GARD:0017179	isolated thyrotropin-releasing hormone deficiency	tertiary hypothyroidism	hypothyroidism
GARD:0017182	supranuclear palsy, progressive, 1	Richardson syndrome	syndrome
GARD:0017185	dimethylglycine dehydrogenase deficiency	dmgdh deficiency	deficiency
GARD:0017188	hyperphosphatasia-intellectual disability syndrome	Mabry syndrome	syndrome
GARD:0017196	juvenile cataract-microcornea-renal glucosuria syndrome	cataract 47	cataract
GARD:0017205	isolated microphthalmia 5	microphthalmia, isolated 5	microphthalmia
GARD:0017205	isolated microphthalmia 5	microphthalmia, isolated 5	isolated
GARD:0017214	medulloblastoma with extensive nodularity	nodular medulloblastoma	nodular
GARD:0017214	medulloblastoma with extensive nodularity	cerebellar neuroblastoma	cerebellar
GARD:0017214	medulloblastoma with extensive nodularity	cerebellar neuroblastoma	neuroblastoma
GARD:0017224	complete hydatidiform mole	complete Mole	complete
GARD:0017224	complete hydatidiform mole	complete Mole	mole
GARD:0017237	pyruvate dehydrogenase e3-binding protein deficiency	diaphorase deficiency	deficiency
GARD:0017251	Alagille syndrome due to a JAG1 point mutation	arteriohepatic dysplasia	dysplasia
GARD:0017251	Alagille syndrome due to a JAG1 point mutation	Alagille syndrome 1	syndrome
GARD:0017252	Alagille syndrome due to a NOTCH2 point mutation	Alagille syndrome 2	syndrome
GARD:0017254	glycogen storage disease xv	glycogenosis type 15	type
GARD:0017254	glycogen storage disease xv	glycogenin deficiency	deficiency
GARD:0017259	peeling skin syndrome 1	deciduous skin	deciduous
GARD:0017259	peeling skin syndrome 1	deciduous skin	skin
GARD:0017276	spinocerebellar ataxia type 32	spinocerebellar ataxia 32	spinocerebellar
GARD:0017276	spinocerebellar ataxia type 32	spinocerebellar ataxia 32	ataxia
GARD:0017278	goiter, multinodular 1, with or without sertoli-leydig cell tumors	euthyroid goiter	goiter
GARD:0017278	goiter, multinodular 1, with or without sertoli-leydig cell tumors	simple goiter	simple
GARD:0017278	goiter, multinodular 1, with or without sertoli-leydig cell tumors	simple goiter	goiter
GARD:0017278	goiter, multinodular 1, with or without sertoli-leydig cell tumors	simple goitre	simple
GARD:0017279	hyperbiliverdinemia	green jaundice	green
GARD:0017279	hyperbiliverdinemia	green jaundice	jaundice
GARD:0017287	hereditary neutrophilia	neutrophilia, hereditary	neutrophilia
GARD:0017287	hereditary neutrophilia	neutrophilia, hereditary	hereditary
GARD:0017288	severe combined immunodeficiency due to lck deficiency	immunodeficiency type 22	type
GARD:0017305	congenital reticular ichthyosiform erythroderma	erythrokeratoderma, reticular	reticular
GARD:0017305	congenital reticular ichthyosiform erythroderma	ichthyosis variegata	ichthyosis
GARD:0017305	congenital reticular ichthyosiform erythroderma	Aarau disease	disease
GARD:0017306	keratosis linearis-ichthyosis congenita-sclerosing keratoderma syndrome	klick syndrome	syndrome
GARD:0017324	early-onset myopathy with fatal cardiomyopathy	Salih myopathy	myopathy
GARD:0017329	exfoliative ichthyosis	ichthyosis exfoliativa	ichthyosis
GARD:0017330	glutathione synthetase deficiency with 5-oxoprolinuria	pyroglutamic aciduria	pyroglutamic
GARD:0017338	epithelial recurrent erosion dystrophy	dystrophia Helsinglandica	dystrophia
GARD:0017338	epithelial recurrent erosion dystrophy	dystrophia Smolandiensis	dystrophia
GARD:0017353	deficiency in anterior pituitary function - variable immunodeficiency syndrome	David syndrome	david
GARD:0017353	deficiency in anterior pituitary function - variable immunodeficiency syndrome	David syndrome	syndrome
GARD:0017356	renal-hepatic-pancreatic dysplasia	Renohepaticopancreatic dysplasia	dysplasia
GARD:0017358	synpolydactyly type 1	syndactyly, type 2	syndactyly
GARD:0017358	synpolydactyly type 1	syndactyly, type 2	type
GARD:0017369	familial cold autoinflammatory syndrome 3	plaid	plaid
GARD:0017374	hypercalcemia, infantile	infantile hypercalcemia	infantile
GARD:0017374	hypercalcemia, infantile	infantile hypercalcemia	hypercalcemia
GARD:0017383	dystonia 21	dystonia type 21	type
GARD:0017384	hypotrichosis-osteolysis-periodontitis-palmoplantar keratoderma syndrome	hopp syndrome	syndrome
GARD:0017389	branched-chain keto acid dehydrogenase kinase deficiency	bckdk deficiency	deficiency
GARD:0017410	jawad syndrome	Kelly syndrome	kelly
GARD:0017410	jawad syndrome	Kelly syndrome	syndrome
GARD:0017416	gastric adenocarcinoma and proximal polyposis of the stomach	polyposis, gastric	polyposis
GARD:0017416	gastric adenocarcinoma and proximal polyposis of the stomach	polyposis, gastric	gastric
GARD:0017417	congenital diarrhea 6	diarrhea type 6	diarrhea
GARD:0017417	congenital diarrhea 6	diarrhea type 6	type
GARD:0017417	congenital diarrhea 6	diarrhoea type 6	type
GARD:0017417	congenital diarrhea 6	diarrhea 6	diarrhea
GARD:0017418	intestinal obstruction in the newborn due to guanylate cyclase 2c deficiency	meconium ileus	meconium
GARD:0017418	intestinal obstruction in the newborn due to guanylate cyclase 2c deficiency	meconium ileus	ileus
GARD:0017419	short stature-onychodysplasia-facial dysmorphism-hypotrichosis syndrome	soft	soft
GARD:0017419	short stature-onychodysplasia-facial dysmorphism-hypotrichosis syndrome	soft syndrome	soft
GARD:0017419	short stature-onychodysplasia-facial dysmorphism-hypotrichosis syndrome	soft syndrome	syndrome
GARD:0017422	craniofacial dysplasia - osteopenia syndrome	hamamy syndrome	syndrome
GARD:0017431	primary systemic amyloidosis	systemic amyloidosis	systemic
GARD:0017431	primary systemic amyloidosis	systemic amyloidosis	amyloidosis
GARD:0017443	congenital myopathy with internal nuclei and atypical cores	myopathy, centronuclear, 4	myopathy
GARD:0017443	congenital myopathy with internal nuclei and atypical cores	centronuclear myopathy 4	myopathy
GARD:0017444	myoclonus, familial	familial myoclonus	familial
GARD:0017444	myoclonus, familial	familial myoclonus	myoclonus
GARD:0017465	x-linked mendelian susceptibility to mycobacterial diseases due to cybb deficiency	immunodeficiency type 34	type
GARD:0017468	microcephalic primordial dwarfism, alazami type	Alazami syndrome	syndrome
GARD:0017497	CAPN5-related vitreoretinopathy	proliferative vitreoretinopathy	proliferative
GARD:0017497	CAPN5-related vitreoretinopathy	retinitis proliferans	retinitis
GARD:0017500	congenital diarrhea 7 with exudative enteropathy	diarrhea 7	diarrhea
GARD:0017500	congenital diarrhea 7 with exudative enteropathy	diarrhea type 7	diarrhea
GARD:0017500	congenital diarrhea 7 with exudative enteropathy	diarrhea type 7	type
GARD:0017500	congenital diarrhea 7 with exudative enteropathy	diarrhoea type 7	type
GARD:0017510	actinic prurigo	hydroa aestivale	hydroa
GARD:0017511	autosomal recessive severe congenital neutropenia due to G6PC3 deficiency	Dursun syndrome	syndrome
GARD:0017513	immunodeficiency due to ficolin3 deficiency	ficolin 3 deficiency	deficiency
GARD:0017514	immunodeficiency 35	immunodeficiency type 35	type
GARD:0017526	cobblestone lissencephaly without muscular or ocular involvement	lissencephaly type 5	type
GARD:0017528	facial dysmorphism-immunodeficiency-livedo-short stature syndrome	fils syndrome	fils
GARD:0017528	facial dysmorphism-immunodeficiency-livedo-short stature syndrome	fils syndrome	syndrome
GARD:0017528	facial dysmorphism-immunodeficiency-livedo-short stature syndrome	fils	fils
GARD:0017534	Rubinstein-Taybi syndrome due to CREBBP mutations	Rubinstein syndrome	syndrome
GARD:0017544	hereditary retinoblastoma	familial retinoblastoma	familial
GARD:0017544	hereditary retinoblastoma	familial retinoblastoma	retinoblastoma
GARD:0017549	severe combined immunodeficiency due to CARD11 deficiency	immunodeficiency type 11	type
GARD:0017551	syndactyly-camptodactyly and clinodactyly of fifth fingers-bifid toes syndrome	wahab syndrome	syndrome
GARD:0017569	hyperuricemia-pulmonary hypertension-renal failure-alkalosis syndrome	hupra syndrome	syndrome
GARD:0017577	CBL-related disorder	Cbl syndrome	syndrome
GARD:0017584	multiple congenital anomalies-hypotonia-seizures syndrome 3	M syndrome	m
GARD:0017584	multiple congenital anomalies-hypotonia-seizures syndrome 3	M syndrome	syndrome
GARD:0017591	aldosterone-producing adenoma with seizures and neurological abnormalities	Conn adenoma	conn
GARD:0017591	aldosterone-producing adenoma with seizures and neurological abnormalities	Conn adenoma	adenoma
GARD:0017594	severe dermatitis-multiple allergies-metabolic wasting syndrome	sam syndrome	sam
GARD:0017594	severe dermatitis-multiple allergies-metabolic wasting syndrome	sam syndrome	syndrome
GARD:0017601	peripheral primitive neuroectodermal tumor	peripheral neuroepithelioma	peripheral
GARD:0017617	congenital microcephaly - severe encephalopathy - progressive cerebral atrophy syndrome	Asns deficiency	deficiency
GARD:0017624	Feingold syndrome type 1	Feingold syndrome	syndrome
GARD:0017624	Feingold syndrome type 1	Oded syndrome	syndrome
GARD:0017624	Feingold syndrome type 1	Feingold syndrome 1	syndrome
GARD:0017624	Feingold syndrome type 1	Mmt syndrome	syndrome
GARD:0017624	Feingold syndrome type 1	oculodigitoesophagoduodenal syndrome	syndrome
GARD:0017625	Feingold syndrome type 2	Feingold syndrome 2	syndrome
GARD:0017632	foveal hypoplasia - optic nerve decussation defect - anterior segment dysgenesis syndrome	foveal hypoplasia 2	foveal
GARD:0017632	foveal hypoplasia - optic nerve decussation defect - anterior segment dysgenesis syndrome	foveal hypoplasia 2	hypoplasia
GARD:0017641	severe combined immunodeficiency due to IKK2 deficiency	immunodeficiency type 15	type
GARD:0017647	combined immunodeficiency due to malt1 deficiency	immunodeficiency type 12	type
GARD:0017648	intellectual disability-obesity-prognathism-eye and skin anomalies syndrome	momes syndrome	syndrome
GARD:0017649	focal facial dermal dysplasia type ii	Setleis Syndrome	syndrome
GARD:0017651	myofibrillar myopathy 2	myopathy, myofibrillar, 2	myopathy
GARD:0017652	Finnish upper limb-onset distal myopathy	myopathy, distal, 3	myopathy
GARD:0017652	Finnish upper limb-onset distal myopathy	myopathy, distal, 3	distal
GARD:0017653	Miyoshi muscular dystrophy 3	distal anoctaminopathy	distal
GARD:0017653	Miyoshi muscular dystrophy 3	Miyoshi myopathy 3	myopathy
GARD:0017658	hereditary spastic paraplegia 63	spastic paraplegia 63	spastic
GARD:0017658	hereditary spastic paraplegia 63	spastic paraplegia 63	paraplegia
GARD:0017663	familial median cleft of the upper and lower lips	orofacial cleft 14	cleft
GARD:0017676	global developmental delay - lung cysts - overgrowth - Wilms tumor syndrome	glow syndrome	glow
GARD:0017676	global developmental delay - lung cysts - overgrowth - Wilms tumor syndrome	glow syndrome	syndrome
GARD:0017678	autosomal recessive spinocerebellar ataxia 15	Salih ataxia	ataxia
GARD:0017685	juvenile nephropathic cystinosis	intermediate cystinosis	intermediate
GARD:0017685	juvenile nephropathic cystinosis	juvenile cystinosis	juvenile
GARD:0017685	juvenile nephropathic cystinosis	cystinosis, intermediate	intermediate
GARD:0017686	maternal riboflavin deficiency	riboflavin deficiency	riboflavin
GARD:0017686	maternal riboflavin deficiency	riboflavin deficiency	deficiency
GARD:0017688	facial dysmorphism-lens dislocation-anterior segment abnormalities-spontaneous filtering blebs syndrome	Traboulsi syndrome	syndrome
GARD:0017692	primary failure of tooth eruption	dental noneruption	dental
GARD:0017692	primary failure of tooth eruption	dental noneruption	noneruption
GARD:0017693	dystonia 24	dystonia type 24	type
GARD:0017694	dystonia 23	dystonia type 23	type
GARD:0017696	severe combined immunodeficiency due to ctps1 deficiency	immunodeficiency type 24	type
GARD:0017705	GNPTG-mucolipidosis	mucolipidosis 3 gamma	gamma
GARD:0017707	colobomatous microphthalmia-rhizomelic dysplasia syndrome	microphthalmia, syndromic 14	microphthalmia
GARD:0017707	colobomatous microphthalmia-rhizomelic dysplasia syndrome	microphthalmia, syndromic 14	syndromic
GARD:0017709	X-linked colobomatous microphthalmia-microcephaly-intellectual disability-short stature syndrome	Maine microphthalmos	maine
GARD:0017709	X-linked colobomatous microphthalmia-microcephaly-intellectual disability-short stature syndrome	Maine microphthalmos	microphthalmos
GARD:0017709	X-linked colobomatous microphthalmia-microcephaly-intellectual disability-short stature syndrome	microphthalmia, syndromic 13	microphthalmia
GARD:0017709	X-linked colobomatous microphthalmia-microcephaly-intellectual disability-short stature syndrome	microphthalmia, syndromic 13	syndromic
GARD:0017710	combined immunodeficiency due to ox40 deficiency	immunodeficiency type 16	type
GARD:0017711	primary immunodeficiency with post-measles-mumps-rubella vaccine viral infection	immunodeficiency type 44	type
GARD:0017715	progressive myoclonic epilepsy type 7	meak	meak
GARD:0017732	autosomal recessive primary immunodeficiency with defective spontaneous natural killer cell cytotoxicity	immunodeficiency type 20	type
GARD:0017743	lethal fetal cerebrorenogenitourinary agenesis/hypoplasia syndrome	Meckel syndrome 12	syndrome
GARD:0017750	familial porphyria cutanea tarda	Urod deficiency	deficiency
GARD:0017750	familial porphyria cutanea tarda	porphyria, hepatoerythropoietic	porphyria
GARD:0017760	46,XX ovarian dysgenesis-short stature syndrome	ovarian dysgenesis 4	ovarian
GARD:0017760	46,XX ovarian dysgenesis-short stature syndrome	ovarian dysgenesis 4	dysgenesis
GARD:0017761	cerebellar-facial-dental syndrome	cerebellofaciodental syndrome	syndrome
GARD:0017762	autoimmune interstitial lung disease-arthritis syndrome	copa syndrome	copa
GARD:0017762	autoimmune interstitial lung disease-arthritis syndrome	copa syndrome	syndrome
GARD:0017762	autoimmune interstitial lung disease-arthritis syndrome	copa defect	copa
GARD:0017762	autoimmune interstitial lung disease-arthritis syndrome	copa defect	defect
GARD:0017764	peeling skin-leukonuchia-acral punctate keratoses-cheilitis-knuckle pads syndrome	plack	plack
GARD:0017764	peeling skin-leukonuchia-acral punctate keratoses-cheilitis-knuckle pads syndrome	plack syndrome	plack
GARD:0017764	peeling skin-leukonuchia-acral punctate keratoses-cheilitis-knuckle pads syndrome	plack syndrome	syndrome
GARD:0017766	autoimmune hemolytic anemia-autoimmune thrombocytopenia-primary immunodeficiency syndrome	triangle disease	triangle
GARD:0017766	autoimmune hemolytic anemia-autoimmune thrombocytopenia-primary immunodeficiency syndrome	triangle disease	disease
GARD:0017779	progressive scapulohumeroperoneal distal myopathy	myopathy, scapulohumeroperoneal	myopathy
GARD:0017795	predisposition to invasive fungal disease due to card9 deficiency	candidiasis, familial, 2	familial
GARD:0017810	spinocerebellar ataxia type 41	spinocerebellar ataxia 41	spinocerebellar
GARD:0017810	spinocerebellar ataxia type 41	spinocerebellar ataxia 41	ataxia
GARD:0017811	spinocerebellar ataxia type 42	spinocerebellar ataxia 42	spinocerebellar
GARD:0017811	spinocerebellar ataxia type 42	spinocerebellar ataxia 42	ataxia
GARD:0017819	dystonia 27	dystonia type 27	type
GARD:0017849	TFRC-related combined immunodeficiency	immunodeficiency type 46	type
GARD:0017861	autosomal recessive mendelian susceptibility to mycobacterial diseases due to complete RORgamma receptor deficiency	immunodeficiency type 42	type
GARD:0017870	thrombocytopenia 6	thrombocytopenia type 6	thrombocytopenia
GARD:0017870	thrombocytopenia 6	thrombocytopenia type 6	type
GARD:0017876	familial schizencephaly	hereditary schizencephaly	hereditary
GARD:0017886	microcephaly-congenital cataract-psoriasiform dermatitis syndrome	smo deficiency	deficiency
GARD:0017890	14q32 duplication syndrome	dup(14)q(32)	dup
GARD:0017890	14q32 duplication syndrome	dup(14)q(32)	q
GARD:0017932	oral cavity squamous cell carcinoma	mouth scc	mouth
GARD:0017933	squamous cell carcinoma of lip	lip scc	lip
GARD:0017939	combined immunodeficiency due to moesin deficiency	immunodeficiency type 50	type
GARD:0017964	spastic ataxia 8, autosomal recessive, with hypomyelinating leukodystrophy	spastic ataxia 8	spastic
GARD:0017964	spastic ataxia 8, autosomal recessive, with hypomyelinating leukodystrophy	spastic ataxia 8	ataxia
GARD:0017978	severe combined immunodeficiency due to CD70 deficiency	lymphoproliferative syndrome 3	syndrome
GARD:0017984	isolated hyperchlorhidrosis	hyperchlorhidrosis, isolated	isolated
GARD:0017993	oculocerebrodental syndrome	oculoskeletodental syndrome	syndrome
GARD:0018026	amed syndrome, digenic	AMeD syndrome	syndrome
GARD:0018034	pontocerebellar hypoplasia, hypotonia, and respiratory insufficiency syndrome, neonatal lethal	Phrinl Syndrome	syndrome
GARD:0018045	TWIST1-related craniosynostosis	Primary Craniosynostosis	primary
GARD:0018045	TWIST1-related craniosynostosis	craniosynostosis type 1	type
GARD:0018045	TWIST1-related craniosynostosis	craniostenosis	craniostenosis
GARD:0018047	TCF12-related craniosynostosis	craniosynostosis type 3	type
GARD:0018048	craniosynostosis 6	craniosynostosis type 6	type
GARD:0018049	cornea plana 1, autosomal dominant	cornea plana 1	cornea
GARD:0018051	parietal foramina 1	parietal foramina	parietal
GARD:0018051	parietal foramina 1	catlin Marks	catlin
GARD:0018058	febrile seizures, familial, 8	Gefs+, type 3	type
GARD:0018073	hyperpigmentation with or without hypopigmentation, familial progressive	melanosis, universal	melanosis
GARD:0018073	hyperpigmentation with or without hypopigmentation, familial progressive	melanosis, universal	universal
GARD:0018080	nephronophthisis 11	nephronophthisis type 11	type
GARD:0018081	nephronophthisis 19	nephronophthisis type 19	type
GARD:0018093	hypotrichosis 2	hypotrichosis type 2	hypotrichosis
GARD:0018093	hypotrichosis 2	hypotrichosis type 2	type
GARD:0018094	hypotrichosis 3	hypotrichosis type 3	hypotrichosis
GARD:0018094	hypotrichosis 3	hypotrichosis type 3	type
GARD:0018161	deafness, aminoglycoside-induced	streptomycin ototoxicity	streptomycin
GARD:0018165	alacrima, congenital, autosomal dominant	alacrima, congenital	congenital
GARD:0018179	nephronophthisis 3	nephronophthisis type 3	type
GARD:0018181	nephronophthisis 20	nephronophthisis type 20	type
GARD:0018182	nephronophthisis 2	nephronophthisis type 2	type
GARD:0018182	nephronophthisis 2	infantile nephronophthisis 2	infantile
GARD:0018182	nephronophthisis 2	nephronophthisis 2, infantile	infantile
GARD:0018183	nephronophthisis 16	nephronophthisis type 16	type
GARD:0018183	nephronophthisis 16	infantile nephronophthisis	infantile
GARD:0018191	thyroid dyshormonogenesis 4	deiodinase deficiency	deficiency
GARD:0018224	glaucoma 3A	simple buphthalmos	simple
GARD:0018224	glaucoma 3A	glaucoma, congenital	glaucoma
GARD:0018224	glaucoma 3A	glaucoma, congenital	congenital
GARD:0018232	cataract 25	cataract type 25	cataract
GARD:0018232	cataract 25	cataract type 25	type
GARD:0018233	cataract 29	cataract type 29	cataract
GARD:0018233	cataract 29	cataract type 29	type
GARD:0018233	cataract 29	cataract 29 coralliform	cataract
GARD:0018233	cataract 29	cataract 29 coralliform	coralliform
GARD:0018233	cataract 29	cataract 29, coralliform	cataract
GARD:0018233	cataract 29	cataract 29, coralliform	coralliform
GARD:0018234	cataract 41	cataract type 41	cataract
GARD:0018234	cataract 41	cataract type 41	type
GARD:0018235	cataract 27	cataract type 27	cataract
GARD:0018235	cataract 27	cataract type 27	type
GARD:0018236	cataract 33	cortical cataract 33	cortical
GARD:0018236	cataract 33	cortical cataract 33	cataract
GARD:0018236	cataract 33	cataract 33, cortical	cataract
GARD:0018236	cataract 33	cataract 33, cortical	cortical
GARD:0018236	cataract 33	cataract type 33	cataract
GARD:0018236	cataract 33	cataract type 33	type
GARD:0018253	hyperparathyroidism 1	hyperparathyroidism type 1	type
GARD:0018256	hyperparathyroidism 4	hyperparathyroidism type 4	type
GARD:0018286	epilepsy, hot water, 1	bathing epilepsy	bathing
GARD:0018286	epilepsy, hot water, 1	bathing epilepsy	epilepsy
GARD:0018289	thrombocytopenia 4	thrombocytopenia type 4	thrombocytopenia
GARD:0018289	thrombocytopenia 4	thrombocytopenia type 4	type
GARD:0018294	immunodeficiency 25	immunodeficiency type 25	type
GARD:0018295	immunodeficiency 18	immunodeficiency type 18	type
GARD:0018296	immunodeficiency 19	immunodeficiency type 19	type
GARD:0018297	Rajab interstitial lung disease with brain calcifications 1	Rajab syndrome	syndrome
GARD:0018341	hypercholanemia, familial, 2	hypercholanemia, familial 2	familial
GARD:0018349	hyperphosphatasia with intellectual disability syndrome 1	Mabry syndrome	syndrome
GARD:0018357	fibromatosis, gingival, 5	gingival fibromatosis 5	gingival
GARD:0018357	fibromatosis, gingival, 5	gingival fibromatosis 5	fibromatosis
GARD:0018365	hydatidiform mole, recurrent, 1	hydatidiform mole	hydatidiform
GARD:0018365	hydatidiform mole, recurrent, 1	hydatidiform mole	mole
GARD:0018378	coenzyme q10 deficiency, primary, 1	CoQ deficiency 1	deficiency
GARD:0018378	coenzyme q10 deficiency, primary, 1	ubiquinone deficiency 1	deficiency
GARD:0018380	autosomal dominant sideroblastic anemia	anemia, sideroblastic, 4	anemia
GARD:0018385	familial meningioma	hereditary meningioma	hereditary
GARD:0018386	glycogen storage disease ixa1	glycogenosis type 8	type
GARD:0018393	preeclampsia/eclampsia 5	corin preeclampsia	corin
GARD:0018418	vesicoureteral reflux 1	Vesicoureteral reflux	reflux
GARD:0018428	3mc syndrome 2	Carnevale syndrome	syndrome
GARD:0018428	3mc syndrome 2	Osa syndrome	syndrome
GARD:0018435	hypercalcemia, infantile, 2	hypercalcemia, infantile 2	hypercalcemia
GARD:0018435	hypercalcemia, infantile, 2	hypercalcemia, infantile 2	infantile
GARD:0018436	facial paresis, hereditary congenital, 2	Mobius syndrome 3	syndrome
GARD:0018436	facial paresis, hereditary congenital, 2	Moebius syndrome 3	syndrome
GARD:0018476	autosomal dominant Parkinson disease 8	Parkinson disease 8	disease
GARD:0018493	chilblain lupus 1	chilblain lupus	chilblain
GARD:0018493	chilblain lupus 1	chilblain lupus	lupus
GARD:0018551	complement factor h deficiency	Cfh deficiency	deficiency
GARD:0018558	trigonocephaly 1	craniosynostosis, metopic	metopic
GARD:0018558	trigonocephaly 1	trigonocephaly type 1	trigonocephaly
GARD:0018558	trigonocephaly 1	trigonocephaly type 1	type
GARD:0018559	trigonocephaly 2	trigonocephaly type 2	trigonocephaly
GARD:0018559	trigonocephaly 2	trigonocephaly type 2	type
GARD:0018559	trigonocephaly 2	craniosynostosis, metopic	metopic
GARD:0018582	tumor predisposition syndrome 3	glioma susceptibility 9	glioma
GARD:0018582	tumor predisposition syndrome 3	glioma susceptibility 9	susceptibility
GARD:0018584	hypercalciuria, absorptive, 1	hypercalciuria, absorptive	absorptive
GARD:0018615	dilated cardiomyopathy 1A	cardiomyopathy, congestive	congestive
GARD:0018616	myoclonic dystonia 11	dystonia 11, myoclonic	myoclonic
GARD:0018616	myoclonic dystonia 11	myoclonic dystonia	myoclonic
GARD:0018619	amyotrophic lateral sclerosis type 21	myopathy, distal, 2	myopathy
GARD:0018619	amyotrophic lateral sclerosis type 21	myopathy, distal, 2	distal
GARD:0018626	nanophthalmos 2	nanophthalmos type 2	type
GARD:0018628	isolated microphthalmia 6	microphthalmia, isolated 6	microphthalmia
GARD:0018628	isolated microphthalmia 6	microphthalmia, isolated 6	isolated
GARD:0018629	nanophthalmos 4	nanophthalmos type 4	type
GARD:0018637	amyloidosis, primary localized cutaneous, 1	amyloidosis 9	amyloidosis
GARD:0018645	nephronophthisis 1	juvenile nephronophthisis	juvenile
GARD:0018645	nephronophthisis 1	nephronophthisis type 1	type
GARD:0018645	nephronophthisis 1	juvenile nephronophthisis 1	juvenile
GARD:0018645	nephronophthisis 1	nephronophthisis 1, juvenile	juvenile
GARD:0018652	isolated sedoheptulokinase deficiency	sedoheptulokinase deficiency	deficiency
GARD:0018659	generalized epilepsy with febrile seizures plus, type 1	Gefs+, type 1	type
GARD:0018662	generalized epilepsy with febrile seizures plus, type 4	Gefs+, type 4	type
GARD:0018663	generalized epilepsy with febrile seizures plus, type 6	Gefs+, type 6	type
GARD:0018664	generalized epilepsy with febrile seizures plus, type 8	Gefs+, type 8	type
GARD:0018665	generalized epilepsy with febrile seizures plus, type 7	Gefs+, type 7	type
GARD:0018668	generalized epilepsy with febrile seizures plus, type 9	Gefs+, type 9	type
GARD:0018671	generalized epilepsy with febrile seizures plus, type 10	Gefs+, Type 10	type
GARD:0018676	amyloidosis	amyloid disease	amyloid
GARD:0018676	amyloidosis	amyloid disease	disease
GARD:0018676	amyloidosis	amyloid	amyloid
GARD:0018676	amyloidosis	amyloidosis (disease)	amyloidosis
GARD:0018676	amyloidosis	amyloidosis (disease)	disease
GARD:0018678	atresia of urethra	urethral atresia	urethral
GARD:0018678	atresia of urethra	urethral atresia	atresia
GARD:0018680	scimitar syndrome	Halasz syndrome	syndrome
GARD:0018689	hemorrhagic fever-renal syndrome	Hantavirus fever	fever
GARD:0018692	histoplasmosis	darling disease	darling
GARD:0018692	histoplasmosis	darling disease	disease
GARD:0018693	familial keratoacanthoma	hereditary keratoacanthoma	hereditary
GARD:0018693	familial keratoacanthoma	multiple keratoacanthoma	multiple
GARD:0018694	keratosis pilaris atrophicans	ulerythema ophryogenesis	ulerythema
GARD:0018694	keratosis pilaris atrophicans	folliculitis ulerythematosa	folliculitis
GARD:0018694	keratosis pilaris atrophicans	honeycomb atrophy	honeycomb
GARD:0018694	keratosis pilaris atrophicans	honeycomb atrophy	atrophy
GARD:0018694	keratosis pilaris atrophicans	keratosis pilaris	keratosis
GARD:0018694	keratosis pilaris atrophicans	ulerythema ophryogenes	ulerythema
GARD:0018695	systemic lupus erythematosus	Lupus	lupus
GARD:0018701	non-histaminic angioedema	angioneurotic edema	angioneurotic
GARD:0018701	non-histaminic angioedema	angioneurotic edema	edema
GARD:0018701	non-histaminic angioedema	angioneurotic oedema	angioneurotic
GARD:0018702	plague	pest	pest
GARD:0018702	plague	pestilential fever	pestilential
GARD:0018702	plague	pestilential fever	fever
GARD:0018702	plague	black death	black
GARD:0018702	plague	black death	death
GARD:0018705	scleroderma	dermatosclerosis	dermatosclerosis
GARD:0018705	scleroderma	scleroderma (disease)	scleroderma
GARD:0018705	scleroderma	scleroderma (disease)	disease
GARD:0018708	congenital toxoplasmosis	toxoplasmosis - congen.	toxoplasmosis
GARD:0018708	congenital toxoplasmosis	toxoplasmosis, congenital	toxoplasmosis
GARD:0018708	congenital toxoplasmosis	toxoplasmosis, congenital	congenital
GARD:0018714	sideroblastic anemia	anaemia sideroblastic	anaemia
GARD:0018714	sideroblastic anemia	anemia sideroblastic	anemia
GARD:0018718	autosomal recessive cerebellar ataxia	arca	arca
GARD:0018720	isolated cerebellar hypoplasia/agenesis	Chiari 4 malformation	malformation
GARD:0018720	isolated cerebellar hypoplasia/agenesis	Cerebellar Agenesis	cerebellar
GARD:0018720	isolated cerebellar hypoplasia/agenesis	Cerebellar Agenesis	agenesis
GARD:0018720	isolated cerebellar hypoplasia/agenesis	cerebellar hypoplasia	cerebellar
GARD:0018720	isolated cerebellar hypoplasia/agenesis	cerebellar hypoplasia	hypoplasia
GARD:0018721	paroxysmal dyskinesia	paroxysmal choreoathetosis	paroxysmal
GARD:0018723	atypical coarctation of aorta	Midaortic syndrome	syndrome
GARD:0018730	deletion 5q35	Del (5)(qter)	del
GARD:0018736	mosaic trisomy 1	trisomy 1 mosaicism	trisomy
GARD:0018736	mosaic trisomy 1	trisomy 1 mosaicism	mosaicism
GARD:0018741	mosaic trisomy 16	trisomy 16 mosaicism	trisomy
GARD:0018741	mosaic trisomy 16	trisomy 16 mosaicism	mosaicism
GARD:0018752	Rasmussen subacute encephalitis	rasmussen encephalitis	encephalitis
GARD:0018752	Rasmussen subacute encephalitis	Rasmussen syndrome	syndrome
GARD:0018753	frontal encephalocele	anterior encephalocele	anterior
GARD:0018753	frontal encephalocele	anterior encephalocele	encephalocele
GARD:0018759	progressive non-infectious anterior vertebral fusion	Copenhagen syndrome	syndrome
GARD:0018761	hemimelia	longitudinal meromelia	longitudinal
GARD:0018766	epidermolysis bullosa simplex with anodontia/hypodontia	Kallin syndrome	syndrome
GARD:0018778	osteoporosis-macrocephaly-blindness-joint hyperlaxity syndrome	Heide syndrome	syndrome
GARD:0018783	46,XX disorder of sex development	female pseudohermaphroditism	female
GARD:0018783	46,XX disorder of sex development	female pseudohermaphroditism	pseudohermaphroditism
GARD:0018793	toxocariasis	Toxocara infection	infection
GARD:0018795	Chagas disease	American trypanosomiasis	american
GARD:0018795	Chagas disease	American trypanosomiasis	trypanosomiasis
GARD:0018795	Chagas disease	Chagas' disease	disease
GARD:0018796	neural tube defect	spinal dysraphism	spinal
GARD:0018815	neurometabolic disorder due to serine deficiency	serine deficiency	serine
GARD:0018815	neurometabolic disorder due to serine deficiency	serine deficiency	deficiency
GARD:0018822	gastric linitis plastica	linitis plastica	linitis
GARD:0018825	interstitial cystitis	ulcerative cystitis	ulcerative
GARD:0018825	interstitial cystitis	ulcerative cystitis	cystitis
GARD:0018828	serotonin syndrome	serotonin storm	storm
GARD:0018828	serotonin syndrome	serotonin toxicity	toxicity
GARD:0018828	serotonin syndrome	serotonergic syndrome	syndrome
GARD:0018836	embryonal carcinoma of the central nervous system	embryonal carcinoma	embryonal
GARD:0018836	embryonal carcinoma of the central nervous system	embryonal carcinoma	carcinoma
GARD:0018839	lichen amyloidosis	lichen amyloidosus	lichen
GARD:0018839	lichen amyloidosis	amyloid lichen	amyloid
GARD:0018839	lichen amyloidosis	amyloid lichen	lichen
GARD:0018844	vasculitis	angiitis	angiitis
GARD:0018844	vasculitis	systemic vasculitis	systemic
GARD:0018844	vasculitis	systemic vasculitis	vasculitis
GARD:0018846	posterior cortical atrophy	Benson syndrome	benson
GARD:0018846	posterior cortical atrophy	Benson syndrome	syndrome
GARD:0018848	sarcocystosis	sarcosporidiosis	sarcosporidiosis
GARD:0018854	osteoblastoma	osteoblastoma (disease)	osteoblastoma
GARD:0018854	osteoblastoma	osteoblastoma (disease)	disease
GARD:0018854	osteoblastoma	osteoblastoma, benign	osteoblastoma
GARD:0018854	osteoblastoma	osteoblastoma, benign	benign
GARD:0018856	argyria	Silver staining	silver
GARD:0018856	argyria	Silver staining	staining
GARD:0018861	Oroya fever	Carrion disease	carrion
GARD:0018861	Oroya fever	Carrion disease	disease
GARD:0018862	trench fever	fever, trench	fever
GARD:0018862	trench fever	fever, trench	trench
GARD:0018862	trench fever	tibialgic fever	fever
GARD:0018862	trench fever	trench fevers	trench
GARD:0018862	trench fever	fevers, trench	trench
GARD:0018862	trench fever	quintan fever	quintan
GARD:0018862	trench fever	quintan fever	fever
GARD:0018862	trench fever	Wolhynian fever	fever
GARD:0018864	pulmonary blastoma	lung blastoma	lung
GARD:0018864	pulmonary blastoma	lung blastoma	blastoma
GARD:0018866	IgG4-related thyroid disease	Riedel disease	disease
GARD:0018866	IgG4-related thyroid disease	Riedel thyroiditis	thyroiditis
GARD:0018883	inherited hemoglobinopathy	hereditary hemoglobinopathy	hereditary
GARD:0018884	lysosomal storage disease	lysosomal disorder	disorder
GARD:0018884	lysosomal storage disease	lysosomal disease	disease
GARD:0018884	lysosomal storage disease	lysosome disorder	disorder
GARD:0018884	lysosomal storage disease	lysosome disease	disease
GARD:0018885	peroxisomal disease	peroxisomal disorder	disorder
GARD:0018887	inborn mitochondrial metabolism disorder	mitochondrial disease	mitochondrial
GARD:0018887	inborn mitochondrial metabolism disorder	mitochondrial disease	disease
GARD:0018892	bone neoplasm	bone tumor	bone
GARD:0018892	bone neoplasm	bone tumor	tumor
GARD:0018892	bone neoplasm	bone tumors	bone
GARD:0018892	bone neoplasm	bone tumour	bone
GARD:0018892	bone neoplasm	bone neoplasms	bone
GARD:0018892	bone neoplasm	bone tumours	bone
GARD:0018892	bone neoplasm	osseous neoplasm	osseous
GARD:0018892	bone neoplasm	osseous neoplasm	neoplasm
GARD:0018892	bone neoplasm	osseous tumour	osseous
GARD:0018892	bone neoplasm	osseous tumor	osseous
GARD:0018892	bone neoplasm	osseous tumor	tumor
GARD:0018899	warty dyskeratoma	follicular dyskeratoma	follicular
GARD:0018900	radiation proctitis	Proctitis	proctitis
GARD:0018901	esophageal squamous cell carcinoma	oesophagus scc	oesophagus
GARD:0018901	esophageal squamous cell carcinoma	esophageal scc	esophageal
GARD:0018901	esophageal squamous cell carcinoma	esophagus scc	esophagus
GARD:0018914	psychogenic movement disorders	psychogenic dystonia	psychogenic
GARD:0018916	inherited retinal dystrophy	fundus dystrophy	fundus
GARD:0018916	inherited retinal dystrophy	fundus dystrophy	dystrophy
GARD:0018916	inherited retinal dystrophy	retinal dystrophy	retinal
GARD:0018916	inherited retinal dystrophy	retinal dystrophy	dystrophy
GARD:0018924	myiasis	maggot infestation	maggot
GARD:0018924	myiasis	maggot infestation	infestation
GARD:0018924	myiasis	myiasis, unspecified	myiasis
GARD:0018924	myiasis	myiasis, unspecified	unspecified
GARD:0018925	oligocone trichromacy	Oligocone syndrome	syndrome
GARD:0018928	tropical endomyocardial fibrosis	Davies disease	disease
GARD:0018929	Loeffler endocarditis	eosinophilic endocarditis	eosinophilic
GARD:0018929	Loeffler endocarditis	eosinophilic endocarditis	endocarditis
GARD:0018935	inherited obesity	genetic obesity	genetic
GARD:0018935	inherited obesity	genetic obesity	obesity
GARD:0018935	inherited obesity	monogenic obesity	monogenic
GARD:0018935	inherited obesity	monogenic obesity	obesity
GARD:0018939	sympathetic ophthalmia	sympathetic uveitis	sympathetic
GARD:0018939	sympathetic ophthalmia	sympathetic uveitis	uveitis
GARD:0018941	myxofibrosarcoma	fibromyxosarcoma	fibromyxosarcoma
GARD:0018951	inborn disorder of cobalamin metabolism and transport	cobalamin deficiency	deficiency
GARD:0018956	disorder of gluconeogenesis	gluconeogenesis disorder	disorder
GARD:0018985	ichthyosis	ichthyosis (disease)	ichthyosis
GARD:0018985	ichthyosis	ichthyosis (disease)	disease
GARD:0018989	porokeratosis	porokeratosis (disease)	porokeratosis
GARD:0018989	porokeratosis	porokeratosis (disease)	disease
GARD:0019017	premature aging syndrome	premature aging	premature
GARD:0019017	premature aging syndrome	premature aging	aging
GARD:0019017	premature aging syndrome	premature ageing	premature
GARD:0019022	pemphigus erythematosus	seborrheic pemphigus	seborrheic
GARD:0019022	pemphigus erythematosus	seborrheic pemphigus	pemphigus
GARD:0019026	pili gemini	pili multigemini	pili
GARD:0019028	autoimmune bullous skin disease	bullous dermatosis	bullous
GARD:0019028	autoimmune bullous skin disease	bullous dermatosis	dermatosis
GARD:0019030	rickettsialpox	vesicular rickettsiosis	vesicular
GARD:0019031	boutonneuse fever	boutonneuse disease	disease
GARD:0019031	boutonneuse fever	marseilles fever	marseilles
GARD:0019031	boutonneuse fever	marseilles fever	fever
GARD:0019031	boutonneuse fever	Kenya fever	fever
GARD:0019032	epidemic louse-borne typhus	epidemic typhus	epidemic
GARD:0019032	epidemic louse-borne typhus	epidemic typhus	typhus
GARD:0019032	epidemic louse-borne typhus	typhus	typhus
GARD:0019032	epidemic louse-borne typhus	sylvatic typhus	sylvatic
GARD:0019032	epidemic louse-borne typhus	sylvatic typhus	typhus
GARD:0019033	endemic typhus	fleaborne typhus	typhus
GARD:0019033	endemic typhus	murine typhus	murine
GARD:0019033	endemic typhus	murine typhus	typhus
GARD:0019033	endemic typhus	shop typhus	shop
GARD:0019033	endemic typhus	shop typhus	typhus
GARD:0019033	endemic typhus	urban typhus	urban
GARD:0019033	endemic typhus	urban typhus	typhus
GARD:0019033	endemic typhus	toulon typhus	typhus
GARD:0019035	scrub typhus	tsutsugamushi fever	fever
GARD:0019035	scrub typhus	Kedani fever	fever
GARD:0019035	scrub typhus	tropical typhus	tropical
GARD:0019035	scrub typhus	tropical typhus	typhus
GARD:0019035	scrub typhus	tsutsugamushi disease	disease
GARD:0019036	regional odontodysplasia	ghost teeth	ghost
GARD:0019036	regional odontodysplasia	ghost teeth	teeth
GARD:0019038	narcolepsy without cataplexy	narcolepsy type 2	narcolepsy
GARD:0019038	narcolepsy without cataplexy	narcolepsy type 2	type
GARD:0019039	solitary bone cyst	solitary cyst	solitary
GARD:0019039	solitary bone cyst	solitary cyst	cyst
GARD:0019039	solitary bone cyst	bone cyst	bone
GARD:0019039	solitary bone cyst	bone cyst	cyst
GARD:0019042	Colorado tick fever	Mountain fever	mountain
GARD:0019042	Colorado tick fever	Mountain fever	fever
GARD:0019043	progressive rubella panencephalitis	rubella panencephalitis	rubella
GARD:0019055	X-linked intellectual disability-macrocephaly-macroorchidism syndrome	Johnson syndrome	syndrome
GARD:0019071	acute basophilic leukemia	leukaemia basophilic	basophilic
GARD:0019071	acute basophilic leukemia	leukemia basophilic	leukemia
GARD:0019071	acute basophilic leukemia	leukemia basophilic	basophilic
GARD:0019071	acute basophilic leukemia	basophilic leukaemia	basophilic
GARD:0019071	acute basophilic leukemia	basophilic leukemia	basophilic
GARD:0019071	acute basophilic leukemia	basophilic leukemia	leukemia
GARD:0019073	non-amyloid monoclonal immunoglobulin deposition disease	Randall disease	randall
GARD:0019073	non-amyloid monoclonal immunoglobulin deposition disease	Randall disease	disease
GARD:0019091	nonsyndromic genetic hearing loss	nonsyndromic deafness	deafness
GARD:0019091	nonsyndromic genetic hearing loss	familial deafness	familial
GARD:0019091	nonsyndromic genetic hearing loss	familial deafness	deafness
GARD:0019099	radiation myelitis	radiation myelopathy	radiation
GARD:0019099	radiation myelitis	radiation myelopathy	myelopathy
GARD:0019104	Gaisbock syndrome	stress polycythemia	stress
GARD:0019104	Gaisbock syndrome	stress polycythemia	polycythemia
GARD:0019104	Gaisbock syndrome	polycythemia, emotional	polycythemia
GARD:0019104	Gaisbock syndrome	polycythemia, emotional	emotional
GARD:0019104	Gaisbock syndrome	stress erythrocytosis	stress
GARD:0019104	Gaisbock syndrome	stress erythrocytosis	erythrocytosis
GARD:0019129	pressure-induced localized lipoatrophy	semicircular lipoatrophy	semicircular
GARD:0019130	chilblain lupus	Hutchinson lupus	lupus
GARD:0019133	lupus erythematosus panniculitis	lupus profundus	lupus
GARD:0019133	lupus erythematosus panniculitis	lupus panniculitis	lupus
GARD:0019157	TSH-secreting pituitary adenoma	thyrotrope adenoma	adenoma
GARD:0019157	TSH-secreting pituitary adenoma	thyrotrophic adenoma	adenoma
GARD:0019157	TSH-secreting pituitary adenoma	thyrotroph adenoma	adenoma
GARD:0019158	functioning gonadotropic adenoma	gonadotroph adenoma	adenoma
GARD:0019162	pineal region germinoma	pineal germinoma	pineal
GARD:0019182	ulnar hemimelia	ulnar clubhand	ulnar
GARD:0019182	ulnar hemimelia	ulnar clubhand	clubhand
GARD:0019186	type 2 collagenopathy	cartilage collagen	cartilage
GARD:0019186	type 2 collagenopathy	cartilage collagen	collagen
GARD:0019190	filamin-related bone disorder	bone filaminopathy	bone
GARD:0019203	lysosomal storage disease with skeletal involvement	dysostosis multiplex	multiplex
GARD:0019225	ALys amyloidosis	lysozyme amyloidosis	lysozyme
GARD:0019225	ALys amyloidosis	lysozyme amyloidosis	amyloidosis
GARD:0019235	epispadias	epispadias (disease)	epispadias
GARD:0019235	epispadias	epispadias (disease)	disease
GARD:0019255	hepatic porphyria	porphyria, hepatic	porphyria
GARD:0019255	hepatic porphyria	porphyria, hepatic	hepatic
GARD:0019255	hepatic porphyria	hepatic Porphyrias	hepatic
GARD:0019255	hepatic porphyria	acute porphyria	acute
GARD:0019255	hepatic porphyria	acute porphyria	porphyria
GARD:0019255	hepatic porphyria	liver porphyria	liver
GARD:0019255	hepatic porphyria	liver porphyria	porphyria
GARD:0019257	acute adrenal insufficiency	adrenocortical crisis	adrenocortical
GARD:0019257	acute adrenal insufficiency	adrenocortical crisis	crisis
GARD:0019257	acute adrenal insufficiency	Addisonian crisis	addisonian
GARD:0019257	acute adrenal insufficiency	Addisonian crisis	crisis
GARD:0019257	acute adrenal insufficiency	adrenal crisis	adrenal
GARD:0019257	acute adrenal insufficiency	adrenal crisis	crisis
GARD:0019259	mesocardia	Midline heart	heart
GARD:0019259	mesocardia	mesocardia (disease)	mesocardia
GARD:0019259	mesocardia	mesocardia (disease)	disease
GARD:0019278	acquired pituitary hormone deficiency	acquired hypopituitarism	acquired
GARD:0019278	acquired pituitary hormone deficiency	acquired hypopituitarism	hypopituitarism
GARD:0019281	primary hypophysitis	lymphocytic hypophysitis	lymphocytic
GARD:0019284	adenohypophysitis	adenohypophysis inflammation	inflammation
GARD:0019284	adenohypophysitis	lymphocytic adenohypophysitis	lymphocytic
GARD:0019300	mosaic trisomy 4	trisomy 4 mosaicism	trisomy
GARD:0019300	mosaic trisomy 4	trisomy 4 mosaicism	mosaicism
GARD:0019301	mosaic trisomy 5	trisomy 5 mosaicism	trisomy
GARD:0019301	mosaic trisomy 5	trisomy 5 mosaicism	mosaicism
GARD:0019302	mosaic trisomy 10	trisomy 10 mosaicism	trisomy
GARD:0019302	mosaic trisomy 10	trisomy 10 mosaicism	mosaicism
GARD:0019324	monosomy 22	monosomy type 22	type
GARD:0019324	monosomy 22	Del(22)	del
GARD:0019324	monosomy 22	deletion 22	deletion
GARD:0019358	PPoma	pancreatic polypeptidoma	pancreatic
GARD:0019370	postencephalitic Parkinson disease	postencephalitic parkinsonism	postencephalitic
GARD:0019370	postencephalitic Parkinson disease	postencephalitic parkinsonism	parkinsonism
GARD:0019433	viral encephalitis	Viruses encephalitis	encephalitis
GARD:0019440	plasma cell neoplasm	plasmacytic neoplasm	neoplasm
GARD:0019440	plasma cell neoplasm	plasmacytic tumor	tumor
GARD:0019466	polycythemia	polycythemia (disease)	polycythemia
GARD:0019466	polycythemia	polycythemia (disease)	disease
GARD:0019467	secondary polycythemia	secondary erythrocytosis	secondary
GARD:0019467	secondary polycythemia	secondary erythrocytosis	erythrocytosis
GARD:0019491	cerebral lipidosis with dementia	cerebral lipidosis	cerebral
GARD:0019519	stromal corneal dystrophy	stromal dystrophy	stromal
GARD:0019519	stromal corneal dystrophy	stromal dystrophy	dystrophy
GARD:0019544	oculomotor nerve paralysis	oculomotor palsy	oculomotor
GARD:0019544	oculomotor nerve paralysis	oculomotor palsy	palsy
GARD:0019546	supranuclear oculomotor palsy	gaze palsy	gaze
GARD:0019546	supranuclear oculomotor palsy	gaze palsy	palsy
GARD:0019549	uveitis	uvea inflammation	uvea
GARD:0019549	uveitis	uvea inflammation	inflammation
GARD:0019549	uveitis	uveitis (disease)	uveitis
GARD:0019549	uveitis	uveitis (disease)	disease
GARD:0019581	self-limited epilepsy with autonomic seizures	Panayiotopoulos syndrome	syndrome
GARD:0019585	myelodysplastic syndrome with single lineage dysplasia	refractory anaemia	refractory
GARD:0019585	myelodysplastic syndrome with single lineage dysplasia	refractory anaemia	anaemia
GARD:0019585	myelodysplastic syndrome with single lineage dysplasia	refractory anemia	refractory
GARD:0019585	myelodysplastic syndrome with single lineage dysplasia	refractory anemia	anemia
GARD:0019585	myelodysplastic syndrome with single lineage dysplasia	aregenerative anaemia	aregenerative
GARD:0019585	myelodysplastic syndrome with single lineage dysplasia	aregenerative anaemia	anaemia
GARD:0019585	myelodysplastic syndrome with single lineage dysplasia	aregenerative anemia	aregenerative
GARD:0019585	myelodysplastic syndrome with single lineage dysplasia	aregenerative anemia	anemia
GARD:0019590	intravascular large b-cell lymphoma	angiotropic lymphoma	lymphoma
GARD:0019590	intravascular large b-cell lymphoma	intravascular lymphomatosis	intravascular
GARD:0019590	intravascular large b-cell lymphoma	intravascular lymphomatosis	lymphomatosis
GARD:0019590	intravascular large b-cell lymphoma	malignant angioendotheliomatosis	malignant
GARD:0019630	shone complex	shone syndrome	shone
GARD:0019630	shone complex	shone syndrome	syndrome
GARD:0019647	congenital gerbode defect	Gerbode defect	defect
GARD:0019680	pituitary gland adenoma	pituitary adenoma	pituitary
GARD:0019680	pituitary gland adenoma	pituitary adenoma	adenoma
GARD:0019687	bifid uvula	uvula, cleft	uvula
GARD:0019687	bifid uvula	uvula, cleft	cleft
GARD:0019687	bifid uvula	uvular cleft	uvular
GARD:0019687	bifid uvula	uvular cleft	cleft
GARD:0019687	bifid uvula	uvula, bifid	uvula
GARD:0019687	bifid uvula	uvula, bifid	bifid
GARD:0019689	Nipah virus disease	Nipah fever	fever
GARD:0019689	Nipah virus disease	Nipah encephalitis	encephalitis
GARD:0019690	Crimean-Congo hemorrhagic fever	Congo fever	congo
GARD:0019690	Crimean-Congo hemorrhagic fever	Congo fever	fever
GARD:0019691	primary syringomyelia	congenital syringomyelia	congenital
GARD:0019691	primary syringomyelia	congenital syringomyelia	syringomyelia
GARD:0019695	thymic carcinoma	thymoma, malignant	thymoma
GARD:0019695	thymic carcinoma	thymoma, malignant	malignant
GARD:0019695	thymic carcinoma	malignant thymoma	malignant
GARD:0019695	thymic carcinoma	malignant thymoma	thymoma
GARD:0019695	thymic carcinoma	thymus carcinoma	thymus
GARD:0019695	thymic carcinoma	thymus carcinoma	carcinoma
GARD:0019701	spirillary rat-bite fever	spirillosis	spirillosis
GARD:0019701	spirillary rat-bite fever	sodoku disease	sodoku
GARD:0019701	spirillary rat-bite fever	sodoku disease	disease
GARD:0019701	spirillary rat-bite fever	Spirillary fever	fever
GARD:0019701	spirillary rat-bite fever	sodoku	sodoku
GARD:0019702	streptobacillary rat-bite fever	Streptobacillary fever	fever
GARD:0019702	streptobacillary rat-bite fever	Haverhill fever	fever
GARD:0019711	invasive hydatidiform mole	invasive Mole	invasive
GARD:0019711	invasive hydatidiform mole	invasive Mole	mole
GARD:0019711	invasive hydatidiform mole	chorioadenoma	chorioadenoma
GARD:0019711	invasive hydatidiform mole	chorioadenoma destruens	chorioadenoma
GARD:0019712	gestational choriocarcinoma	gestational chorionepithelioma	gestational
GARD:0019712	gestational choriocarcinoma	gestational chorionepithelioma	chorionepithelioma
GARD:0019721	well-differentiated liposarcoma	atypical lipoma	atypical
GARD:0019721	well-differentiated liposarcoma	atypical lipoma	lipoma
GARD:0019725	Brill-Zinsser disease	recrudescent typhus	recrudescent
GARD:0019725	Brill-Zinsser disease	recrudescent typhus	typhus
GARD:0019725	Brill-Zinsser disease	sporadic typhus	sporadic
GARD:0019725	Brill-Zinsser disease	sporadic typhus	typhus
GARD:0019725	Brill-Zinsser disease	Brill disease	brill
GARD:0019725	Brill-Zinsser disease	Brill disease	disease
GARD:0019725	Brill-Zinsser disease	latent typhus	latent
GARD:0019725	Brill-Zinsser disease	latent typhus	typhus
GARD:0019727	complex regional pain syndrome type 2	causalgia	causalgia
GARD:0019742	alpha-heavy chain disease	Mediterranean lymphoma	mediterranean
GARD:0019742	alpha-heavy chain disease	Mediterranean lymphoma	lymphoma
GARD:0019742	alpha-heavy chain disease	Mediterraneanl lymphoma	lymphoma
GARD:0019762	thyroid tumor	thyroid neoplasms	thyroid
GARD:0019762	thyroid tumor	thyroid neoplasm	thyroid
GARD:0019762	thyroid tumor	thyroid neoplasm	neoplasm
GARD:0019763	thyroid gland carcinoma	thyroid cancer	thyroid
GARD:0019763	thyroid gland carcinoma	thyroid cancer	cancer
GARD:0019763	thyroid gland carcinoma	thyroid carcinoma	thyroid
GARD:0019763	thyroid gland carcinoma	thyroid carcinoma	carcinoma
GARD:0019765	adrenal gland neoplasm	adrenal neoplasm	adrenal
GARD:0019765	adrenal gland neoplasm	adrenal neoplasm	neoplasm
GARD:0019765	adrenal gland neoplasm	adrenal tumour	adrenal
GARD:0019765	adrenal gland neoplasm	adrenal neoplasms	adrenal
GARD:0019765	adrenal gland neoplasm	adrenal tumor	adrenal
GARD:0019765	adrenal gland neoplasm	adrenal tumor	tumor
GARD:0019767	thymus neoplasm	thymic neoplasm	thymic
GARD:0019767	thymus neoplasm	thymic neoplasm	neoplasm
GARD:0019767	thymus neoplasm	thymic tumor	thymic
GARD:0019767	thymus neoplasm	thymic tumor	tumor
GARD:0019767	thymus neoplasm	thymic tumour	thymic
GARD:0019767	thymus neoplasm	thymus tumor	thymus
GARD:0019767	thymus neoplasm	thymus tumor	tumor
GARD:0019767	thymus neoplasm	thymus tumour	thymus
GARD:0019803	chronic primary adrenal insufficiency	adrenal aplasia	adrenal
GARD:0019803	chronic primary adrenal insufficiency	adrenal aplasia	aplasia
GARD:0019803	chronic primary adrenal insufficiency	primary hypoadrenalism	primary
GARD:0019803	chronic primary adrenal insufficiency	hypoadrenocorticism, familial	familial
GARD:0019803	chronic primary adrenal insufficiency	Addison disease	disease
GARD:0019803	chronic primary adrenal insufficiency	adrenal hypoplasia	adrenal
GARD:0019803	chronic primary adrenal insufficiency	adrenal hypoplasia	hypoplasia
GARD:0019803	chronic primary adrenal insufficiency	hypoadrenocorticism familial	familial
GARD:0019809	constitutional neutropenia	congenital neutropenia	congenital
GARD:0019809	constitutional neutropenia	Kostmann syndrome	syndrome
GARD:0019809	constitutional neutropenia	Kostmann disease	disease
GARD:0019813	inborn error of immunity	immunodeficiency syndrome	syndrome
GARD:0019813	inborn error of immunity	primary immunodeficiency	primary
GARD:0019816	cerebellar ataxia	cerebellar dysmetria	cerebellar
GARD:0019816	cerebellar ataxia	cerebellar dysmetria	dysmetria
GARD:0019816	cerebellar ataxia	cerebellar Ataxias	cerebellar
GARD:0019816	cerebellar ataxia	cerebellar Dysmetrias	cerebellar
GARD:0019816	cerebellar ataxia	spinocerebellar Degeneration	spinocerebellar
GARD:0019816	cerebellar ataxia	spinocerebellar Degeneration	degeneration
GARD:0019816	cerebellar ataxia	ataxia	ataxia
GARD:0019816	cerebellar ataxia	ataxia, cerebellar	ataxia
GARD:0019816	cerebellar ataxia	ataxia, cerebellar	cerebellar
GARD:0019816	cerebellar ataxia	ataxia syndrome	ataxia
GARD:0019816	cerebellar ataxia	ataxia syndrome	syndrome
GARD:0019816	cerebellar ataxia	ataxias, cerebellar	cerebellar
GARD:0019816	cerebellar ataxia	rare ataxia	rare
GARD:0019816	cerebellar ataxia	rare ataxia	ataxia
GARD:0019816	cerebellar ataxia	spinocerebellar ataxia	spinocerebellar
GARD:0019816	cerebellar ataxia	spinocerebellar ataxia	ataxia
GARD:0019827	Rickettsiosis	Rickettsiae disease	disease
GARD:0019827	Rickettsiosis	Rickettsial disease	rickettsial
GARD:0019827	Rickettsiosis	Rickettsial disease	disease
GARD:0019827	Rickettsiosis	Rickettsia infection	rickettsia
GARD:0019827	Rickettsiosis	Rickettsia infection	infection
GARD:0019827	Rickettsiosis	infection, Rickettsia	infection
GARD:0019827	Rickettsiosis	infection, Rickettsia	rickettsia
GARD:0019827	Rickettsiosis	infections, Rickettsia	rickettsia
GARD:0019828	spotted fever	fever, spotted	fever
GARD:0019828	spotted fever	fever, spotted	spotted
GARD:0019828	spotted fever	spotted fevers	spotted
GARD:0019828	spotted fever	fevers, spotted	spotted
GARD:0019829	typhus	classical typhus	classical
GARD:0019829	typhus	classical typhus	typhus
GARD:0019829	typhus	flea typhus	flea
GARD:0019829	typhus	flea typhus	typhus
GARD:0019829	typhus	petechial fever	petechial
GARD:0019829	typhus	petechial fever	fever
GARD:0019829	typhus	prison fever	prison
GARD:0019829	typhus	prison fever	fever
GARD:0019829	typhus	shop typhus	shop
GARD:0019829	typhus	shop typhus	typhus
GARD:0019829	typhus	hospital fever	hospital
GARD:0019829	typhus	hospital fever	fever
GARD:0019829	typhus	murine typhus	murine
GARD:0019829	typhus	murine typhus	typhus
GARD:0019829	typhus	ship fever	ship
GARD:0019829	typhus	ship fever	fever
GARD:0019829	typhus	typhus exanthematique	typhus
GARD:0019829	typhus	typhus fever	typhus
GARD:0019829	typhus	typhus fever	fever
GARD:0019829	typhus	exanthematous typhus	exanthematous
GARD:0019829	typhus	exanthematous typhus	typhus
GARD:0019829	typhus	Moscow typhus	moscow
GARD:0019829	typhus	Moscow typhus	typhus
GARD:0019829	typhus	Urban typhus	urban
GARD:0019829	typhus	Urban typhus	typhus
GARD:0019829	typhus	European typhus	european
GARD:0019829	typhus	European typhus	typhus
GARD:0019829	typhus	famine fever	famine
GARD:0019829	typhus	famine fever	fever
GARD:0019829	typhus	gaol fever	gaol
GARD:0019829	typhus	gaol fever	fever
GARD:0019829	typhus	jail fever	jail
GARD:0019829	typhus	jail fever	fever
GARD:0019829	typhus	Mexican typhus	mexican
GARD:0019829	typhus	Mexican typhus	typhus
GARD:0019875	perinatal asphyxia	birth asphyxia	birth
GARD:0019875	perinatal asphyxia	birth asphyxia	asphyxia
GARD:0019875	perinatal asphyxia	birth depression	birth
GARD:0019875	perinatal asphyxia	birth depression	depression
GARD:0019875	perinatal asphyxia	intrapartum asphyxia	asphyxia
GARD:0019875	perinatal asphyxia	asphyxia - birth	asphyxia
GARD:0019875	perinatal asphyxia	asphyxia - birth	birth
GARD:0019875	perinatal asphyxia	asphyxia neonatorum	asphyxia
GARD:0019875	perinatal asphyxia	postnatal asphyxia	postnatal
GARD:0019875	perinatal asphyxia	postnatal asphyxia	asphyxia
GARD:0019875	perinatal asphyxia	fetal asphyxia	fetal
GARD:0019875	perinatal asphyxia	fetal asphyxia	asphyxia
GARD:0019875	perinatal asphyxia	foetal asphyxia	asphyxia
GARD:0019875	perinatal asphyxia	perinatal depression	depression
GARD:0019878	neurotrophic keratopathy	neurotrophic keratitis	neurotrophic
GARD:0019878	neurotrophic keratopathy	neurotrophic keratitis	keratitis
GARD:0019880	endotheliitis	endothelium inflammation	endothelium
GARD:0019880	endotheliitis	endothelium inflammation	inflammation
GARD:0019916	epilepsy with eyelid myoclonia	Jeavons syndrome	syndrome
GARD:0019941	cervicofacial fibrochondroma	cervicofacial enchondroma	cervicofacial
GARD:0019941	cervicofacial fibrochondroma	cervicofacial enchondroma	enchondroma
GARD:0019943	epignathus	epignathus (disease)	disease
GARD:0019943	epignathus	oropharyngeal teratoma	oropharyngeal
GARD:0019943	epignathus	oropharyngeal teratoma	teratoma
GARD:0019944	nasolacrimal duct cyst	dacryocele	dacryocele
GARD:0019944	nasolacrimal duct cyst	dacryocystocele	dacryocystocele
GARD:0019944	nasolacrimal duct cyst	nasolacrimal mucocele	mucocele
GARD:0019945	polyrrhinia	Double nose	double
GARD:0019945	polyrrhinia	Double nose	nose
GARD:0019946	supernumerary nostril	supernumerary naris	supernumerary
GARD:0019946	supernumerary nostril	accessory nostril	accessory
GARD:0019946	supernumerary nostril	accessory nostril	nostril
GARD:0019948	nasopharyngeal teratoma	nasopharynx teratoma	nasopharynx
GARD:0019948	nasopharyngeal teratoma	nasopharynx teratoma	teratoma
GARD:0019949	nasal glial heterotopia	nasal glioma	nasal
GARD:0019949	nasal glial heterotopia	nasal glioma	glioma
GARD:0019954	glossopalatine ankylosis	Cosack syndrome	syndrome
GARD:0019958	rapidly involuting congenital hemangioma	rich	rich
GARD:0019961	diffuse lymphatic malformation	diffuse lymphangioma	diffuse
GARD:0019961	diffuse lymphatic malformation	diffuse lymphangioma	lymphangioma
GARD:0019961	diffuse lymphatic malformation	disseminated lymphangioma	lymphangioma
GARD:0019961	diffuse lymphatic malformation	diffuse lymphangiomatosis	diffuse
GARD:0019964	facial cleft	cleft face	cleft
GARD:0019964	facial cleft	cleft face	face
GARD:0019964	facial cleft	craniofacial cleft	craniofacial
GARD:0019964	facial cleft	craniofacial cleft	cleft
GARD:0019964	facial cleft	prosoposchisis	prosoposchisis
GARD:0019985	isolated dystonia	Pure dystonia	pure
GARD:0020012	hereditary endocrine growth disease	growth disorder	growth
GARD:0020012	hereditary endocrine growth disease	growth disorder	disorder
GARD:0020014	epithelioid hemangioendothelioma	epithelioid angiosarcoma	epithelioid
GARD:0020014	epithelioid hemangioendothelioma	epithelioid angiosarcoma	angiosarcoma
GARD:0020014	epithelioid hemangioendothelioma	epithelioid angioendothelioma	epithelioid
GARD:0020015	congenital pseudoarthrosis of the limbs	congenital pseudoarthrosis	congenital
GARD:0020015	congenital pseudoarthrosis of the limbs	congenital pseudoarthrosis	pseudoarthrosis
GARD:0020016	congenital epulis	congenital Epulides	congenital
GARD:0020016	congenital epulis	Neumann tumor	tumor
GARD:0020020	juvenile xanthogranuloma	xanthoma neviforme	xanthoma
GARD:0020024	hemophagocytic syndrome	haemophagocytic syndrome	syndrome
GARD:0020024	hemophagocytic syndrome	hemophagocytic disorder	disorder
GARD:0020028	hereditary dementia	genetic dementia	genetic
GARD:0020028	hereditary dementia	genetic dementia	dementia
GARD:0020051	posttransplant acute limbic encephalitis	pale	pale
GARD:0020065	wound myiasis	traumatic myiasis	traumatic
GARD:0020065	wound myiasis	traumatic myiasis	myiasis
GARD:0020078	eating seizures	eating epilepsy	eating
GARD:0020078	eating seizures	eating epilepsy	epilepsy
GARD:0020083	epilepsy syndrome	epileptic syndrome	epileptic
GARD:0020083	epilepsy syndrome	epileptic syndrome	syndrome
GARD:0020083	epilepsy syndrome	syndromic epilepsy	syndromic
GARD:0020083	epilepsy syndrome	syndromic epilepsy	epilepsy
GARD:0020102	malignant peritoneal mesothelioma	peritoneal mesothelioma	peritoneal
GARD:0020104	chronic eosinophilic leukemia	eosinophilic leukaemia	eosinophilic
GARD:0020104	chronic eosinophilic leukemia	eosinophilic leukemia	eosinophilic
GARD:0020104	chronic eosinophilic leukemia	eosinophilic leukemia	leukemia
GARD:0020110	malignant melanoma of the mucosa	mucosa melanoma	mucosa
GARD:0020110	malignant melanoma of the mucosa	mucosa melanoma	melanoma
GARD:0020127	craniosynostosis-hydrocephalus-arnold-chiari malformation type i-radioulnar synostosis syndrome	Berant syndrome	syndrome
GARD:0020141	peripheral precocious puberty	precocious pseudopuberty	precocious
GARD:0020149	wound botulism	inoculation botulism	inoculation
GARD:0020149	wound botulism	inoculation botulism	botulism
GARD:0020150	infant botulism	infantile botulism	infantile
GARD:0020150	infant botulism	infantile botulism	botulism
GARD:0020153	myopic macular degeneration	myopic maculopathy	myopic
GARD:0020157	primary cutaneous aggressive epidermotropic cd8+ t-cell lymphoma	Berti lymphoma	lymphoma
GARD:0020159	primary cutaneous marginal zone b-cell lymphoma	cutaneous Immunocytoma	cutaneous
GARD:0020159	primary cutaneous marginal zone b-cell lymphoma	salt lymphoma	salt
GARD:0020159	primary cutaneous marginal zone b-cell lymphoma	salt lymphoma	lymphoma
GARD:0020173	unilateral aplasia of the mullerian ducts	unicornuate uterus	uterus
GARD:0020182	partial septate uterus	uterus subseptus	uterus
GARD:0020195	supernumerary breasts	polymastia	polymastia
GARD:0020195	supernumerary breasts	accessory breasts	accessory
GARD:0020204	fallopian tube cancer	tubal cancer	tubal
GARD:0020204	fallopian tube cancer	tubal cancer	cancer
GARD:0020206	breast giant fibroadenoma	giant fibroadenoma	giant
GARD:0020206	breast giant fibroadenoma	giant fibroadenoma	fibroadenoma
GARD:0020226	adrenogenital syndrome	adrenogenital disorder	disorder
GARD:0020226	adrenogenital syndrome	androgenital syndrome	syndrome
GARD:0020228	hypoaldosteronism disease	rare hypoaldosteronism	rare
GARD:0020232	syndromic dyslipidemia	complex dyslipidemia	complex
GARD:0020232	syndromic dyslipidemia	complex dyslipidaemia	complex
GARD:0020261	inherited ichthyosis	genetic ichthyosis	genetic
GARD:0020261	inherited ichthyosis	genetic ichthyosis	ichthyosis
GARD:0020261	inherited ichthyosis	fish skin	fish
GARD:0020261	inherited ichthyosis	fish skin	skin
GARD:0020261	inherited ichthyosis	congenital ichthyosis	congenital
GARD:0020261	inherited ichthyosis	congenital ichthyosis	ichthyosis
GARD:0020261	inherited ichthyosis	ichthyosis congenita	ichthyosis
GARD:0020277	hereditary photodermatosis	genetic photosensitivity	genetic
GARD:0020277	hereditary photodermatosis	genetic photosensitivity	photosensitivity
GARD:0020320	agammaglobulinemia	antibody Deficiency	antibody
GARD:0020320	agammaglobulinemia	antibody Deficiency	deficiency
GARD:0020320	agammaglobulinemia	Immunoglobulin Deficiency	deficiency
GARD:0020320	agammaglobulinemia	Gammaglobulin Deficiency	deficiency
GARD:0020321	functional neutrophil defect	neutrophil disease	disease
GARD:0020329	calcified aponeurotic fibroma	Keasby tumor	tumor
GARD:0020342	syndromic microphthalmia	microphthalmia, syndromic	microphthalmia
GARD:0020342	syndromic microphthalmia	microphthalmia, syndromic	syndromic
GARD:0020348	vaginal rhabdomyosarcoma	vulvovaginal rhabdomyosarcoma	vulvovaginal
GARD:0020348	vaginal rhabdomyosarcoma	vulvovaginal rhabdomyosarcoma	rhabdomyosarcoma
GARD:0020348	vaginal rhabdomyosarcoma	vagina rhabdomyosarcoma	vagina
GARD:0020348	vaginal rhabdomyosarcoma	vagina rhabdomyosarcoma	rhabdomyosarcoma
GARD:0020354	neurolymphomatosis	fowl paralyses	fowl
GARD:0020354	neurolymphomatosis	fowl paralyses	paralyses
GARD:0020354	neurolymphomatosis	fowl paralysis	fowl
GARD:0020354	neurolymphomatosis	fowl paralysis	paralysis
GARD:0020354	neurolymphomatosis	fowl paralyzes	fowl
GARD:0020354	neurolymphomatosis	Marek disease	marek
GARD:0020354	neurolymphomatosis	Marek disease	disease
GARD:0020356	isolated asymptomatic elevation of creatine phosphokinase	isolated hyperCKemia	isolated
GARD:0020364	hereditary inclusion-body myopathy	inclusion myopathy	inclusion
GARD:0020364	hereditary inclusion-body myopathy	inclusion myopathy	myopathy
GARD:0020371	inborn mitochondrial myopathy	mitochondrial cytopathy	mitochondrial
GARD:0020371	inborn mitochondrial myopathy	mitochondrial myopathy	mitochondrial
GARD:0020371	inborn mitochondrial myopathy	mitochondrial myopathy	myopathy
GARD:0020402	qualitative or quantitative defects of protein involved in o-glycosylation of alpha-dystroglycan	secondary dystroglycanopathy	secondary
GARD:0020405	autosomal dominant cerebellar ataxia type ii	olivopontocerebellar atrophy 3	atrophy
GARD:0020405	autosomal dominant cerebellar ataxia type ii	spinocerebellar ataxia 7	spinocerebellar
GARD:0020405	autosomal dominant cerebellar ataxia type ii	spinocerebellar ataxia 7	ataxia
GARD:0020405	autosomal dominant cerebellar ataxia type ii	Adca, type 2	type
GARD:0020407	hereditary hypoparathyroidism	genetic hypoparathyroidism	genetic
GARD:0020408	hereditary hyperparathyroidism	genetic hyperparathyroidism	genetic
GARD:0020450	congenital temporomandibular joint ankylosis	congenital trismus	congenital
GARD:0020450	congenital temporomandibular joint ankylosis	congenital trismus	trismus
GARD:0020457	hereditary episodic ataxia	Isaacs syndrome	syndrome
GARD:0020457	hereditary episodic ataxia	ea syndrome	ea
GARD:0020457	hereditary episodic ataxia	ea syndrome	syndrome
GARD:0020457	hereditary episodic ataxia	episodic ataxia	episodic
GARD:0020457	hereditary episodic ataxia	episodic ataxia	ataxia
GARD:0020466	ovarian adenocarcinoma	ovary adenocarcinoma	ovary
GARD:0020466	ovarian adenocarcinoma	ovary adenocarcinoma	adenocarcinoma
GARD:0020473	uterine corpus adenosarcoma	uterine adenosarcoma	uterine
GARD:0020473	uterine corpus adenosarcoma	uterine adenosarcoma	adenosarcoma
GARD:0020476	uterine corpus sarcoma	uterine sarcoma	uterine
GARD:0020476	uterine corpus sarcoma	uterine sarcoma	sarcoma
GARD:0020476	uterine corpus sarcoma	uterus sarcoma	uterus
GARD:0020476	uterine corpus sarcoma	uterus sarcoma	sarcoma
GARD:0020477	leiomyosarcoma of the corpus uteri	leiomyosarcoma - uterus	leiomyosarcoma
GARD:0020477	leiomyosarcoma of the corpus uteri	leiomyosarcoma - uterus	uterus
GARD:0020477	leiomyosarcoma of the corpus uteri	uterus leiomyosarcoma	uterus
GARD:0020477	leiomyosarcoma of the corpus uteri	uterus leiomyosarcoma	leiomyosarcoma
GARD:0020477	leiomyosarcoma of the corpus uteri	uterine leiomyosarcoma	uterine
GARD:0020477	leiomyosarcoma of the corpus uteri	uterine leiomyosarcoma	leiomyosarcoma
GARD:0020488	cervical adenocarcinoma	adenocarcinoma - cervix	adenocarcinoma
GARD:0020488	cervical adenocarcinoma	adenocarcinoma - cervix	cervix
GARD:0020488	cervical adenocarcinoma	cervix adenocarcinoma	cervix
GARD:0020488	cervical adenocarcinoma	cervix adenocarcinoma	adenocarcinoma
GARD:0020493	sarcoma of cervix uteri	cervical sarcoma	cervical
GARD:0020493	sarcoma of cervix uteri	cervical sarcoma	sarcoma
GARD:0020494	rhabdomyosarcoma of the cervix uteri	cervical rhabdomyosarcoma	cervical
GARD:0020494	rhabdomyosarcoma of the cervix uteri	cervical rhabdomyosarcoma	rhabdomyosarcoma
GARD:0020495	leiomyosarcoma of the cervix uteri	cervical leiomyosarcoma	cervical
GARD:0020495	leiomyosarcoma of the cervix uteri	cervical leiomyosarcoma	leiomyosarcoma
GARD:0020531	restrictive cardiomyopathy	cardiomyopathy, constrictive	constrictive
GARD:0020542	cranial neuralgia	facial neuralgia	facial
GARD:0020542	cranial neuralgia	facial neuralgia	neuralgia
GARD:0020547	bone sarcoma	osseous sarcoma	osseous
GARD:0020547	bone sarcoma	osseous sarcoma	sarcoma
GARD:0020547	bone sarcoma	skeletal sarcoma	skeletal
GARD:0020547	bone sarcoma	skeletal sarcoma	sarcoma
GARD:0020568	anal fistula	anorectal fistula	anorectal
GARD:0020568	anal fistula	anorectal fistula	fistula
GARD:0020570	fusariosis	Fusarium infection	fusarium
GARD:0020570	fusariosis	Fusarium infection	infection
GARD:0020573	heart-hand syndrome	atriodigital dysplasia	dysplasia
GARD:0020579	linear focal dermal elastosis	Elastotic striae	striae
GARD:0020582	elastoma	Nevus elasticus	nevus
GARD:0020583	papular elastorrhexis	eruptive collagenoma	eruptive
GARD:0020583	papular elastorrhexis	Nevus anelasticus	nevus
GARD:0020585	familial anetoderma	hereditary anetoderma	hereditary
GARD:0020591	foodborne botulism	intoxication botulism	intoxication
GARD:0020591	foodborne botulism	intoxication botulism	botulism
GARD:0020592	virus-associated trichodysplasia spinulosa	pilomatrix dysplasia	dysplasia
GARD:0020592	virus-associated trichodysplasia spinulosa	trichodysplasia spinulosa	spinulosa
GARD:0020596	syndromic agammaglobulinemia	syndromic hypogammaglobulinemia	syndromic
GARD:0020617	autoimmune autonomic ganglionopathy	acute pandysautonomia	acute
GARD:0020630	familial hyperaldosteronism	genetic hyperaldosteronism	genetic
GARD:0020630	familial hyperaldosteronism	hereditary hyperaldosteronism	hereditary
GARD:0020631	apolipoprotein a-ii amyloidosis	AApoAII amyloidosis	amyloidosis
GARD:0020633	lymphoproliferative syndrome	lymphoproliferative disorder	disorder
GARD:0020653	infantile mercury poisoning	erythroedema polyneuritis	polyneuritis
GARD:0020653	infantile mercury poisoning	infantile acrodynia	infantile
GARD:0020653	infantile mercury poisoning	infantile acrodynia	acrodynia
GARD:0020653	infantile mercury poisoning	pink disease	pink
GARD:0020653	infantile mercury poisoning	pink disease	disease
GARD:0020653	infantile mercury poisoning	Swift disease	swift
GARD:0020653	infantile mercury poisoning	Swift disease	disease
GARD:0020653	infantile mercury poisoning	Feer disease	feer
GARD:0020653	infantile mercury poisoning	Feer disease	disease
GARD:0020657	inhalational anthrax	inhalation anthrax	inhalation
GARD:0020657	inhalational anthrax	inhalation anthrax	anthrax
GARD:0020657	inhalational anthrax	pulmonary anthrax	pulmonary
GARD:0020657	inhalational anthrax	pulmonary anthrax	anthrax
GARD:0020657	inhalational anthrax	respiratory anthrax	respiratory
GARD:0020657	inhalational anthrax	respiratory anthrax	anthrax
GARD:0020657	inhalational anthrax	woolsorters' disease	disease
GARD:0020663	inflammatory myopathy with abundant macrophages	imam	imam
GARD:0020667	primary hypertrophic osteoarthropathy	pachydermoperiostosis syndrome	syndrome
GARD:0020700	sickle cell-hemoglobin e disease syndrome	HbSE disease	disease
GARD:0020705	giant cell glioblastoma	Monstrocellular sarcoma	sarcoma
GARD:0020715	chordoid glioma of the third ventricle	chordoid glioma	chordoid
GARD:0020715	chordoid glioma of the third ventricle	chordoid glioma	glioma
GARD:0020719	ganglioneuroblastoma	ganglioneuroblastoma (disease)	disease
GARD:0020719	ganglioneuroblastoma	ganglioneuroblastoma, malignant	malignant
GARD:0020721	medulloepithelioma	Diktyoma, malignant	malignant
GARD:0020731	ganglioneuroma	ganglioneuroma (disease)	ganglioneuroma
GARD:0020731	ganglioneuroma	ganglioneuroma (disease)	disease
GARD:0020731	ganglioneuroma	ganglioneuroma, benign	ganglioneuroma
GARD:0020731	ganglioneuroma	ganglioneuroma, benign	benign
GARD:0020737	tumor of meninges	meningeal neoplasm	meningeal
GARD:0020737	tumor of meninges	meningeal neoplasm	neoplasm
GARD:0020737	tumor of meninges	meningeal tumor	meningeal
GARD:0020737	tumor of meninges	meningeal tumor	tumor
GARD:0020737	tumor of meninges	meningeal neoplasms	meningeal
GARD:0020737	tumor of meninges	meningeal tumour	meningeal
GARD:0020737	tumor of meninges	meninges tumor	meninges
GARD:0020737	tumor of meninges	meninges tumor	tumor
GARD:0020737	tumor of meninges	meningothelial tumor	tumor
GARD:0020737	tumor of meninges	meninges neoplasm	meninges
GARD:0020737	tumor of meninges	meninges neoplasm	neoplasm
GARD:0020737	tumor of meninges	meninges tumour	meninges
GARD:0020739	diffuse leptomeningeal melanocytosis	leptomeningeal melanomatosis	leptomeningeal
GARD:0020740	meningeal melanocytoma	meninges melanocytoma	meninges
GARD:0020740	meningeal melanocytoma	leptomeningeal melanocytoma	leptomeningeal
GARD:0020741	malignant perineurioma	perineurioma, malignant	malignant
GARD:0020746	inhalational botulism	inhalation botulism	inhalation
GARD:0020746	inhalational botulism	inhalation botulism	botulism
GARD:0020747	iatrogenic botulism	inadvertent botulism	inadvertent
GARD:0020747	iatrogenic botulism	inadvertent botulism	botulism
GARD:0020747	iatrogenic botulism	accidental botulism	accidental
GARD:0020747	iatrogenic botulism	accidental botulism	botulism
GARD:0020749	partial hydatidiform mole	partial Mole	partial
GARD:0020749	partial hydatidiform mole	partial Mole	mole
GARD:0020785	ring chromosome y	r(Y)	r
GARD:0020785	ring chromosome y	r(Y)	y
GARD:0020892	thymoma type a	thymoma, medullary	thymoma
GARD:0020892	thymoma type a	thymoma, medullary	medullary
GARD:0020892	thymoma type a	medullary thymoma	medullary
GARD:0020892	thymoma type a	medullary thymoma	thymoma
GARD:0020893	thymoma type b	epithelioid thymoma	epithelioid
GARD:0020893	thymoma type b	epithelioid thymoma	thymoma
GARD:0020900	angiosarcoma	angiosarcoma (disease)	angiosarcoma
GARD:0020900	angiosarcoma	angiosarcoma (disease)	disease
GARD:0020900	angiosarcoma	malignant angioendothelioma	malignant
GARD:0020900	angiosarcoma	malignant hemangioendothelioma	malignant
GARD:0020900	angiosarcoma	hemangiosarcoma, malignant	hemangiosarcoma
GARD:0020900	angiosarcoma	hemangiosarcoma, malignant	malignant
GARD:0020900	angiosarcoma	hemangiosarcoma	hemangiosarcoma
GARD:0020900	angiosarcoma	vascular sarcoma	vascular
GARD:0020900	angiosarcoma	vascular sarcoma	sarcoma
GARD:0020945	intraocular medulloepithelioma	orbital medulloepithelioma	orbital
GARD:0020958	spina bifida cystica	meningomyelocele	meningomyelocele
GARD:0020958	spina bifida cystica	myelomeningocele	myelomeningocele
GARD:0020967	cephalocele	cranium bifidum	cranium
GARD:0020967	cephalocele	encephalocele	encephalocele
GARD:0020967	cephalocele	cephalocele (disease)	cephalocele
GARD:0020967	cephalocele	cephalocele (disease)	disease
GARD:0020968	meningoencephalocele	cranial meningocele	cranial
GARD:0020968	meningoencephalocele	cranial meningocele	meningocele
GARD:0020968	meningoencephalocele	encephalomeningocele	encephalomeningocele
GARD:0020977	isolated megalencephaly	isolated macrencephaly	isolated
GARD:0020982	cerebral cortical dysplasia	cortical dysplasia	cortical
GARD:0020982	cerebral cortical dysplasia	cortical dysplasia	dysplasia
GARD:0021017	familial amyloid neuropathy	ATTRv amyloidosis	amyloidosis
GARD:0021044	multiple endocrine neoplasia	men syndrome	men
GARD:0021044	multiple endocrine neoplasia	men syndrome	syndrome
GARD:0021044	multiple endocrine neoplasia	men syndromes	men
GARD:0021053	familial hyperinsulinism	congenital hyperinsulinism	congenital
GARD:0021053	familial hyperinsulinism	neonatal hyperinsulinism	neonatal
GARD:0021053	familial hyperinsulinism	hyperinsulinemic hypoglycemia	hypoglycemia
GARD:0021059	acute endophthalmitis	endophthalmitis, acute	acute
GARD:0021060	chronic endophthalmitis	endophthalmitis, chronic	chronic
GARD:0021065	intermediate uveitis	chronic cyclitis	chronic
GARD:0021065	intermediate uveitis	chronic cyclitis	cyclitis
GARD:0021065	intermediate uveitis	peripheral uveoretinitis	peripheral
GARD:0021116	autoimmune polyendocrinopathy	Antiphospholipid Syndrome	syndrome
GARD:0021118	fetal lung interstitial tumor	flit	flit
GARD:0021120	well-differentiated fetal adenocarcinoma of the lung	fetal adenocarcinoma	fetal
GARD:0021120	well-differentiated fetal adenocarcinoma of the lung	fetal adenocarcinoma	adenocarcinoma
GARD:0021120	well-differentiated fetal adenocarcinoma of the lung	foetal adenocarcinoma	adenocarcinoma
GARD:0021133	hypocalcemic rickets	Calciopenic rickets	rickets
GARD:0021139	pyoderma gangrenosum-acne-suppurative hidradenitis syndrome	pash syndrome	pash
GARD:0021139	pyoderma gangrenosum-acne-suppurative hidradenitis syndrome	pash syndrome	syndrome
GARD:0021144	juvenile nasopharyngeal angiofibroma	nasopharyngeal angiofibroma	nasopharyngeal
GARD:0021144	juvenile nasopharyngeal angiofibroma	nasopharyngeal angiofibroma	angiofibroma
GARD:0021152	myopericytoma	solitary myofibroma	solitary
GARD:0021152	myopericytoma	solitary myofibroma	myofibroma
GARD:0021164	acute generalized exanthematous pustulosis	toxic pustuloderma	toxic
GARD:0021165	pleomorphic rhabdomyosarcoma	anaplastic rhabdomyosarcoma	anaplastic
GARD:0021165	pleomorphic rhabdomyosarcoma	anaplastic rhabdomyosarcoma	rhabdomyosarcoma
GARD:0021173	1p21.3 microdeletion syndrome	Del(1)p(21.3)	del
GARD:0021173	1p21.3 microdeletion syndrome	Del(1)p(21.3)	p
GARD:0021177	multiple pterygium syndrome	pterygium syndrome	pterygium
GARD:0021177	multiple pterygium syndrome	pterygium syndrome	syndrome
GARD:0021179	non-syndromic amelia	isolated amelia	isolated
GARD:0021179	non-syndromic amelia	isolated amelia	amelia
GARD:0021179	non-syndromic amelia	nonsyndromic amelia	amelia
GARD:0021179	non-syndromic amelia	amelia	amelia
GARD:0021199	hyperphalangy	supernumerary phalanx	supernumerary
GARD:0021199	hyperphalangy	supernumerary phalanx	phalanx
GARD:0021199	hyperphalangy	supernumerary phalanges	supernumerary
GARD:0021199	hyperphalangy	supernumerary phalanges	phalanges
GARD:0021200	central polydactyly of fingers	mirror hand	mirror
GARD:0021200	central polydactyly of fingers	mirror hand	hand
GARD:0021200	central polydactyly of fingers	central polydactyly	central
GARD:0021200	central polydactyly of fingers	central polydactyly	polydactyly
GARD:0021200	central polydactyly of fingers	mesoaxial polydactyly	polydactyly
GARD:0021201	syndactyly type 6	mitten hand	mitten
GARD:0021201	syndactyly type 6	mitten hand	hand
GARD:0021225	congenital genu recurvatum	genu recurvatum	genu
GARD:0021232	11p15.4 microduplication syndrome	dup(11)p(15.4)	dup
GARD:0021232	11p15.4 microduplication syndrome	dup(11)p(15.4)	p
GARD:0021235	nail tumor	nail neoplasm	nail
GARD:0021235	nail tumor	nail neoplasm	neoplasm
GARD:0021236	follicular cholangitis and pancreatitis	follicular pancreatocholangitis	follicular
GARD:0021237	carcinoma of the ampulla of vater	ampullary carcinoma	ampullary
GARD:0021237	carcinoma of the ampulla of vater	ampullary carcinoma	carcinoma
GARD:0021237	carcinoma of the ampulla of vater	ampullary cancer	ampullary
GARD:0021237	carcinoma of the ampulla of vater	ampullary cancer	cancer
GARD:0021253	pituitary tumor	pituitary neoplasm	pituitary
GARD:0021253	pituitary tumor	pituitary neoplasm	neoplasm
GARD:0021264	manganese poisoning	manganese intoxication	manganese
GARD:0021264	manganese poisoning	manganese intoxication	intoxication
GARD:0021304	inborn aminoacylase deficiency	aminoacylase deficiency	deficiency
GARD:0021329	metachromatic leukodystrophy, juvenile form	leukodystrophy metachromatic	metachromatic
GARD:0021329	metachromatic leukodystrophy, juvenile form	metachromatic leukoencephalopathy	metachromatic
GARD:0021329	metachromatic leukodystrophy, juvenile form	metachromatic leukodystrophy	metachromatic
GARD:0021364	contractures - webbed neck - micrognathia - hypoplastic nipples syndrome	Dinno syndrome	syndrome
GARD:0021372	Meigs syndrome	Meigs' syndrome	syndrome
GARD:0021375	ovarian fibroma	ovarian fibromata	ovarian
GARD:0021375	ovarian fibroma	ovarian fibromata	fibromata
GARD:0021381	duplication of the pituitary gland	hypophyseal duplication	hypophyseal
GARD:0021381	duplication of the pituitary gland	hypophyseal duplication	duplication
GARD:0021385	primary bone lymphoma	bone lymphoma	bone
GARD:0021385	primary bone lymphoma	bone lymphoma	lymphoma
GARD:0021417	multilocular clear cell renal cell carcinoma	renal cystadenocarcinoma	renal
GARD:0021426	primary lymphoma of the conjunctiva	conjunctiva lymphoma	conjunctiva
GARD:0021426	primary lymphoma of the conjunctiva	conjunctiva lymphoma	lymphoma
GARD:0021449	invasive non-typhoidal salmonellosis	iNTS disease	disease
GARD:0021489	autosomal recessive frontotemporal pachygyria	pachygyria, frontotemporal	frontotemporal
GARD:0021501	wild type attr amyloidosis	ATTRwt amyloidosis	amyloidosis
GARD:0021503	lead poisoning	Lead intoxication	lead
GARD:0021503	lead poisoning	Lead intoxication	intoxication
GARD:0021503	lead poisoning	saturnism	saturnism
GARD:0021503	lead poisoning	plumbism	plumbism
GARD:0021506	chronic actinic dermatitis	actinic reticuloid	actinic
GARD:0021524	phalangeal microgeodic syndrome	phalangeal osteolysis	phalangeal
GARD:0021524	phalangeal microgeodic syndrome	phalangeal osteolysis	osteolysis
GARD:0021531	idiopathic macular telangiectasia type 1	aneurysmal telangiectasia	aneurysmal
GARD:0021531	idiopathic macular telangiectasia type 1	aneurysmal telangiectasia	telangiectasia
GARD:0021565	severe early-childhood-onset retinal dystrophy	fundus flavimaculatus	fundus
GARD:0021565	severe early-childhood-onset retinal dystrophy	Stargardt disease 1	disease
GARD:0021583	intellectual disability-seizures-macrocephaly-obesity syndrome	Der(8)t(8;12)	t
GARD:0021589	familial syringomyelia	hereditary syringomyelia	hereditary
GARD:0021589	familial syringomyelia	hereditary syringomyelia	syringomyelia
GARD:0021590	Angora hair nevus	Schauder syndrome	syndrome
GARD:0021618	generalized dystonia	dystonias, torsion	torsion
GARD:0021618	generalized dystonia	familial dystonia	familial
GARD:0021618	generalized dystonia	torsion dystonia	torsion
GARD:0021626	glomus tumor	glomus neoplasm	glomus
GARD:0021626	glomus tumor	glomus neoplasm	neoplasm
GARD:0021630	inherited dystonia	familial dystonia	familial
GARD:0021631	deep seated dermatophytosis	deep dermatophytosis	deep
GARD:0021631	deep seated dermatophytosis	deep dermatophytosis	dermatophytosis
GARD:0021638	Paget disease of the penis	penile adenocarcinoma	penile
GARD:0021638	Paget disease of the penis	penile adenocarcinoma	adenocarcinoma
GARD:0021638	Paget disease of the penis	penis adenocarcinoma	penis
GARD:0021638	Paget disease of the penis	penis adenocarcinoma	adenocarcinoma
GARD:0021640	refractory celiac disease	refractory sprue	refractory
GARD:0021640	refractory celiac disease	refractory sprue	sprue
GARD:0021647	neonatal lupus erythematosus	neonatal lupus	neonatal
GARD:0021647	neonatal lupus erythematosus	neonatal lupus	lupus
GARD:0021647	neonatal lupus erythematosus	congenital lupus	congenital
GARD:0021647	neonatal lupus erythematosus	congenital lupus	lupus
GARD:0021654	immature ovarian teratoma	immature teratoma	immature
GARD:0021654	immature ovarian teratoma	immature teratoma	teratoma
GARD:0021657	osteonecrosis	bone necrosis	bone
GARD:0021657	osteonecrosis	bone necrosis	necrosis
GARD:0021657	osteonecrosis	aseptic necrosis	aseptic
GARD:0021657	osteonecrosis	aseptic necrosis	necrosis
GARD:0021663	osteonecrosis of the jaw	jaw osteonecrosis	jaw
GARD:0021663	osteonecrosis of the jaw	jaw osteonecrosis	osteonecrosis
GARD:0021667	osteonecrosis of genetic origin	genetic osteonecrosis	genetic
GARD:0021667	osteonecrosis of genetic origin	genetic osteonecrosis	osteonecrosis
GARD:0021704	fibrolamellar hepatocellular carcinoma	fibrolamellar cancer	cancer
GARD:0021704	fibrolamellar hepatocellular carcinoma	fibrolamellar carcinoma	carcinoma
GARD:0021709	lichen myxedematosus	lichen myxoedematosus	lichen
GARD:0021709	lichen myxedematosus	papular mucinosis	papular
GARD:0021709	lichen myxedematosus	lichenoid myxedema	lichenoid
GARD:0021709	lichen myxedematosus	lichenoid myxedema	myxedema
GARD:0021716	hepatitis D virus infection	hepatitis delta	hepatitis
GARD:0021716	hepatitis D virus infection	hepatitis delta	delta
GARD:0021716	hepatitis D virus infection	Hepatitis D	hepatitis
GARD:0021716	hepatitis D virus infection	Hepatitis D	d
GARD:0021716	hepatitis D virus infection	delta hepatitis	delta
GARD:0021716	hepatitis D virus infection	delta hepatitis	hepatitis
GARD:0021729	polyarticular juvenile idiopathic arthritis	juvenile polyarthritis	juvenile
GARD:0021729	polyarticular juvenile idiopathic arthritis	juvenile polyarthritis	polyarthritis
GARD:0021736	generalized eruptive keratoacanthoma	Grzybowski syndrome	syndrome
GARD:0021745	semicircular canal dehiscence syndrome	Minorbs syndrome	syndrome
GARD:0021772	anal canal carcinoma	cloacogenic carcinoma	carcinoma
GARD:0021786	carcinoma of liver and intrahepatic biliary tract	liver cancer	liver
GARD:0021786	carcinoma of liver and intrahepatic biliary tract	liver cancer	cancer
GARD:0021786	carcinoma of liver and intrahepatic biliary tract	hepatic cancer	hepatic
GARD:0021786	carcinoma of liver and intrahepatic biliary tract	hepatic cancer	cancer
GARD:0021786	carcinoma of liver and intrahepatic biliary tract	liver carcinoma	liver
GARD:0021786	carcinoma of liver and intrahepatic biliary tract	liver carcinoma	carcinoma
GARD:0021800	urachal diverticulum	Vesicourachal diverticulum	diverticulum
GARD:0021813	3p25.3 microdeletion syndrome	Del(3)p(25.3)	del
GARD:0021813	3p25.3 microdeletion syndrome	Del(3)p(25.3)	p
GARD:0021823	placental insufficiency	insufficiency, placental	insufficiency
GARD:0021823	placental insufficiency	insufficiency, placental	placental
GARD:0021831	secondary polyarteritis nodosa	secondary pan	secondary
GARD:0021831	secondary polyarteritis nodosa	secondary pan	pan
GARD:0021835	plastic bronchitis	croupous bronchitis	croupous
GARD:0021835	plastic bronchitis	croupous bronchitis	bronchitis
GARD:0021835	plastic bronchitis	fibrinous bronchitis	fibrinous
GARD:0021835	plastic bronchitis	fibrinous bronchitis	bronchitis
GARD:0021849	hyperinsulinemic hypoglycemia	hyperinsulinemia hypoglycemia	hypoglycemia
GARD:0021853	postpartum psychosis	puerperal psychosis	puerperal
GARD:0021853	postpartum psychosis	puerperal psychosis	psychosis
GARD:0021855	paratyphoid fever	paratyphoid b	paratyphoid
GARD:0021855	paratyphoid fever	paratyphoid b	b
GARD:0021855	paratyphoid fever	paratyphoid c	paratyphoid
GARD:0021855	paratyphoid fever	paratyphoid c	c
GARD:0021855	paratyphoid fever	paratyphoid	paratyphoid
GARD:0021855	paratyphoid fever	paratyphoid a	paratyphoid
GARD:0021855	paratyphoid fever	paratyphoid a	a
GARD:0021868	sclerosing cholangitis	fibrosing cholangitis	cholangitis
GARD:0021870	Keratocystic odontogenic tumor	odontogenic Keratocyst	odontogenic
GARD:0021870	Keratocystic odontogenic tumor	odontogenic keratocystoma	odontogenic
GARD:0021879	pleural empyema	empyema	empyema
GARD:0021879	pleural empyema	thorax abscess	thorax
GARD:0021879	pleural empyema	thorax abscess	abscess
GARD:0021879	pleural empyema	purulent pleuritis	purulent
GARD:0021879	pleural empyema	purulent pleuritis	pleuritis
GARD:0021879	pleural empyema	pyothorax	pyothorax
GARD:0021879	pleural empyema	purulent pleurisy	purulent
GARD:0021879	pleural empyema	purulent pleurisy	pleurisy
GARD:0021884	IgG4-related submandibular gland disease	Kuttner tumor	tumor
GARD:0021889	cutaneous pseudolymphoma	lymphocytoma cutis	lymphocytoma
GARD:0021889	cutaneous pseudolymphoma	lymphocytoma cutis	cutis
GARD:0021895	isolated tracheo-esophageal fistula	tracheoesophageal fistula	tracheoesophageal
GARD:0021895	isolated tracheo-esophageal fistula	tracheoesophageal fistula	fistula
GARD:0021897	avian influenza	bird flu	bird
GARD:0021897	avian influenza	bird flu	flu
GARD:0021897	avian influenza	avian flu	avian
GARD:0021897	avian influenza	avian flu	flu
GARD:0021908	retiform hemangioendothelioma	hobnail hemangioendothelioma	hobnail
GARD:0021909	primary intralymphatic angioendothelioma	Dabska tumor	tumor
GARD:0021910	congenital hemangioma	congenital angioma	congenital
GARD:0021910	congenital hemangioma	congenital angioma	angioma
GARD:0021930	drug-induced methemoglobinemia	acquired methemoglobinemia	acquired
GARD:0021930	drug-induced methemoglobinemia	acquired methemoglobinemia	methemoglobinemia
GARD:0021959	nodular fasciitis	fasciitis - nodular	nodular
GARD:0021959	nodular fasciitis	pseudosarcomatous fibromatosis	fibromatosis
GARD:0021973	bile duct cyst	choledochal cysts	choledochal
GARD:0021973	bile duct cyst	choledochal cyst	choledochal
GARD:0021973	bile duct cyst	choledochal cyst	cyst
GARD:0021974	primary intrahepatic lithiasis	primary hepatolithiasis	primary
GARD:0021974	primary intrahepatic lithiasis	primary hepatolithiasis	hepatolithiasis
GARD:0022003	extracranial carotid artery aneurysm	Ecca	ecca
GARD:0022007	vulvar adenocarcinoma	vulva adenocarcinoma	vulva
GARD:0022007	vulvar adenocarcinoma	vulva adenocarcinoma	adenocarcinoma
GARD:0022029	hyaline fibromatosis syndrome	hyalinosis, systemic	hyalinosis
GARD:0022029	hyaline fibromatosis syndrome	hyalinosis, systemic	systemic
GARD:0022042	skin pilomatrix carcinoma	matrical carcinoma	matrical
GARD:0022042	skin pilomatrix carcinoma	matrical carcinoma	carcinoma
GARD:0022042	skin pilomatrix carcinoma	Pilomatrical carcinoma	carcinoma
GARD:0022042	skin pilomatrix carcinoma	pilomatrix carcinoma	carcinoma
GARD:0022042	skin pilomatrix carcinoma	Trichomatrical carcinoma	carcinoma
GARD:0022042	skin pilomatrix carcinoma	malignant pilomatricoma	malignant
GARD:0022042	skin pilomatrix carcinoma	invasive pilomatrixoma	invasive
GARD:0022042	skin pilomatrix carcinoma	pilomatricoma, malignant	malignant
GARD:0022057	pancreatic carcinoma with mixed differentiation	pancreatic MiNEN	pancreatic
GARD:0022068	cleft lip and palate-craniofacial dysmorphism-congenital heart defect-hearing loss syndrome	hyaluronidase 2 deficiency	hyaluronidase
GARD:0022068	cleft lip and palate-craniofacial dysmorphism-congenital heart defect-hearing loss syndrome	hyaluronidase 2 deficiency	deficiency
GARD:0022197	acute bilirubin encephalopathy	Acute kernicterus	acute
GARD:0022201	secondary erythromelalgia	Secondary erythermalgia	secondary
GARD:0022278	liver adenomatosis	Hepatic adenomatosis	hepatic
GARD:0022280	atelencephaly	atelencephalic microcephaly	microcephaly
GARD:0022283	mueller-weiss syndrome	Brailsford disease	disease
GARD:0022301	lymphatic malformation 6	lymphedema, hereditary, 3	lymphedema
GARD:0022301	lymphatic malformation 6	lymphedema, hereditary, 3	hereditary
GARD:0022321	Middle East respiratory syndrome	camel flu	camel
GARD:0022321	Middle East respiratory syndrome	camel flu	flu
GARD:0022419	legionellosis	Legionnaires disease	disease
GARD:0022419	legionellosis	Legionella infection	infection
GARD:0022460	narcolepsy	paroxysmal sleep	paroxysmal
GARD:0022460	narcolepsy	paroxysmal sleep	sleep
GARD:0022702	inherited bleeding disorder, platelet-type	platelet disorder	platelet
GARD:0022702	inherited bleeding disorder, platelet-type	platelet disorder	disorder
GARD:0022718	trigonocephaly	trigonocephaly, isolated	trigonocephaly
GARD:0022718	trigonocephaly	trigonocephaly, isolated	isolated
GARD:0022718	trigonocephaly	trigonocephalus	trigonocephalus
GARD:0022734	Rickettsia parkeri spotted fever	maculatum infection	infection
GARD:0022738	pulmonary aspergilloma	lung aspergillosis	lung
GARD:0022738	pulmonary aspergilloma	lung aspergillosis	aspergillosis
GARD:0022740	Kunjin virus infectous disease	Kunjin encephalitis	encephalitis
GARD:0022741	Powassan encephalitis	encephalitis, powassan	encephalitis
GARD:0022742	ophthalmomyiasis	ophthalmic myiasis	ophthalmic
GARD:0022742	ophthalmomyiasis	ophthalmic myiasis	myiasis
GARD:0022747	Rickettsia helvetica spotted fever	aneruptive fever	fever
GARD:0022769	lymphoplasmacytic lymphoma	lymphoma, plasmacytic	lymphoma
GARD:0022769	lymphoplasmacytic lymphoma	lymphoplasmacytoid lymphoma	lymphoma
GARD:0022770	paraganglioma	Paraganglionic neoplasm	neoplasm
GARD:0022770	paraganglioma	paraganglion neoplasm	paraganglion
GARD:0022770	paraganglioma	paraganglion neoplasm	neoplasm
GARD:0022770	paraganglioma	paraganglion tumor	paraganglion
GARD:0022770	paraganglioma	paraganglion tumor	tumor
GARD:0022770	paraganglioma	Paraganglionic tumor	tumor
GARD:0022770	paraganglioma	paraganglion tumour	paraganglion
GARD:0022776	glomerulosclerosis	glomerular sclerosis	glomerular
GARD:0022776	glomerulosclerosis	glomerular sclerosis	sclerosis
GARD:0022778	arteritic anterior ischemic optic neuropathy	arteritic aion	aion
GARD:0022779	tongue squamous cell carcinoma	tongue scc	tongue
GARD:0022780	lung adenocarcinoma in situ	bronchioloalveolar carcinoma	carcinoma
GARD:0022780	lung adenocarcinoma in situ	bronchioalveolar carcinoma	carcinoma
GARD:0022781	synucleinopathy	alpha synucleinopathies	alpha
GARD:0022797	jejunal adenocarcinoma	jejunum adenocarcinoma	jejunum
GARD:0022797	jejunal adenocarcinoma	jejunum adenocarcinoma	adenocarcinoma
GARD:0022800	cervical neuroblastoma	neck neuroblastoma	neck
GARD:0022800	cervical neuroblastoma	neck neuroblastoma	neuroblastoma
GARD:0022803	endocervical adenocarcinoma	endocervix adenocarcinoma	adenocarcinoma
GARD:0022808	immunoglobulin beta deficiency	IgB deficiency	deficiency
GARD:0022809	intrinsic cardiomyopathy	primary cardiomyopathy	primary
GARD:0022814	benign glioma	glioma, benign	glioma
GARD:0022814	benign glioma	glioma, benign	benign
GARD:0022817	diffuse alopecia areata	alopecia celsi	alopecia
GARD:0022817	diffuse alopecia areata	patchy alopecia	patchy
GARD:0022817	diffuse alopecia areata	patchy alopecia	alopecia
GARD:0022817	diffuse alopecia areata	Celsus' vitiligo	vitiligo
GARD:0022817	diffuse alopecia areata	marginal alopecia	marginal
GARD:0022817	diffuse alopecia areata	marginal alopecia	alopecia
GARD:0022819	non-syndromic synpolydactyly	isolated synpolydactyly	isolated
GARD:0022820	scapuloperoneal myopathy	myopathy, scapuloperoneal	myopathy
GARD:0022821	Ohdo syndrome and variants	Ohdo syndrome	syndrome
GARD:0022828	corneal endothelial dystrophy	endothelial dystrophy	endothelial
GARD:0022828	corneal endothelial dystrophy	endothelial dystrophy	dystrophy
GARD:0022830	purpura fulminans	fibrinolytic purpura	fibrinolytic
GARD:0022830	purpura fulminans	fibrinolytic purpura	purpura
GARD:0022830	purpura fulminans	purpura gangrenosa	purpura
GARD:0022831	cardiac tuberculosis	cardiovascular tuberculosis	cardiovascular
GARD:0022831	cardiac tuberculosis	cardiovascular tuberculosis	tuberculosis
GARD:0022846	duodenum cancer	duodenal cancer	duodenal
GARD:0022846	duodenum cancer	duodenal cancer	cancer
GARD:0022849	syphilitic encephalitis	Treponema encephalitis	treponema
GARD:0022849	syphilitic encephalitis	Treponema encephalitis	encephalitis
GARD:0022852	thymus lymphoma	thymic lymphoma	thymic
GARD:0022852	thymus lymphoma	thymic lymphoma	lymphoma
GARD:0022857	neuroretinitis	papilloretinitis	papilloretinitis
GARD:0022858	Histoplasma pericarditis	histoplasmosis pericarditis	histoplasmosis
GARD:0022858	Histoplasma pericarditis	histoplasmosis pericarditis	pericarditis
GARD:0022862	pneumoconiosis due to talc	talc pneumoconiosis	talc
GARD:0022862	pneumoconiosis due to talc	talc pneumoconiosis	pneumoconiosis
GARD:0022869	patellar tendinitis	patellar tendonitis	patellar
GARD:0022869	patellar tendinitis	patella tendinitis	patella
GARD:0022869	patellar tendinitis	patella tendinitis	tendinitis
GARD:0022871	gastric lymphoma	stomach lymphoma	stomach
GARD:0022871	gastric lymphoma	stomach lymphoma	lymphoma
GARD:0022872	late yaws	gummatous frambeside	gummatous
GARD:0022873	early yaws	primary frambesia	primary
GARD:0022873	early yaws	primary frambesia	frambesia
GARD:0022876	glucose intolerance	glucose: intolerance	glucose
GARD:0022876	glucose intolerance	glucose: intolerance	intolerance
GARD:0022876	glucose intolerance	glucose: malabsorption	glucose
GARD:0022878	colonic lymphangioma	colon lymphangioma	colon
GARD:0022878	colonic lymphangioma	colon lymphangioma	lymphangioma
GARD:0022879	mediastinum neuroblastoma	mediastinal neuroblastoma	mediastinal
GARD:0022879	mediastinum neuroblastoma	mediastinal neuroblastoma	neuroblastoma
GARD:0022880	mediastinum ganglioneuroblastoma	mediastinal ganglioneuroblastoma	mediastinal
GARD:0022881	petrositis	chronic petrositis	chronic
GARD:0022881	petrositis	acute petrositis	acute
GARD:0022882	Fiedler's myocarditis	fiedler myocarditis	myocarditis
GARD:0022882	Fiedler's myocarditis	idiopathic myocarditis	idiopathic
GARD:0022882	Fiedler's myocarditis	idiopathic myocarditis	myocarditis
GARD:0022883	bacterial myocarditis	septic myocarditis	septic
GARD:0022883	bacterial myocarditis	septic myocarditis	myocarditis
GARD:0022884	familial polycythemia	erythrocytosis, familial	erythrocytosis
GARD:0022884	familial polycythemia	erythrocytosis, familial	familial
GARD:0022884	familial polycythemia	primary polycythemia	primary
GARD:0022884	familial polycythemia	primary polycythemia	polycythemia
GARD:0022893	microcephaly	microcephaly (disease)	microcephaly
GARD:0022893	microcephaly	microcephaly (disease)	disease
GARD:0022893	microcephaly	microcephalus	microcephalus
GARD:0022894	Siberian tick typhus	Manchurian typhus	manchurian
GARD:0022894	Siberian tick typhus	Manchurian typhus	typhus
GARD:0022896	esophagus lymphoma	esophageal lymphoma	esophageal
GARD:0022896	esophagus lymphoma	esophageal lymphoma	lymphoma
GARD:0022899	acquired thrombocytopenia	secondary thrombocytopenia	secondary
GARD:0022899	acquired thrombocytopenia	secondary thrombocytopenia	thrombocytopenia
GARD:0022900	esophagus sarcoma	esophageal sarcoma	esophageal
GARD:0022900	esophagus sarcoma	esophageal sarcoma	sarcoma
GARD:0022900	esophagus sarcoma	sarcoma, oesophagus	sarcoma
GARD:0022900	esophagus sarcoma	sarcoma, oesophagus	oesophagus
GARD:0022900	esophagus sarcoma	sarcoma, esophagus	sarcoma
GARD:0022900	esophagus sarcoma	sarcoma, esophagus	esophagus
GARD:0022902	appendix lymphoma	appendiceal lymphoma	lymphoma
GARD:0022903	polycythemia neonatorum	neonatal polycythemia	neonatal
GARD:0022903	polycythemia neonatorum	neonatal polycythemia	polycythemia
GARD:0022908	disseminated intravascular coagulation	defibrination syndrome	defibrination
GARD:0022908	disseminated intravascular coagulation	defibrination syndrome	syndrome
GARD:0022908	disseminated intravascular coagulation	consumptive coagulopathy	consumptive
GARD:0022909	ventilation pneumonitis	humidifier lung	humidifier
GARD:0022909	ventilation pneumonitis	humidifier lung	lung
GARD:0022909	ventilation pneumonitis	humidifiers lung	lung
GARD:0022916	Horner syndrome	oculosympathetic palsy	palsy
GARD:0022921	infant gynecomastia	neonatal gynaecomastia	neonatal
GARD:0022924	familial hyperlipidemia	familial hyperlipoproteinemia	familial
GARD:0022924	familial hyperlipidemia	familial hyperlipemia	familial
GARD:0022924	familial hyperlipidemia	familial hyperlipemia	hyperlipemia
GARD:0022924	familial hyperlipidemia	hyperlipemia	hyperlipemia
GARD:0022925	dysgammaglobulinemia	dysgammaglobulinemia (finding)	finding
GARD:0022925	dysgammaglobulinemia	dysgammaglobulinemia (disease)	disease
GARD:0022930	degenerative myopia	pathological myopia	pathological
GARD:0022930	degenerative myopia	pathological myopia	myopia
GARD:0022931	visual epilepsy	epilepsy, visual	epilepsy
GARD:0022931	visual epilepsy	epilepsy, visual	visual
GARD:0022932	penile sarcoma	penis sarcoma	penis
GARD:0022932	penile sarcoma	penis sarcoma	sarcoma
GARD:0022934	indeterminate leprosy	uncharacteristic leprosy	uncharacteristic
GARD:0022934	indeterminate leprosy	uncharacteristic leprosy	leprosy
GARD:0022937	schwannoma of ureter	ureter schwannoma	ureter
GARD:0022937	schwannoma of ureter	ureteral neurilemmoma	ureteral
GARD:0022937	schwannoma of ureter	ureteral schwannoma	ureteral
GARD:0022937	schwannoma of ureter	ureter neurilemmoma	ureter
GARD:0022941	tracheal lymphoma	trachea lymphoma	trachea
GARD:0022941	tracheal lymphoma	trachea lymphoma	lymphoma
GARD:0022942	trachea sarcoma	tracheal sarcoma	tracheal
GARD:0022942	trachea sarcoma	tracheal sarcoma	sarcoma
GARD:0022943	mediastinum neurofibroma	mediastinal neurofibroma	mediastinal
GARD:0022943	mediastinum neurofibroma	mediastinal neurofibroma	neurofibroma
GARD:0022945	lymphocytic choriomeningitis	lymphocytic meningitis	lymphocytic
GARD:0022945	lymphocytic choriomeningitis	lymphocytic meningitis	meningitis
GARD:0022945	lymphocytic choriomeningitis	lymphocytic meningoencephalitis	lymphocytic
GARD:0022945	lymphocytic choriomeningitis	lymphocytic meningoencephalitis	meningoencephalitis
GARD:0022969	Achilles bursitis	capped hock	capped
GARD:0022969	Achilles bursitis	capped hock	hock
GARD:0022970	Plasmodium ovale malaria	ovale malaria	malaria
GARD:0022975	epidemic keratoconjunctivitis	shipyard eye	shipyard
GARD:0022975	epidemic keratoconjunctivitis	shipyard eye	eye
GARD:0022980	deficiency anemia	deficiency anemias	deficiency
GARD:0022981	severe pre-eclampsia	severe preeclampsia	severe
GARD:0022987	intestinal tuberculosis	intestine tuberculosis	intestine
GARD:0022987	intestinal tuberculosis	intestine tuberculosis	tuberculosis
GARD:0022991	cerebral sarcoidosis	telencephalon sarcoidosis	telencephalon
GARD:0022992	cardiac sarcoidosis	heart sarcoidosis	heart
GARD:0022993	pulmonary sarcoidosis	lung sarcoidosis	lung
GARD:0022998	tetanus neonatorum	neonatal tetanus	neonatal
GARD:0022998	tetanus neonatorum	neonatal tetanus	tetanus
GARD:0023006	photokeratitis	ultraviolet keratitis	ultraviolet
GARD:0023006	photokeratitis	ultraviolet keratitis	keratitis
GARD:0023010	post-vaccinal encephalitis	postvaccinal encephalomyelitis	postvaccinal
GARD:0023010	post-vaccinal encephalitis	postvaccinal encephalomyelitis	encephalomyelitis
GARD:0023011	dermoid cyst of skin	skin dermoid	skin
GARD:0023011	dermoid cyst of skin	skin dermoid	dermoid
GARD:0023019	uterine corpus dissecting leiomyoma	Sternberg tumor	tumor
GARD:0023029	anus lymphoma	anal lymphoma	anal
GARD:0023029	anus lymphoma	anal lymphoma	lymphoma
GARD:0023034	congenital agammaglobulinemia	congenital hypogammaglobulinaemia	congenital
GARD:0023039	gastrointestinal tularemia	intestinal tularaemia	intestinal
GARD:0023039	gastrointestinal tularemia	enteric tularemia	enteric
GARD:0023039	gastrointestinal tularemia	enteric tularemia	tularemia
GARD:0023043	Plasmodium malariae malaria	quartan malaria	quartan
GARD:0023043	Plasmodium malariae malaria	quartan malaria	malaria
GARD:0023051	ureteral lymphoma	ureter lymphoma	ureter
GARD:0023051	ureteral lymphoma	ureter lymphoma	lymphoma
GARD:0023058	cecum lymphoma	caecum lymphoma	caecum
GARD:0023058	cecum lymphoma	caecum lymphoma	lymphoma
GARD:0023058	cecum lymphoma	cecal lymphoma	lymphoma
GARD:0023059	colon lymphoma	colonic lymphoma	colonic
GARD:0023059	colon lymphoma	colonic lymphoma	lymphoma
GARD:0023062	Histoplasma capsulatum infectious disease	classical histoplasmosis	classical
GARD:0023062	Histoplasma capsulatum infectious disease	classical histoplasmosis	histoplasmosis
GARD:0023062	Histoplasma capsulatum infectious disease	American histoplasmosis	american
GARD:0023062	Histoplasma capsulatum infectious disease	American histoplasmosis	histoplasmosis
GARD:0023064	pituitary cancer	pituitary neoplasm	pituitary
GARD:0023064	pituitary cancer	pituitary neoplasm	neoplasm
GARD:0023065	pancreas lymphoma	pancreatic lymphoma	pancreatic
GARD:0023065	pancreas lymphoma	pancreatic lymphoma	lymphoma
GARD:0023066	pancreas sarcoma	pancreatic sarcoma	pancreatic
GARD:0023066	pancreas sarcoma	pancreatic sarcoma	sarcoma
GARD:0023067	neuroendocrine carcinoma	neuroendocrine cancer	cancer
GARD:0023070	bone cancer	bone neoplasm	bone
GARD:0023070	bone cancer	bone neoplasm	neoplasm
GARD:0023070	bone cancer	bone tumor	bone
GARD:0023070	bone cancer	bone tumor	tumor
GARD:0023070	bone cancer	osseous tumor	osseous
GARD:0023070	bone cancer	osseous tumor	tumor
GARD:0023070	bone cancer	bone tumour	bone
GARD:0023070	bone cancer	osseous cancer	osseous
GARD:0023070	bone cancer	osseous cancer	cancer
GARD:0023070	bone cancer	osseous tumour	osseous
GARD:0023072	jaw cancer	jaw neoplasm	jaw
GARD:0023072	jaw cancer	jaw neoplasm	neoplasm
GARD:0023074	vagina sarcoma	vaginal sarcoma	vaginal
GARD:0023074	vagina sarcoma	vaginal sarcoma	sarcoma
GARD:0023082	rectum lymphoma	rectal lymphoma	rectal
GARD:0023082	rectum lymphoma	rectal lymphoma	lymphoma
GARD:0023085	pneumonic tularemia	pulmonary tularemia	pulmonary
GARD:0023085	pneumonic tularemia	pulmonary tularemia	tularemia
GARD:0023085	pneumonic tularemia	bronchopneumonic tularemia	bronchopneumonic
GARD:0023085	pneumonic tularemia	bronchopneumonic tularemia	tularemia
GARD:0023085	pneumonic tularemia	pneumonic tularaemia	pneumonic
GARD:0023086	brain germinoma	intracranial germinoma	intracranial
GARD:0023091	ovarian sarcoma	ovary sarcoma	ovary
GARD:0023091	ovarian sarcoma	ovary sarcoma	sarcoma
GARD:0023093	ovarian lymphoma	ovary lymphoma	ovary
GARD:0023093	ovarian lymphoma	ovary lymphoma	lymphoma
GARD:0023098	factor VII deficiency	factor 7 deficiency	factor
GARD:0023098	factor VII deficiency	factor 7 deficiency	deficiency
GARD:0023098	factor VII deficiency	deficiency, stable	deficiency
GARD:0023098	factor VII deficiency	deficiency, stable	stable
GARD:0023102	capillary lymphangioma	cutaneous lymphangioma	cutaneous
GARD:0023102	capillary lymphangioma	cutaneous lymphangioma	lymphangioma
GARD:0023108	cutaneous ganglioneuroma	skin ganglioneuroma	skin
GARD:0023108	cutaneous ganglioneuroma	skin ganglioneuroma	ganglioneuroma
GARD:0023110	cutaneous glomangioma	skin glomangioma	skin
GARD:0023112	dermis tumor	dermal neoplasm	dermal
GARD:0023112	dermis tumor	dermal neoplasm	neoplasm
GARD:0023112	dermis tumor	dermal tumor	dermal
GARD:0023112	dermis tumor	dermal tumor	tumor
GARD:0023112	dermis tumor	dermis neoplasm	dermis
GARD:0023112	dermis tumor	dermis neoplasm	neoplasm
GARD:0023112	dermis tumor	dermal tumour	dermal
GARD:0023114	thrombophilia	hypercoagulability state	hypercoagulability
GARD:0023114	thrombophilia	hypercoagulability state	state
GARD:0023114	thrombophilia	hypercoagulability	hypercoagulability
GARD:0023114	thrombophilia	hypercoagulable	hypercoagulable
GARD:0023116	sensory peripheral neuropathy	sensory neuropathy	sensory
GARD:0023116	sensory peripheral neuropathy	sensory neuropathy	neuropathy
GARD:0023117	intracranial cavernous angioma	intracranial cavernoma	intracranial
GARD:0023117	intracranial cavernous angioma	intracranial cavernoma	cavernoma
GARD:0023120	hematopoietic and lymphoid system neoplasm	haematopoietic cancer	cancer
GARD:0023120	hematopoietic and lymphoid system neoplasm	blood tumor	blood
GARD:0023120	hematopoietic and lymphoid system neoplasm	blood tumor	tumor
GARD:0023120	hematopoietic and lymphoid system neoplasm	hematologic malignancy	malignancy
GARD:0023120	hematopoietic and lymphoid system neoplasm	hematologic neoplasm	neoplasm
GARD:0023120	hematopoietic and lymphoid system neoplasm	hematological tumors	hematological
GARD:0023120	hematopoietic and lymphoid system neoplasm	hematopoietic cancer	hematopoietic
GARD:0023120	hematopoietic and lymphoid system neoplasm	hematopoietic cancer	cancer
GARD:0023120	hematopoietic and lymphoid system neoplasm	hematopoietic neoplasm	hematopoietic
GARD:0023120	hematopoietic and lymphoid system neoplasm	hematopoietic neoplasm	neoplasm
GARD:0023120	hematopoietic and lymphoid system neoplasm	hematologic cancer	cancer
GARD:0023120	hematopoietic and lymphoid system neoplasm	hematopoietic tumors	hematopoietic
GARD:0023120	hematopoietic and lymphoid system neoplasm	blood cancer	blood
GARD:0023120	hematopoietic and lymphoid system neoplasm	blood cancer	cancer
GARD:0023120	hematopoietic and lymphoid system neoplasm	blood tumour	blood
GARD:0023120	hematopoietic and lymphoid system neoplasm	haematopoietic neoplasm	neoplasm
GARD:0023122	granulomatous angiitis	Granulomatous arteritis	granulomatous
GARD:0023122	granulomatous angiitis	Granulomatous arteritis	arteritis
GARD:0023123	splenic hemangioma	spleen hemangioma	spleen
GARD:0023123	splenic hemangioma	spleen hemangioma	hemangioma
GARD:0023123	splenic hemangioma	splenic angioma	splenic
GARD:0023123	splenic hemangioma	splenic angioma	angioma
GARD:0023123	splenic hemangioma	spleen angioma	spleen
GARD:0023123	splenic hemangioma	spleen angioma	angioma
GARD:0023124	periosteal chondroma	juxtacortical chondroma	chondroma
GARD:0023126	spleen angiosarcoma	splenic angiosarcoma	splenic
GARD:0023126	spleen angiosarcoma	splenic angiosarcoma	angiosarcoma
GARD:0023126	spleen angiosarcoma	splenic hemangiosarcoma	splenic
GARD:0023126	spleen angiosarcoma	splenic hemangiosarcoma	hemangiosarcoma
GARD:0023127	dermoid cyst	dermoid tumor	dermoid
GARD:0023127	dermoid cyst	dermoid tumor	tumor
GARD:0023127	dermoid cyst	dermoid	dermoid
GARD:0023127	dermoid cyst	dermoid tumour	dermoid
GARD:0023127	dermoid cyst	dermoid choristoma	dermoid
GARD:0023127	dermoid cyst	dermoid choristoma	choristoma
GARD:0023127	dermoid cyst	teratoma, benign	teratoma
GARD:0023127	dermoid cyst	teratoma, benign	benign
GARD:0023129	Pacinian tumor	Pacinian neurofibroma	pacinian
GARD:0023129	Pacinian tumor	Pacinian neurofibroma	neurofibroma
GARD:0023130	liver sarcoma	hepatic sarcoma	hepatic
GARD:0023130	liver sarcoma	hepatic sarcoma	sarcoma
GARD:0023135	lung sarcoma	pulmonary sarcoma	pulmonary
GARD:0023135	lung sarcoma	pulmonary sarcoma	sarcoma
GARD:0023138	erythropoietin polycythemia	nephrogenous polycythemia	nephrogenous
GARD:0023138	erythropoietin polycythemia	nephrogenous polycythemia	polycythemia
GARD:0023138	erythropoietin polycythemia	polycythemia, nephrogenous	polycythemia
GARD:0023138	erythropoietin polycythemia	polycythemia, nephrogenous	nephrogenous
GARD:0023139	laryngeal sarcoma	larynx sarcoma	larynx
GARD:0023139	laryngeal sarcoma	larynx sarcoma	sarcoma
GARD:0023141	membranoproliferative glomerulonephritis	lobular glomerulonephritis	lobular
GARD:0023141	membranoproliferative glomerulonephritis	lobular glomerulonephritis	glomerulonephritis
GARD:0023143	photosensitive trichothiodystrophy	Tay syndrome	tay
GARD:0023143	photosensitive trichothiodystrophy	Tay syndrome	syndrome
GARD:0023151	adult astrocytic tumor	adult astrocytoma	adult
GARD:0023151	adult astrocytic tumor	adult astrocytoma	astrocytoma
GARD:0023151	adult astrocytic tumor	astrocytic tumor	tumor
GARD:0023152	childhood astrocytic tumor	pediatric astrocytoma	pediatric
GARD:0023152	childhood astrocytic tumor	pediatric astrocytoma	astrocytoma
GARD:0023152	childhood astrocytic tumor	astrocytic tumor	tumor
GARD:0023152	childhood astrocytic tumor	juvenile astrocytoma	juvenile
GARD:0023152	childhood astrocytic tumor	juvenile astrocytoma	astrocytoma
GARD:0023152	childhood astrocytic tumor	paediatric astrocytoma	astrocytoma
GARD:0023156	childhood oligodendroglioma	paediatric oligodendroglioma	oligodendroglioma
GARD:0023156	childhood oligodendroglioma	oligodendroglioma	oligodendroglioma
GARD:0023156	childhood oligodendroglioma	pediatric oligodendroglioma	pediatric
GARD:0023156	childhood oligodendroglioma	pediatric oligodendroglioma	oligodendroglioma
GARD:0023159	adult oligodendroglioma	oligodendroglioma	oligodendroglioma
GARD:0023162	cellular schwannoma	cellular neurilemmoma	cellular
GARD:0023162	cellular schwannoma	cellular neurinoma	cellular
GARD:0023162	cellular schwannoma	cellular neurinoma	neurinoma
GARD:0023163	schwannoma of twelfth cranial nerve	hypoglossal neurilemmoma	hypoglossal
GARD:0023163	schwannoma of twelfth cranial nerve	hypoglossal schwannoma	hypoglossal
GARD:0023164	sympathetic neurilemmoma	sympathetic schwannoma	sympathetic
GARD:0023165	trigeminal schwannoma	trigeminal neurilemmoma	trigeminal
GARD:0023167	melanotic neurilemmoma	melanotic schwannoma	melanotic
GARD:0023167	melanotic neurilemmoma	melanotic neurinoma	melanotic
GARD:0023167	melanotic neurilemmoma	melanotic neurinoma	neurinoma
GARD:0023168	plexiform schwannoma	plexiform neurilemmoma	plexiform
GARD:0023168	plexiform schwannoma	plexiform neurinoma	plexiform
GARD:0023168	plexiform schwannoma	plexiform neurinoma	neurinoma
GARD:0023177	thymus cancer	thymic neoplasm	thymic
GARD:0023177	thymus cancer	thymic neoplasm	neoplasm
GARD:0023177	thymus cancer	thymic tumor	thymic
GARD:0023177	thymus cancer	thymic tumor	tumor
GARD:0023177	thymus cancer	thymic tumour	thymic
GARD:0023180	invasive malignant thymoma	infiltrating thymoma	thymoma
GARD:0023181	notochordal tumor	notochord tumour	notochord
GARD:0023181	notochordal tumor	notochordal cancer	notochordal
GARD:0023181	notochordal tumor	notochordal cancer	cancer
GARD:0023181	notochordal tumor	notochord cancer	notochord
GARD:0023181	notochordal tumor	notochord cancer	cancer
GARD:0023181	notochordal tumor	notochord neoplasm	notochord
GARD:0023181	notochordal tumor	notochord neoplasm	neoplasm
GARD:0023181	notochordal tumor	notochordal neoplasm	notochordal
GARD:0023181	notochordal tumor	notochordal neoplasm	neoplasm
GARD:0023181	notochordal tumor	notochord tumor	notochord
GARD:0023181	notochordal tumor	notochord tumor	tumor
GARD:0023182	germinoma	germinoma (disease)	disease
GARD:0023185	hepatic angiomyolipoma	liver PEComa	liver
GARD:0023185	hepatic angiomyolipoma	liver angiomyolipoma	liver
GARD:0023188	xanthomatosis	xanthomatosis (disease)	xanthomatosis
GARD:0023188	xanthomatosis	xanthomatosis (disease)	disease
GARD:0023189	bone angiosarcoma	osseous hemangiosarcoma	osseous
GARD:0023189	bone angiosarcoma	osseous hemangiosarcoma	hemangiosarcoma
GARD:0023189	bone angiosarcoma	osseous angiosarcoma	osseous
GARD:0023189	bone angiosarcoma	osseous angiosarcoma	angiosarcoma
GARD:0023189	bone angiosarcoma	bone hemangiosarcoma	bone
GARD:0023189	bone angiosarcoma	bone hemangiosarcoma	hemangiosarcoma
GARD:0023192	extraosseous osteosarcoma	extraskeletal osteosarcoma	osteosarcoma
GARD:0023196	peripheral osteosarcoma	surface osteosarcoma	surface
GARD:0023196	peripheral osteosarcoma	surface osteosarcoma	osteosarcoma
GARD:0023198	conventional osteosarcoma	intracortical osteosarcoma	intracortical
GARD:0023198	conventional osteosarcoma	intracortical osteosarcoma	osteosarcoma
GARD:0023198	conventional osteosarcoma	central osteosarcoma	central
GARD:0023198	conventional osteosarcoma	central osteosarcoma	osteosarcoma
GARD:0023198	conventional osteosarcoma	medullary osteosarcoma	medullary
GARD:0023198	conventional osteosarcoma	medullary osteosarcoma	osteosarcoma
GARD:0023199	metachronous osteosarcoma of the bone	metachronous osteosarcoma	osteosarcoma
GARD:0023200	liposarcoma of bone	bone liposarcoma	bone
GARD:0023200	liposarcoma of bone	bone liposarcoma	liposarcoma
GARD:0023202	idiopathic granulomatous myositis	granulomatous myositis	granulomatous
GARD:0023202	idiopathic granulomatous myositis	granulomatous myositis	myositis
GARD:0023208	ampulla of vater adenocarcinoma	ampullary adenocarcinoma	ampullary
GARD:0023208	ampulla of vater adenocarcinoma	ampullary adenocarcinoma	adenocarcinoma
GARD:0023209	adult fibrosarcoma	fibrosarcoma	fibrosarcoma
GARD:0023210	conventional fibrosarcoma	classical fibrosarcoma	classical
GARD:0023210	conventional fibrosarcoma	classical fibrosarcoma	fibrosarcoma
GARD:0023210	conventional fibrosarcoma	classic fibrosarcoma	classic
GARD:0023210	conventional fibrosarcoma	classic fibrosarcoma	fibrosarcoma
GARD:0023211	pediatric fibrosarcoma	childhood fibrosarcoma	childhood
GARD:0023211	pediatric fibrosarcoma	childhood fibrosarcoma	fibrosarcoma
GARD:0023211	pediatric fibrosarcoma	fibrosarcoma	fibrosarcoma
GARD:0023215	testicular gonadoblastoma	testis gonadoblastoma	testis
GARD:0023217	ovarian cystadenocarcinoma	ovary cystadenocarcinoma	ovary
GARD:0023219	retinitis	retina inflammation	retina
GARD:0023219	retinitis	retina inflammation	inflammation
GARD:0023221	sella turcica neoplasm	selt	selt
GARD:0023221	sella turcica neoplasm	sellar tumour	sellar
GARD:0023221	sella turcica neoplasm	sellar neoplasm	sellar
GARD:0023221	sella turcica neoplasm	sellar neoplasm	neoplasm
GARD:0023221	sella turcica neoplasm	sellar tumor	sellar
GARD:0023221	sella turcica neoplasm	sellar tumor	tumor
GARD:0023233	extramedullary plasmacytoma	plasmacytoma, extramedullary	extramedullary
GARD:0023240	true hermaphroditism	hermaphroditism	hermaphroditism
GARD:0023240	true hermaphroditism	ovotestis	ovotestis
GARD:0023244	skull base neoplasm	basicranium neoplasm	neoplasm
GARD:0023244	skull base neoplasm	basicranium tumor	tumor
GARD:0023246	papillary craniopharyngioma	craniopharyngioma, papillary	papillary
GARD:0023248	cerebellar vermis medulloblastoma	vermis medulloblastoma	vermis
GARD:0023250	melanotic medulloblastoma	medulloblastoma, melanotic	melanotic
GARD:0023253	acute myocarditis	myocarditis, acute	myocarditis
GARD:0023253	acute myocarditis	myocarditis, acute	acute
GARD:0023255	extrinsic cardiomyopathy	secondary cardiomyopathy	secondary
GARD:0023258	non-keratinizing sinonasal squamous cell carcinoma	Schneiderian carcinoma	schneiderian
GARD:0023258	non-keratinizing sinonasal squamous cell carcinoma	Schneiderian carcinoma	carcinoma
GARD:0023258	non-keratinizing sinonasal squamous cell carcinoma	Ringertz carcinoma	carcinoma
GARD:0023267	liver rhabdomyosarcoma	hepatic rhabdomyosarcoma	hepatic
GARD:0023267	liver rhabdomyosarcoma	hepatic rhabdomyosarcoma	rhabdomyosarcoma
GARD:0023269	mediastinum rhabdomyosarcoma	mediastinal rhabdomyosarcoma	mediastinal
GARD:0023269	mediastinum rhabdomyosarcoma	mediastinal rhabdomyosarcoma	rhabdomyosarcoma
GARD:0023270	mediastinum sarcoma	mediastinal sarcoma	mediastinal
GARD:0023270	mediastinum sarcoma	mediastinal sarcoma	sarcoma
GARD:0023271	rectum rhabdomyosarcoma	rectal rhabdomyosarcoma	rectal
GARD:0023271	rectum rhabdomyosarcoma	rectal rhabdomyosarcoma	rhabdomyosarcoma
GARD:0023275	ovary rhabdomyosarcoma	ovarian rhabdomyosarcoma	ovarian
GARD:0023275	ovary rhabdomyosarcoma	ovarian rhabdomyosarcoma	rhabdomyosarcoma
GARD:0023277	testis rhabdomyosarcoma	testicular rhabdomyosarcoma	testicular
GARD:0023277	testis rhabdomyosarcoma	testicular rhabdomyosarcoma	rhabdomyosarcoma
GARD:0023278	testis sarcoma	testicular sarcoma	testicular
GARD:0023278	testis sarcoma	testicular sarcoma	sarcoma
GARD:0023281	anus rhabdomyosarcoma	anal rhabdomyosarcoma	anal
GARD:0023281	anus rhabdomyosarcoma	anal rhabdomyosarcoma	rhabdomyosarcoma
GARD:0023282	anus sarcoma	anal sarcoma	anal
GARD:0023282	anus sarcoma	anal sarcoma	sarcoma
GARD:0023286	ovarian adenosarcoma	ovary adenosarcoma	ovary
GARD:0023286	ovarian adenosarcoma	ovary adenosarcoma	adenosarcoma
GARD:0023289	orbital cancer	orbital tumor	orbital
GARD:0023289	orbital cancer	orbital tumor	tumor
GARD:0023289	orbital cancer	orbital tumour	orbital
GARD:0023289	orbital cancer	orbit cancer	orbit
GARD:0023289	orbital cancer	orbit cancer	cancer
GARD:0023291	spinal chordoma	spinal Chordomas	spinal
GARD:0023294	cerebral neuroblastoma	telencephalon neuroblastoma	telencephalon
GARD:0023294	cerebral neuroblastoma	telencephalon neuroblastoma	neuroblastoma
GARD:0023297	brain stem glioma	brainstem glioma	glioma
GARD:0023302	congenital structural myopathy	centronuclear myopathy	myopathy
GARD:0023304	clear cell sarcoma	chordoid sarcoma	chordoid
GARD:0023304	clear cell sarcoma	chordoid sarcoma	sarcoma
GARD:0023305	kidney sarcoma	renal sarcoma	renal
GARD:0023305	kidney sarcoma	renal sarcoma	sarcoma
GARD:0023320	central nervous system germinoma	intracranial germinoma	intracranial
GARD:0023322	seminoma	seminoma, malignant	seminoma
GARD:0023322	seminoma	seminoma, malignant	malignant
GARD:0023322	seminoma	seminoma, pure	seminoma
GARD:0023322	seminoma	seminoma, pure	pure
GARD:0023323	dysgerminoma	dysgerminoma (disease)	disease
GARD:0023323	dysgerminoma	dysgerminoma, malignant	malignant
GARD:0023330	pediatric angiosarcoma	childhood angiosarcoma	childhood
GARD:0023330	pediatric angiosarcoma	childhood angiosarcoma	angiosarcoma
GARD:0023330	pediatric angiosarcoma	childhood hemangiosarcoma	childhood
GARD:0023330	pediatric angiosarcoma	childhood hemangiosarcoma	hemangiosarcoma
GARD:0023330	pediatric angiosarcoma	pediatric hemangiosarcoma	pediatric
GARD:0023330	pediatric angiosarcoma	pediatric hemangiosarcoma	hemangiosarcoma
GARD:0023330	pediatric angiosarcoma	angiosarcoma	angiosarcoma
GARD:0023330	pediatric angiosarcoma	paediatric hemangiosarcoma	hemangiosarcoma
GARD:0023331	aorta angiosarcoma	aortic hemangiosarcoma	aortic
GARD:0023331	aorta angiosarcoma	aortic hemangiosarcoma	hemangiosarcoma
GARD:0023331	aorta angiosarcoma	aortic angiosarcoma	aortic
GARD:0023331	aorta angiosarcoma	aortic angiosarcoma	angiosarcoma
GARD:0023333	gallbladder angiosarcoma	gallbladder hemangiosarcoma	hemangiosarcoma
GARD:0023334	thyroid gland angiosarcoma	thyroid angiosarcoma	thyroid
GARD:0023334	thyroid gland angiosarcoma	thyroid angiosarcoma	angiosarcoma
GARD:0023334	thyroid gland angiosarcoma	thyroid hemangiosarcoma	thyroid
GARD:0023334	thyroid gland angiosarcoma	thyroid hemangiosarcoma	hemangiosarcoma
GARD:0023336	skin angiosarcoma	skin hemangiosarcoma	skin
GARD:0023336	skin angiosarcoma	skin hemangiosarcoma	hemangiosarcoma
GARD:0023339	prostate angiosarcoma	prostate hemangiosarcoma	prostate
GARD:0023339	prostate angiosarcoma	prostate hemangiosarcoma	hemangiosarcoma
GARD:0023339	prostate angiosarcoma	prostatic angiosarcoma	prostatic
GARD:0023339	prostate angiosarcoma	prostatic angiosarcoma	angiosarcoma
GARD:0023339	prostate angiosarcoma	prostatic hemangiosarcoma	prostatic
GARD:0023339	prostate angiosarcoma	prostatic hemangiosarcoma	hemangiosarcoma
GARD:0023340	mediastinum angiosarcoma	mediastinal angiosarcoma	mediastinal
GARD:0023340	mediastinum angiosarcoma	mediastinal angiosarcoma	angiosarcoma
GARD:0023340	mediastinum angiosarcoma	mediastinal hemangiosarcoma	mediastinal
GARD:0023340	mediastinum angiosarcoma	mediastinal hemangiosarcoma	hemangiosarcoma
GARD:0023341	ovarian angiosarcoma	ovarian hemangiosarcoma	ovarian
GARD:0023341	ovarian angiosarcoma	ovarian hemangiosarcoma	hemangiosarcoma
GARD:0023342	pediatric mesenchymal chondrosarcoma	mesenchymal chondrosarcoma	mesenchymal
GARD:0023342	pediatric mesenchymal chondrosarcoma	mesenchymal chondrosarcoma	chondrosarcoma
GARD:0023347	benign meningioma	meningioma, benign	benign
GARD:0023350	pediatric meningioma	childhood meningioma	childhood
GARD:0023357	extraocular retinoblastoma	metastatic retinoblastoma	metastatic
GARD:0023357	extraocular retinoblastoma	metastatic retinoblastoma	retinoblastoma
GARD:0023388	cavernous hemangioma	cavernous haemangioma	cavernous
GARD:0023388	cavernous hemangioma	cavernoma	cavernoma
GARD:0023388	cavernous hemangioma	cavernous angioma	cavernous
GARD:0023388	cavernous hemangioma	cavernous angioma	angioma
GARD:0023389	vascular hemostatic disease	hemostatic disorder	hemostatic
GARD:0023389	vascular hemostatic disease	hemostatic disorder	disorder
GARD:0023391	cerebellar astrocytoma	astrocytoma, cerebellar	astrocytoma
GARD:0023391	cerebellar astrocytoma	astrocytoma, cerebellar	cerebellar
GARD:0023391	cerebellar astrocytoma	cerebellum astrocytoma	cerebellum
GARD:0023391	cerebellar astrocytoma	cerebellum astrocytoma	astrocytoma
GARD:0023393	diencephalic astrocytomas	diencephalic astrocytoma	diencephalic
GARD:0023393	diencephalic astrocytomas	diencephalic astrocytoma	astrocytoma
GARD:0023393	diencephalic astrocytomas	diencephalon astrocytoma	diencephalon
GARD:0023393	diencephalic astrocytomas	diencephalon astrocytoma	astrocytoma
GARD:0023395	pineal gland astrocytoma	pineal astrocytoma	pineal
GARD:0023395	pineal gland astrocytoma	pineal astrocytoma	astrocytoma
GARD:0023396	brain stem astrocytic neoplasm	brainstem astrocytoma	astrocytoma
GARD:0023397	spinal cord astrocytoma	spinal astrocytoma	spinal
GARD:0023397	spinal cord astrocytoma	spinal astrocytoma	astrocytoma
GARD:0023407	appendix carcinoma	Ca appendix	ca
GARD:0023407	appendix carcinoma	Ca appendix	appendix
GARD:0023407	appendix carcinoma	appendix cancer	appendix
GARD:0023407	appendix carcinoma	appendix cancer	cancer
GARD:0023409	pituitary gland basophilic carcinoma	basophil adenocarcinoma	adenocarcinoma
GARD:0023409	pituitary gland basophilic carcinoma	basophil carcinoma	carcinoma
GARD:0023409	pituitary gland basophilic carcinoma	basophilic carcinoma	basophilic
GARD:0023409	pituitary gland basophilic carcinoma	basophilic carcinoma	carcinoma
GARD:0023411	thymus gland adenocarcinoma	thymus adenocarcinoma	thymus
GARD:0023411	thymus gland adenocarcinoma	thymus adenocarcinoma	adenocarcinoma
GARD:0023411	thymus gland adenocarcinoma	thymic adenocarcinoma	thymic
GARD:0023411	thymus gland adenocarcinoma	thymic adenocarcinoma	adenocarcinoma
GARD:0023412	gallbladder carcinoma	carcinoma gallbladder	carcinoma
GARD:0023412	gallbladder carcinoma	gallbladder cancer	cancer
GARD:0023413	meninges hemangiopericytoma	meningeal hemangiopericytoma	meningeal
GARD:0023415	acute nonparalytic poliomyelitis	nonparalytic poliomyelitis	nonparalytic
GARD:0023415	acute nonparalytic poliomyelitis	nonparalytic poliomyelitis	poliomyelitis
GARD:0023423	granular cell cancer	myoblastoma, malignant	malignant
GARD:0023428	posterior pituitary gland neoplasm	neurohypophysis neoplasm	neurohypophysis
GARD:0023428	posterior pituitary gland neoplasm	neurohypophysis neoplasm	neoplasm
GARD:0023428	posterior pituitary gland neoplasm	neurohypophysis tumor	neurohypophysis
GARD:0023428	posterior pituitary gland neoplasm	neurohypophysis tumor	tumor
GARD:0023428	posterior pituitary gland neoplasm	neurohypophysis tumour	neurohypophysis
GARD:0023430	rhabdoid meningioma	papillary meningioma	papillary
GARD:0023430	rhabdoid meningioma	meningioma, rhabdoid	rhabdoid
GARD:0023431	mixed glioma	mixed gliomas	mixed
GARD:0023431	mixed glioma	glioma, mixed	glioma
GARD:0023431	mixed glioma	glioma, mixed	mixed
GARD:0023432	sternum cancer	sternal tumour	sternal
GARD:0023435	leiomyoma cutis	cutaneous leiomyoma	cutaneous
GARD:0023435	leiomyoma cutis	cutaneous leiomyoma	leiomyoma
GARD:0023435	leiomyoma cutis	skin leiomyoma	skin
GARD:0023435	leiomyoma cutis	skin leiomyoma	leiomyoma
GARD:0023436	dartoic leiomyoma	dartoic myoma	dartoic
GARD:0023436	dartoic leiomyoma	dartoic myoma	myoma
GARD:0023438	neurofibroma of gallbladder	gallbladder neurofibroma	neurofibroma
GARD:0023447	hereditary Wilms tumor	hereditary nephroblastoma	hereditary
GARD:0023449	nodular ganglioneuroblastoma	ganglioneuroblastoma, nodular	nodular
GARD:0023453	ovarian monodermal teratoma	monodermal teratoma	teratoma
GARD:0023457	chronic polyneuropathy	polyneuropathy, chronic	polyneuropathy
GARD:0023457	chronic polyneuropathy	polyneuropathy, chronic	chronic
GARD:0023464	conventional leiomyosarcoma	classic leiomyosarcoma	classic
GARD:0023464	conventional leiomyosarcoma	classic leiomyosarcoma	leiomyosarcoma
GARD:0023467	colon leiomyosarcoma	colonic leiomyosarcoma	colonic
GARD:0023467	colon leiomyosarcoma	colonic leiomyosarcoma	leiomyosarcoma
GARD:0023468	heart leiomyosarcoma	Cardiac leiomyosarcoma	cardiac
GARD:0023468	heart leiomyosarcoma	Cardiac leiomyosarcoma	leiomyosarcoma
GARD:0023469	heart sarcoma	cardiac sarcoma	cardiac
GARD:0023469	heart sarcoma	cardiac sarcoma	sarcoma
GARD:0023470	ovary leiomyosarcoma	ovarian leiomyosarcoma	ovarian
GARD:0023470	ovary leiomyosarcoma	ovarian leiomyosarcoma	leiomyosarcoma
GARD:0023472	lung leiomyosarcoma	pulmonary leiomyosarcoma	pulmonary
GARD:0023472	lung leiomyosarcoma	pulmonary leiomyosarcoma	leiomyosarcoma
GARD:0023473	anus leiomyosarcoma	anal leiomyosarcoma	anal
GARD:0023473	anus leiomyosarcoma	anal leiomyosarcoma	leiomyosarcoma
GARD:0023476	cutaneous leiomyosarcoma	skin leiomyosarcoma	skin
GARD:0023476	cutaneous leiomyosarcoma	skin leiomyosarcoma	leiomyosarcoma
GARD:0023477	malignant dermis tumor	dermis cancer	dermis
GARD:0023477	malignant dermis tumor	dermis cancer	cancer
GARD:0023479	esophagus leiomyosarcoma	esophageal leiomyosarcoma	esophageal
GARD:0023479	esophagus leiomyosarcoma	esophageal leiomyosarcoma	leiomyosarcoma
GARD:0023480	gastric leiomyosarcoma	stomach leiomyosarcoma	stomach
GARD:0023480	gastric leiomyosarcoma	stomach leiomyosarcoma	leiomyosarcoma
GARD:0023482	vagina leiomyosarcoma	vaginal leiomyosarcoma	vaginal
GARD:0023482	vagina leiomyosarcoma	vaginal leiomyosarcoma	leiomyosarcoma
GARD:0023486	kidney leiomyosarcoma	renal leiomyosarcoma	renal
GARD:0023486	kidney leiomyosarcoma	renal leiomyosarcoma	leiomyosarcoma
GARD:0023487	laryngeal leiomyosarcoma	larynx leiomyosarcoma	larynx
GARD:0023487	laryngeal leiomyosarcoma	larynx leiomyosarcoma	leiomyosarcoma
GARD:0023488	mediastinum leiomyosarcoma	mediastinal leiomyosarcoma	mediastinal
GARD:0023488	mediastinum leiomyosarcoma	mediastinal leiomyosarcoma	leiomyosarcoma
GARD:0023490	liver leiomyosarcoma	hepatic leiomyosarcoma	hepatic
GARD:0023490	liver leiomyosarcoma	hepatic leiomyosarcoma	leiomyosarcoma
GARD:0023491	rectum leiomyosarcoma	rectal leiomyosarcoma	rectal
GARD:0023491	rectum leiomyosarcoma	rectal leiomyosarcoma	leiomyosarcoma
GARD:0023497	thymus gland disorder	thymus disease	thymus
GARD:0023497	thymus gland disorder	thymus disease	disease
GARD:0023497	thymus gland disorder	thymus disorder	thymus
GARD:0023497	thymus gland disorder	thymus disorder	disorder
GARD:0023508	prolactin producing pituitary tumor	malignant prolactinoma	malignant
GARD:0023522	brain stem ependymoma	brainstem ependymoma	ependymoma
GARD:0023523	childhood ependymoma	paediatric ependymoma	ependymoma
GARD:0023523	childhood ependymoma	ependymoma	ependymoma
GARD:0023523	childhood ependymoma	pediatric ependymoma	pediatric
GARD:0023523	childhood ependymoma	pediatric ependymoma	ependymoma
GARD:0023524	pineal region dysgerminoma	pineal dysgerminoma	pineal
GARD:0023525	dysgerminoma of ovary	ovarian dysgerminoma	ovarian
GARD:0023534	femoral cancer	femur cancer	femur
GARD:0023534	femoral cancer	femur cancer	cancer
GARD:0023534	femoral cancer	femoral neoplasm	femoral
GARD:0023534	femoral cancer	femoral neoplasm	neoplasm
GARD:0023536	choriocarcinoma of ovary	ovarian choriocarcinoma	ovarian
GARD:0023536	choriocarcinoma of ovary	ovarian choriocarcinoma	choriocarcinoma
GARD:0023537	choriocarcinoma of testis	choriocarcinoma	choriocarcinoma
GARD:0023537	choriocarcinoma of testis	testicular choriocarcinoma	testicular
GARD:0023537	choriocarcinoma of testis	testicular choriocarcinoma	choriocarcinoma
GARD:0023538	pineal region choriocarcinoma	pineal choriocarcinoma	pineal
GARD:0023538	pineal region choriocarcinoma	pineal choriocarcinoma	choriocarcinoma
GARD:0023539	malignant testicular germ cell tumor	testicular cancer	testicular
GARD:0023539	malignant testicular germ cell tumor	testicular cancer	cancer
GARD:0023540	gastric teratoma	stomach teratoma	stomach
GARD:0023540	gastric teratoma	stomach teratoma	teratoma
GARD:0023541	malignant teratoma	teratoma, malignant	teratoma
GARD:0023541	malignant teratoma	teratoma, malignant	malignant
GARD:0023543	adult teratoma	teratoma	teratoma
GARD:0023546	gastrin-producing neuroendocrine tumor	malignant gastrinoma	malignant
GARD:0023547	gastric gastrin-producing neuroendocrine tumor	gastric gastrinoma	gastric
GARD:0023564	malignant giant cell tumor of soft parts	malignant Osteoclastoma	malignant
GARD:0023568	ovarian embryonal carcinoma	embryonal carcinoma	embryonal
GARD:0023568	ovarian embryonal carcinoma	embryonal carcinoma	carcinoma
GARD:0023569	adult liposarcoma	liposarcoma	liposarcoma
GARD:0023570	esophagus liposarcoma	esophageal liposarcoma	esophageal
GARD:0023570	esophagus liposarcoma	esophageal liposarcoma	liposarcoma
GARD:0023571	pediatric liposarcoma	childhood liposarcoma	childhood
GARD:0023571	pediatric liposarcoma	childhood liposarcoma	liposarcoma
GARD:0023571	pediatric liposarcoma	liposarcoma	liposarcoma
GARD:0023572	larynx liposarcoma	laryngeal liposarcoma	laryngeal
GARD:0023572	larynx liposarcoma	laryngeal liposarcoma	liposarcoma
GARD:0023573	liposarcoma of the ovary	ovary liposarcoma	ovary
GARD:0023573	liposarcoma of the ovary	ovary liposarcoma	liposarcoma
GARD:0023573	liposarcoma of the ovary	ovarian liposarcoma	ovarian
GARD:0023573	liposarcoma of the ovary	ovarian liposarcoma	liposarcoma
GARD:0023575	kidney liposarcoma	renal liposarcoma	renal
GARD:0023575	kidney liposarcoma	renal liposarcoma	liposarcoma
GARD:0023576	gastric liposarcoma	stomach liposarcoma	stomach
GARD:0023576	gastric liposarcoma	stomach liposarcoma	liposarcoma
GARD:0023581	median nerve neuropathy	median neuropathy	median
GARD:0023581	median nerve neuropathy	median neuropathy	neuropathy
GARD:0023583	cutaneous liposarcoma	skin liposarcoma	skin
GARD:0023583	cutaneous liposarcoma	skin liposarcoma	liposarcoma
GARD:0023584	mediastinum liposarcoma	mediastinal liposarcoma	mediastinal
GARD:0023584	mediastinum liposarcoma	mediastinal liposarcoma	liposarcoma
GARD:0023588	neuritis of upper limb	forelimb neuritis	forelimb
GARD:0023588	neuritis of upper limb	forelimb neuritis	neuritis
GARD:0023589	nerve compression syndrome	entrapment neuropathy	entrapment
GARD:0023589	nerve compression syndrome	entrapment neuropathy	neuropathy
GARD:0023589	nerve compression syndrome	compression neuropathy	compression
GARD:0023589	nerve compression syndrome	compression neuropathy	neuropathy
GARD:0023595	clear cell-sugar-tumor of the lung	Sugar tumour	sugar
GARD:0023595	clear cell-sugar-tumor of the lung	Sugar tumor	sugar
GARD:0023595	clear cell-sugar-tumor of the lung	Sugar tumor	tumor
GARD:0023596	lung meningioma	pulmonary meningioma	pulmonary
GARD:0023606	pediatric lymphoma	lymphoma	lymphoma
GARD:0023606	pediatric lymphoma	childhood lymphoma	childhood
GARD:0023606	pediatric lymphoma	childhood lymphoma	lymphoma
GARD:0023607	adult lymphoma	lymphoma	lymphoma
GARD:0023610	hemolytic anemia	anemia, hemolytic	anemia
GARD:0023610	hemolytic anemia	anemia, hemolytic	hemolytic
GARD:0023610	hemolytic anemia	anaemia hemolytic	anaemia
GARD:0023610	hemolytic anemia	anaemia hemolytic	hemolytic
GARD:0023610	hemolytic anemia	anemia hemolytic	anemia
GARD:0023610	hemolytic anemia	anemia hemolytic	hemolytic
GARD:0023614	periosteal chondrosarcoma	juxtacortical chondrosarcoma	chondrosarcoma
GARD:0023616	localized chondrosarcoma	chondrosarcoma, localized	chondrosarcoma
GARD:0023616	localized chondrosarcoma	chondrosarcoma, localised	chondrosarcoma
GARD:0023619	adult anaplastic ependymoma	anaplastic ependymoma	anaplastic
GARD:0023619	adult anaplastic ependymoma	anaplastic ependymoma	ependymoma
GARD:0023631	kidney fibrosarcoma	renal fibrosarcoma	renal
GARD:0023631	kidney fibrosarcoma	renal fibrosarcoma	fibrosarcoma
GARD:0023632	kidney osteogenic sarcoma	kidney osteosarcoma	kidney
GARD:0023632	kidney osteogenic sarcoma	kidney osteosarcoma	osteosarcoma
GARD:0023632	kidney osteogenic sarcoma	renal osteosarcoma	renal
GARD:0023632	kidney osteogenic sarcoma	renal osteosarcoma	osteosarcoma
GARD:0023635	aleukemic leukemia	subleukemic leukemia	leukemia
GARD:0023635	aleukemic leukemia	aleukemic myelosis	aleukemic
GARD:0023638	central nervous system mature teratoma	mature teratoma	mature
GARD:0023638	central nervous system mature teratoma	mature teratoma	teratoma
GARD:0023640	central nervous system immature teratoma	immature teratoma	immature
GARD:0023640	central nervous system immature teratoma	immature teratoma	teratoma
GARD:0023645	heart fibrosarcoma	cardiac fibrosarcoma	cardiac
GARD:0023645	heart fibrosarcoma	cardiac fibrosarcoma	fibrosarcoma
GARD:0023656	leptomeningeal melanoma	leptomeninx melanoma	leptomeninx
GARD:0023656	leptomeningeal melanoma	leptomeninx melanoma	melanoma
GARD:0023656	leptomeningeal melanoma	meningeal melanoma	meningeal
GARD:0023656	leptomeningeal melanoma	meningeal melanoma	melanoma
GARD:0023657	malignant leptomeningeal tumor	leptomeningeal cancer	leptomeningeal
GARD:0023657	malignant leptomeningeal tumor	leptomeningeal cancer	cancer
GARD:0023657	malignant leptomeningeal tumor	leptomeninx cancer	leptomeninx
GARD:0023657	malignant leptomeningeal tumor	leptomeninx cancer	cancer
GARD:0023676	malignant pericardial mesothelioma	pericardial mesothelioma	pericardial
GARD:0023676	malignant pericardial mesothelioma	pericardium mesothelioma	pericardium
GARD:0023678	mediastinal extraskeletal osteosarcoma	mediastinal osteosarcoma	mediastinal
GARD:0023678	mediastinal extraskeletal osteosarcoma	mediastinal osteosarcoma	osteosarcoma
GARD:0023679	malignant mediastinum hemangiopericytoma	mediastinum hemangiopericytoma	mediastinum
GARD:0023683	mature ovarian teratoma	mature teratoma	mature
GARD:0023683	mature ovarian teratoma	mature teratoma	teratoma
GARD:0023685	mediastinum seminoma	mediastinal seminoma	mediastinal
GARD:0023685	mediastinum seminoma	mediastinal seminoma	seminoma
GARD:0023687	growth hormone-producing pituitary gland carcinoma	malignant somatotropinoma	malignant
GARD:0023688	malignant thyroid stimulating hormone producing neoplasm of pituitary gland	malignant thyrotropinoma	malignant
GARD:0023689	TSH producing pituitary tumor	thyrotroph adenoma	adenoma
GARD:0023692	clivus chordoma	clival chordoma	clival
GARD:0023694	ovarian fetiform teratoma	homunculus	homunculus
GARD:0023705	liver extraskeletal osteosarcoma	liver osteosarcoma	liver
GARD:0023705	liver extraskeletal osteosarcoma	liver osteosarcoma	osteosarcoma
GARD:0023705	liver extraskeletal osteosarcoma	hepatic osteosarcoma	hepatic
GARD:0023705	liver extraskeletal osteosarcoma	hepatic osteosarcoma	osteosarcoma
GARD:0023710	malignant choroid melanoma	choroid melanoma	choroid
GARD:0023710	malignant choroid melanoma	choroid melanoma	melanoma
GARD:0023710	malignant choroid melanoma	choroidal melanoma	choroidal
GARD:0023710	malignant choroid melanoma	choroidal melanoma	melanoma
GARD:0023719	periosteal osteogenic sarcoma	periosteal osteosarcoma	periosteal
GARD:0023719	periosteal osteogenic sarcoma	periosteal osteosarcoma	osteosarcoma
GARD:0023722	cerebellar hemangioblastoma	cerebellum hemangioblastoma	cerebellum
GARD:0023722	cerebellar hemangioblastoma	cerebellar angioblastoma	cerebellar
GARD:0023732	cortical thymoma	thymoma, cortical	thymoma
GARD:0023732	cortical thymoma	thymoma, cortical	cortical
GARD:0023733	heart lymphoma	Cardiac lymphoma	cardiac
GARD:0023733	heart lymphoma	Cardiac lymphoma	lymphoma
GARD:0023739	neurilemmoma of the pleura	pleural neurilemmoma	pleural
GARD:0023739	neurilemmoma of the pleura	pleural schwannoma	pleural
GARD:0023739	neurilemmoma of the pleura	pleura schwannoma	pleura
GARD:0023745	Kummell disease	traumatic spondylopathy	traumatic
GARD:0023745	Kummell disease	traumatic spondylopathy	spondylopathy
GARD:0023755	myositis ossificans	ossification - muscle	ossification
GARD:0023755	myositis ossificans	ossification - muscle	muscle
GARD:0023762	lung lymphoma	pulmonary lymphoma	pulmonary
GARD:0023762	lung lymphoma	pulmonary lymphoma	lymphoma
GARD:0023763	sternum lymphoma	sternal lymphoma	sternal
GARD:0023763	sternum lymphoma	sternal lymphoma	lymphoma
GARD:0023764	polyembryoma of the ovary	ovarian polyembryoma	ovarian
GARD:0023771	childhood pilocytic astrocytoma	pilocytic astrocytoma	astrocytoma
GARD:0023772	motor nerve neuritis	motor neuritis	motor
GARD:0023772	motor nerve neuritis	motor neuritis	neuritis
GARD:0023781	mediastinal malignant lymphoma	mediastinal lymphoma	mediastinal
GARD:0023781	mediastinal malignant lymphoma	mediastinal lymphoma	lymphoma
GARD:0023781	mediastinal malignant lymphoma	mediastinum lymphoma	mediastinum
GARD:0023781	mediastinal malignant lymphoma	mediastinum lymphoma	lymphoma
GARD:0023789	pediatric intraocular retinoblastoma	intraocular retinoblastoma	intraocular
GARD:0023789	pediatric intraocular retinoblastoma	intraocular retinoblastoma	retinoblastoma
GARD:0023790	childhood brain meningioma	Brain meningioma	brain
GARD:0023793	telangiectatic osteogenic sarcoma	telangiectatic osteosarcoma	telangiectatic
GARD:0023793	telangiectatic osteogenic sarcoma	telangiectatic osteosarcoma	osteosarcoma
GARD:0023826	childhood epithelioid sarcoma	epithelioid sarcoma	epithelioid
GARD:0023826	childhood epithelioid sarcoma	epithelioid sarcoma	sarcoma
GARD:0023828	splenic manifestation of leukemia	splenic leukaemia	splenic
GARD:0023828	splenic manifestation of leukemia	splenic leukemia	splenic
GARD:0023828	splenic manifestation of leukemia	splenic leukemia	leukemia
GARD:0023845	fibrous meningioma	fibroblastic meningioma	fibroblastic
GARD:0023847	transitional meningioma	mixed meningioma	mixed
GARD:0023868	esophageal tuberculosis	esophagus tuberculosis	esophagus
GARD:0023868	esophageal tuberculosis	esophagus tuberculosis	tuberculosis
GARD:0023868	esophageal tuberculosis	oesophagus tuberculosis	oesophagus
GARD:0023868	esophageal tuberculosis	oesophagus tuberculosis	tuberculosis
GARD:0023869	pediatric ovarian dysgerminoma	childhood dysgerminoma	childhood
GARD:0023891	childhood pleomorphic rhabdomyosarcoma	Pleomorphic rhabdomyosarcoma	pleomorphic
GARD:0023891	childhood pleomorphic rhabdomyosarcoma	Pleomorphic rhabdomyosarcoma	rhabdomyosarcoma
GARD:0023897	ependymal tumor of brain	brain ependymoma	brain
GARD:0023897	ependymal tumor of brain	brain ependymoma	ependymoma
GARD:0023898	pediatric infratentorial ependymoma	infratentorial ependymoma	ependymoma
GARD:0023899	pediatric supratentorial ependymoma	supratentorial ependymoma	ependymoma
GARD:0023904	urinary bladder tuberculosis	bladder tuberculous	bladder
GARD:0023904	urinary bladder tuberculosis	bladder tuberculous	tuberculous
GARD:0023904	urinary bladder tuberculosis	bladder tuberculosis	bladder
GARD:0023904	urinary bladder tuberculosis	bladder tuberculosis	tuberculosis
GARD:0023904	urinary bladder tuberculosis	tuberculous cystitis	tuberculous
GARD:0023904	urinary bladder tuberculosis	tuberculous cystitis	cystitis
GARD:0023905	mixed epithelial/mesenchymal metaplastic breast carcinoma	breast carcinosarcoma	breast
GARD:0023905	mixed epithelial/mesenchymal metaplastic breast carcinoma	breast carcinosarcoma	carcinosarcoma
GARD:0023906	osteosarcoma arising in bone Paget disease	Paget osteosarcoma	osteosarcoma
GARD:0023921	fibrosarcomatous osteosarcoma	fibroblastic osteosarcoma	fibroblastic
GARD:0023921	fibrosarcomatous osteosarcoma	fibroblastic osteosarcoma	osteosarcoma
GARD:0023923	sarcomatosis of the meninges	meninges sarcomatosis	meninges
GARD:0023923	sarcomatosis of the meninges	meninges sarcomatosis	sarcomatosis
GARD:0023923	sarcomatosis of the meninges	meningeal sarcomatosis	meningeal
GARD:0023923	sarcomatosis of the meninges	meningeal sarcomatosis	sarcomatosis
GARD:0023924	meningeal sarcoma	meninges sarcoma	meninges
GARD:0023924	meningeal sarcoma	meninges sarcoma	sarcoma
GARD:0023925	adult embryonal tumor with multilayered rosettes, c19mc-altered	adult ependymoblastoma	adult
GARD:0023927	gasserian ganglion meningioma	Gasserian meningioma	gasserian
GARD:0023937	testicular thecoma	testis thecoma	testis
GARD:0023942	leptomeningeal sarcoma	sarcoma, meningeal	sarcoma
GARD:0023942	leptomeningeal sarcoma	sarcoma, meningeal	meningeal
GARD:0023942	leptomeningeal sarcoma	leptomeninges sarcoma	leptomeninges
GARD:0023942	leptomeningeal sarcoma	leptomeninges sarcoma	sarcoma
GARD:0023942	leptomeningeal sarcoma	leptomeninx sarcoma	leptomeninx
GARD:0023942	leptomeningeal sarcoma	leptomeninx sarcoma	sarcoma
GARD:0023947	childhood malignant hemangiopericytoma	malignant hemangiopericytoma	malignant
GARD:0023948	childhood malignant schwannoma	childhood neurofibrosarcoma	childhood
GARD:0023950	retina lymphoma	retinal lymphoma	retinal
GARD:0023950	retina lymphoma	retinal lymphoma	lymphoma
GARD:0023951	pediatric extraocular retinoblastoma	extraocular retinoblastoma	extraocular
GARD:0023951	pediatric extraocular retinoblastoma	extraocular retinoblastoma	retinoblastoma
GARD:0023952	adult brain ependymoma	brain ependymoma	brain
GARD:0023952	adult brain ependymoma	brain ependymoma	ependymoma
GARD:0023954	childhood leukemia	leukemia	leukemia
GARD:0023955	breast extraskeletal osteosarcoma	breast osteosarcoma	breast
GARD:0023955	breast extraskeletal osteosarcoma	breast osteosarcoma	osteosarcoma
GARD:0023966	adult papillary meningioma	papillary meningioma	papillary
GARD:0023967	adult extraskeletal osteosarcoma	extraskeletal osteosarcoma	osteosarcoma
GARD:0023973	intracranial extraskeletal myxoid chondrosarcoma	intracranial chondrosarcoma	intracranial
GARD:0023973	intracranial extraskeletal myxoid chondrosarcoma	intracranial chondrosarcoma	chondrosarcoma
GARD:0023978	mediastinal schwannoma	mediastinal neurilemmoma	mediastinal
GARD:0023978	mediastinal schwannoma	mediastinum schwannoma	mediastinum
GARD:0023989	duodenal gastrin-producing neuroendocrine tumor	duodenal gastrinoma	duodenal
GARD:0024003	liver fibrosarcoma	hepatic fibrosarcoma	hepatic
GARD:0024003	liver fibrosarcoma	hepatic fibrosarcoma	fibrosarcoma
GARD:0024006	pineal region meningioma	pineal meningioma	pineal
GARD:0024008	testis polyembryoma	testicular polyembryoma	testicular
GARD:0024018	thyroid gland fetal adenoma	foetal adenoma	adenoma
GARD:0024018	thyroid gland fetal adenoma	microfollicular adenoma	adenoma
GARD:0024020	periampullary adenocarcinoma	periampullary cancer	cancer
GARD:0024025	adrenal gland ganglioneuroblastoma	adrenal ganglioneuroblastoma	adrenal
GARD:0024033	uterine corpus choriocarcinoma	choriocarcinoma	choriocarcinoma
GARD:0024044	meningeal melanomatosis	leptomeningeal melanomatosis	leptomeningeal
GARD:0024048	adult epithelioid sarcoma	epithelioid sarcoma	epithelioid
GARD:0024048	adult epithelioid sarcoma	epithelioid sarcoma	sarcoma
GARD:0024058	chordoid meningioma	meningioma, chordoid	chordoid
GARD:0024066	kidney angiomyolipoma	renal angiomyolipoma	renal
GARD:0024067	congenital fibrosarcoma	infantile fibrosarcoma	infantile
GARD:0024067	congenital fibrosarcoma	infantile fibrosarcoma	fibrosarcoma
GARD:0024068	thyroid gland macrofollicular adenoma	colloid adenoma	colloid
GARD:0024068	thyroid gland macrofollicular adenoma	colloid adenoma	adenoma
GARD:0024068	thyroid gland macrofollicular adenoma	macrofollicular adenoma	adenoma
GARD:0024072	rheumatic myocarditis	rheumatoid myocarditis	rheumatoid
GARD:0024072	rheumatic myocarditis	rheumatoid myocarditis	myocarditis
GARD:0024078	perinatal necrotizing enterocolitis	necrotizing enterocolitis	enterocolitis
GARD:0024078	perinatal necrotizing enterocolitis	enterocolitis necrotizing	enterocolitis
GARD:0024078	perinatal necrotizing enterocolitis	enterocolitis, necrotizing	enterocolitis
GARD:0024080	malignant carotid body paraganglioma	chemodectoma, malignant	malignant
GARD:0024089	liver lymphoma	hepatic lymphoma	hepatic
GARD:0024089	liver lymphoma	hepatic lymphoma	lymphoma
GARD:0024092	liver solitary fibrous tumor	liver fibroma	liver
GARD:0024092	liver solitary fibrous tumor	liver fibroma	fibroma
GARD:0024092	liver solitary fibrous tumor	hepatic fibroma	hepatic
GARD:0024092	liver solitary fibrous tumor	hepatic fibroma	fibroma
GARD:0024101	neurofibroma of the heart	Cardiac neurofibroma	cardiac
GARD:0024101	neurofibroma of the heart	Cardiac neurofibroma	neurofibroma
GARD:0024101	neurofibroma of the heart	heart neurofibroma	heart
GARD:0024101	neurofibroma of the heart	heart neurofibroma	neurofibroma
GARD:0024102	iridocyclitis	iridocyclitis (disease)	iridocyclitis
GARD:0024102	iridocyclitis	iridocyclitis (disease)	disease
GARD:0024102	iridocyclitis	primary iridocyclitis	primary
GARD:0024102	iridocyclitis	primary iridocyclitis	iridocyclitis
GARD:0024106	infectious meningitis	meningitis	meningitis
GARD:0024106	infectious meningitis	infective meningitis	infective
GARD:0024106	infectious meningitis	infective meningitis	meningitis
GARD:0024111	osteosclerotic plasma cell myeloma	osteosclerotic myeloma	myeloma
GARD:0024114	indolent plasma cell myeloma	indolent myeloma	indolent
GARD:0024114	indolent plasma cell myeloma	indolent myeloma	myeloma
GARD:0024117	neurofibroma of the esophagus	esophageal neurofibroma	esophageal
GARD:0024117	neurofibroma of the esophagus	esophageal neurofibroma	neurofibroma
GARD:0024117	neurofibroma of the esophagus	esophagus neurofibroma	esophagus
GARD:0024117	neurofibroma of the esophagus	esophagus neurofibroma	neurofibroma
GARD:0024117	neurofibroma of the esophagus	oesophagus neurofibroma	oesophagus
GARD:0024117	neurofibroma of the esophagus	oesophagus neurofibroma	neurofibroma
GARD:0024121	ophthalmia neonatorum	neonatal conjunctivitis	neonatal
GARD:0024121	ophthalmia neonatorum	neonatal conjunctivitis	conjunctivitis
GARD:0024127	myositis fibrosa	interstitial myositis	interstitial
GARD:0024127	myositis fibrosa	interstitial myositis	myositis
GARD:0024132	chronic canaliculitis	actinomycosis, chronic	actinomycosis
GARD:0024132	chronic canaliculitis	actinomycosis, chronic	chronic
GARD:0024132	chronic canaliculitis	chronic actinomycosis	chronic
GARD:0024132	chronic canaliculitis	chronic actinomycosis	actinomycosis
GARD:0024134	orbit sarcoma	orbital sarcoma	orbital
GARD:0024134	orbit sarcoma	orbital sarcoma	sarcoma
GARD:0024140	adrenal gland pheochromocytoma	adrenal pheochromocytoma	adrenal
GARD:0024140	adrenal gland pheochromocytoma	pheochromocytoma (adrenal)	adrenal
GARD:0024141	minimally invasive lung adenocarcinoma	bronchioloalveolar carcinoma	carcinoma
GARD:0024143	follicular thyroid adenoma	thyroid adenoma	thyroid
GARD:0024143	follicular thyroid adenoma	thyroid adenoma	adenoma
GARD:0024143	follicular thyroid adenoma	follicular adenoma	follicular
GARD:0024143	follicular thyroid adenoma	follicular adenoma	adenoma
GARD:0024144	thyroid gland follicular carcinoma	follicular adenocarcinoma	follicular
GARD:0024144	thyroid gland follicular carcinoma	follicular adenocarcinoma	adenocarcinoma
GARD:0024144	thyroid gland follicular carcinoma	follicular carcinoma	follicular
GARD:0024144	thyroid gland follicular carcinoma	follicular carcinoma	carcinoma
GARD:0024146	leukemia	blood (leukemia)	blood
GARD:0024146	leukemia	blood (leukemia)	leukemia
GARD:0024146	leukemia	leukemia (disease)	leukemia
GARD:0024146	leukemia	leukemia (disease)	disease
GARD:0024146	leukemia	leukemias, general	general
GARD:0024146	leukemia	leukaemia (disease)	disease
GARD:0024146	leukemia	leukemia, malignant	leukemia
GARD:0024146	leukemia	leukemia, malignant	malignant
GARD:0024146	leukemia	leukemia, disease	leukemia
GARD:0024146	leukemia	leukemia, disease	disease
GARD:0024150	malignant pleural mesothelioma	pleura mesothelioma	pleura
GARD:0024151	borderline leprosy	Midborderline leprosy	leprosy
GARD:0024152	tuberculoid leprosy	smooth leprosy	smooth
GARD:0024152	tuberculoid leprosy	smooth leprosy	leprosy
GARD:0024154	ovarian carcinoma	ovarian cancer	ovarian
GARD:0024154	ovarian carcinoma	ovarian cancer	cancer
GARD:0024154	ovarian carcinoma	ovary carcinoma	ovary
GARD:0024154	ovarian carcinoma	ovary carcinoma	carcinoma
GARD:0024157	lymphoid neoplasm	lymphocytic tumor	lymphocytic
GARD:0024157	lymphoid neoplasm	lymphocytic tumor	tumor
GARD:0024157	lymphoid neoplasm	lymphoid tumor	lymphoid
GARD:0024157	lymphoid neoplasm	lymphoid tumor	tumor
GARD:0024157	lymphoid neoplasm	lymphocytic neoplasm	lymphocytic
GARD:0024157	lymphoid neoplasm	lymphocytic neoplasm	neoplasm
GARD:0024157	lymphoid neoplasm	lymphoid tumour	lymphoid
GARD:0024157	lymphoid neoplasm	lymphocytic tumour	lymphocytic
GARD:0024158	osteoma	osteoma, benign	osteoma
GARD:0024158	osteoma	osteoma, benign	benign
GARD:0024158	osteoma	osteoma (disease)	osteoma
GARD:0024158	osteoma	osteoma (disease)	disease
GARD:0024160	myeloid neoplasm	myeloid tumor	myeloid
GARD:0024160	myeloid neoplasm	myeloid tumor	tumor
GARD:0024160	myeloid neoplasm	myeloid malignancy	myeloid
GARD:0024160	myeloid neoplasm	myeloid malignancy	malignancy
GARD:0024160	myeloid neoplasm	myeloid tumour	myeloid
GARD:0024165	vulva sarcoma	vulvar sarcoma	vulvar
GARD:0024165	vulva sarcoma	vulvar sarcoma	sarcoma
GARD:0024166	familial cardiomyopathy	hereditary cardiomyopathy	hereditary
GARD:0024168	smoldering plasma cell myeloma	smoldering myeloma	myeloma
GARD:0024168	smoldering plasma cell myeloma	asymptomatic myeloma	asymptomatic
GARD:0024168	smoldering plasma cell myeloma	asymptomatic myeloma	myeloma
GARD:0024168	smoldering plasma cell myeloma	smouldering myeloma	myeloma
GARD:0024176	carcinoid tumor	carcinoid	carcinoid
GARD:0024178	membranous glomerulonephritis	membranous Glomerulonephropathy	membranous
GARD:0024178	membranous glomerulonephritis	membranous nephropathy	membranous
GARD:0024178	membranous glomerulonephritis	membranous nephropathy	nephropathy
GARD:0024179	lymphoid leukemia	lymphocytic leukaemia	lymphocytic
GARD:0024179	lymphoid leukemia	lymphogenous leukemia	lymphogenous
GARD:0024179	lymphoid leukemia	lymphogenous leukemia	leukemia
GARD:0024179	lymphoid leukemia	lymphogenous leukaemia	lymphogenous
GARD:0024179	lymphoid leukemia	lymphocytic leukemia	lymphocytic
GARD:0024179	lymphoid leukemia	lymphocytic leukemia	leukemia
GARD:0024183	prion disease	spongiform encephalopathy	spongiform
GARD:0024183	prion disease	spongiform encephalopathy	encephalopathy
GARD:0024187	familial hypercholesterolemia	familial hyperbetalipoproteinaemia	familial
GARD:0024187	familial hypercholesterolemia	familial hypercholesteremia	familial
GARD:0024188	visceral leishmaniasis	viscus leishmaniasis	viscus
GARD:0024188	visceral leishmaniasis	viscus leishmaniasis	leishmaniasis
GARD:0024189	cutaneous leishmaniasis	leproid leishmaniasis	leproid
GARD:0024189	cutaneous leishmaniasis	leproid leishmaniasis	leishmaniasis
GARD:0024198	gingival cancer	gingiva cancer	gingiva
GARD:0024198	gingival cancer	gingiva cancer	cancer
GARD:0024198	gingival cancer	gum cancer	gum
GARD:0024198	gingival cancer	gum cancer	cancer
GARD:0024205	renal cell adenocarcinoma	kidney adenocarcinoma	kidney
GARD:0024205	renal cell adenocarcinoma	kidney adenocarcinoma	adenocarcinoma
GARD:0024208	malignant epithelioid mesothelioma	epithelioid mesothelioma	epithelioid
GARD:0024208	malignant epithelioid mesothelioma	epithelial mesothelioma	epithelial
GARD:0024211	pancreatic adenosquamous carcinoma	pancreatic adenoacanthoma	pancreatic
GARD:0024211	pancreatic adenosquamous carcinoma	pancreatic adenoacanthoma	adenoacanthoma
GARD:0024213	cerebral malaria	malarial encephalitis	malarial
GARD:0024213	cerebral malaria	malarial encephalitis	encephalitis
GARD:0024215	blackwater fever	malarial hemoglobinuria	malarial
GARD:0024215	blackwater fever	malarial hemoglobinuria	hemoglobinuria
GARD:0024215	blackwater fever	hemoglobinuric, malaria	hemoglobinuric
GARD:0024215	blackwater fever	hemoglobinuric, malaria	malaria
GARD:0024217	bulbar polio	polio, bulbar	polio
GARD:0024217	bulbar polio	polio, bulbar	bulbar
GARD:0024217	bulbar polio	bulbar poliomyelitis	bulbar
GARD:0024217	bulbar polio	bulbar poliomyelitis	poliomyelitis
GARD:0024218	Caplan syndrome	rheumatoid pneumoconiosis	rheumatoid
GARD:0024218	Caplan syndrome	rheumatoid pneumoconiosis	pneumoconiosis
GARD:0024218	Caplan syndrome	Caplans syndrome	syndrome
GARD:0024220	central nervous system tuberculosis	intracranial tuberculoma	intracranial
GARD:0024220	central nervous system tuberculosis	intracranial tuberculoma	tuberculoma
GARD:0024221	cervicofacial actinomycosis	lumpy jaw	lumpy
GARD:0024221	cervicofacial actinomycosis	lumpy jaw	jaw
GARD:0024224	diaphragm disorder	diaphragmatic disorder	diaphragmatic
GARD:0024224	diaphragm disorder	diaphragmatic disorder	disorder
GARD:0024224	diaphragm disorder	diaphragmatic disease	diaphragmatic
GARD:0024224	diaphragm disorder	diaphragmatic disease	disease
GARD:0024224	diaphragm disorder	diaphragm disease	diaphragm
GARD:0024224	diaphragm disorder	diaphragm disease	disease
GARD:0024225	emphysematous cholecystitis	gaseous pericholecystitis	gaseous
GARD:0024225	emphysematous cholecystitis	gaseous pericholecystitis	pericholecystitis
GARD:0024227	epidural abscess	abscess epidural	abscess
GARD:0024227	epidural abscess	abscess epidural	epidural
GARD:0024235	laryngeal tuberculosis	larynx tuberculosis	larynx
GARD:0024235	laryngeal tuberculosis	larynx tuberculosis	tuberculosis
GARD:0024235	laryngeal tuberculosis	tuberculous laryngitis	tuberculous
GARD:0024235	laryngeal tuberculosis	tuberculous laryngitis	laryngitis
GARD:0024236	late congenital syphilis	juvenile neurosyphilis	juvenile
GARD:0024236	late congenital syphilis	juvenile neurosyphilis	neurosyphilis
GARD:0024236	late congenital syphilis	juvenile syphilis	juvenile
GARD:0024236	late congenital syphilis	juvenile syphilis	syphilis
GARD:0024237	legionnaires' disease	Legionella pneumonia	pneumonia
GARD:0024238	lymph node tuberculosis	tuberculous adenitis	tuberculous
GARD:0024238	lymph node tuberculosis	tuberculous adenitis	adenitis
GARD:0024238	lymph node tuberculosis	scrofula	scrofula
GARD:0024238	lymph node tuberculosis	tuberculous lymphadenopathy	tuberculous
GARD:0024238	lymph node tuberculosis	tuberculous lymphadenopathy	lymphadenopathy
GARD:0024240	mandibular cancer	mandibular neoplasm	mandibular
GARD:0024240	mandibular cancer	mandibular neoplasm	neoplasm
GARD:0024240	mandibular cancer	mandible cancer	mandible
GARD:0024240	mandibular cancer	mandible cancer	cancer
GARD:0024241	maxillary neoplasm	maxillary cancer	maxillary
GARD:0024241	maxillary neoplasm	maxillary cancer	cancer
GARD:0024243	miliary tuberculosis	disseminated tuberculosis	tuberculosis
GARD:0024243	miliary tuberculosis	generalized tuberculosis	generalized
GARD:0024243	miliary tuberculosis	generalized tuberculosis	tuberculosis
GARD:0024243	miliary tuberculosis	generalised tuberculosis	tuberculosis
GARD:0024247	myelophthisic anemia	leukoerythroblastic reaction	reaction
GARD:0024247	myelophthisic anemia	myelophthisis	myelophthisis
GARD:0024247	myelophthisic anemia	anemia, leukoerythroblastic	anemia
GARD:0024252	pericardial tuberculosis	tuberculous pericarditis	tuberculous
GARD:0024252	pericardial tuberculosis	tuberculous pericarditis	pericarditis
GARD:0024253	phagocyte bactericidal dysfunction	phagocytic dysfunction	phagocytic
GARD:0024253	phagocyte bactericidal dysfunction	phagocytic dysfunction	dysfunction
GARD:0024254	Plasmodium falciparum malaria	falciparum malaria	falciparum
GARD:0024254	Plasmodium falciparum malaria	falciparum malaria	malaria
GARD:0024255	Plasmodium vivax malaria	vivax malaria	vivax
GARD:0024255	Plasmodium vivax malaria	vivax malaria	malaria
GARD:0024256	pleural tuberculosis	tuberculous pleurisy	tuberculous
GARD:0024256	pleural tuberculosis	tuberculous pleurisy	pleurisy
GARD:0024256	pleural tuberculosis	pearly disease	pearly
GARD:0024256	pleural tuberculosis	pearly disease	disease
GARD:0024256	pleural tuberculosis	pleura tuberculosis	pleura
GARD:0024256	pleural tuberculosis	pleura tuberculosis	tuberculosis
GARD:0024256	pleural tuberculosis	tuberculous pleuritis	tuberculous
GARD:0024256	pleural tuberculosis	tuberculous pleuritis	pleuritis
GARD:0024257	renal tuberculosis	kidney tuberculosis	kidney
GARD:0024257	renal tuberculosis	kidney tuberculosis	tuberculosis
GARD:0024258	rickettsial pneumonia	Rickettsiaceae pneumonia	pneumonia
GARD:0024264	skeletal tuberculosis	osteoarticular tuberculosis	tuberculosis
GARD:0024265	spleen cancer	splenic cancer	splenic
GARD:0024265	spleen cancer	splenic cancer	cancer
GARD:0024265	spleen cancer	splenic neoplasm	splenic
GARD:0024265	spleen cancer	splenic neoplasm	neoplasm
GARD:0024265	spleen cancer	spleen neoplasm	spleen
GARD:0024265	spleen cancer	spleen neoplasm	neoplasm
GARD:0024269	urinary schistosomiasis	bladder schistosomiasis	bladder
GARD:0024269	urinary schistosomiasis	bladder schistosomiasis	schistosomiasis
GARD:0024269	urinary schistosomiasis	Schistosoma haematobium	schistosoma
GARD:0024269	urinary schistosomiasis	vesical schistosomiasis	vesical
GARD:0024269	urinary schistosomiasis	vesical schistosomiasis	schistosomiasis
GARD:0024270	urogenital tuberculosis	genitourinary tuberculosis	genitourinary
GARD:0024270	urogenital tuberculosis	genitourinary tuberculosis	tuberculosis
GARD:0024271	vestibular neuronitis	vestibular neuritis	vestibular
GARD:0024271	vestibular neuronitis	vestibular neuritis	neuritis
GARD:0024271	vestibular neuronitis	epidemic neurolabyrinthitis	epidemic
GARD:0024273	lung carcinoid tumor	lung carcinoid	lung
GARD:0024273	lung carcinoid tumor	lung carcinoid	carcinoid
GARD:0024276	pulmonary tuberculosis	lung tuberculosis	lung
GARD:0024276	pulmonary tuberculosis	lung tuberculosis	tuberculosis
GARD:0024280	ACTH-producing pituitary gland adenoma	corticotroph adenoma	adenoma
GARD:0024280	ACTH-producing pituitary gland adenoma	corticotropic adenoma	adenoma
GARD:0024283	adrenal gland neuroblastoma	adrenal neuroblastoma	adrenal
GARD:0024283	adrenal gland neuroblastoma	adrenal neuroblastoma	neuroblastoma
GARD:0024285	anal melanoma	anus melanoma	anus
GARD:0024285	anal melanoma	anus melanoma	melanoma
GARD:0024293	benign adrenal gland pheochromocytoma	pheochromocytoma, benign	benign
GARD:0024294	benign carotid body paraganglioma	benign chemodectoma	benign
GARD:0024294	benign carotid body paraganglioma	chemodectoma, benign	benign
GARD:0024296	malignant biphasic mesothelioma	biphasic mesothelioma	biphasic
GARD:0024296	malignant biphasic mesothelioma	mixed mesothelioma	mixed
GARD:0024298	blast phase chronic myelogenous leukemia, BCR-ABL1 positive	blast crises	blast
GARD:0024298	blast phase chronic myelogenous leukemia, BCR-ABL1 positive	blast crises	crises
GARD:0024298	blast phase chronic myelogenous leukemia, BCR-ABL1 positive	phase, blast	phase
GARD:0024298	blast phase chronic myelogenous leukemia, BCR-ABL1 positive	phase, blast	blast
GARD:0024298	blast phase chronic myelogenous leukemia, BCR-ABL1 positive	blast crisis	blast
GARD:0024298	blast phase chronic myelogenous leukemia, BCR-ABL1 positive	blast crisis	crisis
GARD:0024298	blast phase chronic myelogenous leukemia, BCR-ABL1 positive	blast phases	blast
GARD:0024298	blast phase chronic myelogenous leukemia, BCR-ABL1 positive	blast phases	phases
GARD:0024298	blast phase chronic myelogenous leukemia, BCR-ABL1 positive	crisis, blast	crisis
GARD:0024298	blast phase chronic myelogenous leukemia, BCR-ABL1 positive	crisis, blast	blast
GARD:0024298	blast phase chronic myelogenous leukemia, BCR-ABL1 positive	blast phase	blast
GARD:0024298	blast phase chronic myelogenous leukemia, BCR-ABL1 positive	blast phase	phase
GARD:0024298	blast phase chronic myelogenous leukemia, BCR-ABL1 positive	crises, blast	crises
GARD:0024298	blast phase chronic myelogenous leukemia, BCR-ABL1 positive	crises, blast	blast
GARD:0024298	blast phase chronic myelogenous leukemia, BCR-ABL1 positive	phases, blast	phases
GARD:0024298	blast phase chronic myelogenous leukemia, BCR-ABL1 positive	phases, blast	blast
GARD:0024312	colon mucosa-associated lymphoid tissue lymphoma	colonic MALToma	colonic
GARD:0024312	colon mucosa-associated lymphoid tissue lymphoma	colon MALToma	colon
GARD:0024322	duodenal adenocarcinoma	duodenum adenocarcinoma	duodenum
GARD:0024322	duodenal adenocarcinoma	duodenum adenocarcinoma	adenocarcinoma
GARD:0024340	gastric mucosa-associated lymphoid tissue lymphoma	gastric MALToma	gastric
GARD:0024343	gonadal teratoma	teratoma, gonads	teratoma
GARD:0024362	malignant adrenal gland pheochromocytoma	malignant pheochromocytoma	malignant
GARD:0024362	malignant adrenal gland pheochromocytoma	pheochromocytoma, malignant	malignant
GARD:0024371	olfactory neuroblastoma	olfactory esthesioneuroblastoma	olfactory
GARD:0024371	olfactory neuroblastoma	olfactory neuroepithelioma	olfactory
GARD:0024372	ovarian endometrioid adenocarcinoma with squamous differentiation	ovarian adenoacanthoma	ovarian
GARD:0024372	ovarian endometrioid adenocarcinoma with squamous differentiation	ovarian adenoacanthoma	adenoacanthoma
GARD:0024375	palmar fibromatosis	Dupuytren contracture	contracture
GARD:0024383	penile carcinoma	cancer penis	cancer
GARD:0024383	penile carcinoma	cancer penis	penis
GARD:0024383	penile carcinoma	penis carcinoma	penis
GARD:0024383	penile carcinoma	penis carcinoma	carcinoma
GARD:0024383	penile carcinoma	penile cancer	penile
GARD:0024383	penile carcinoma	penile cancer	cancer
GARD:0024385	placental choriocarcinoma	placenta choriocarcinoma	placenta
GARD:0024385	placental choriocarcinoma	placenta choriocarcinoma	choriocarcinoma
GARD:0024393	prolactin-producing pituitary gland carcinoma	malignant prolactinoma	malignant
GARD:0024401	sarcomatoid mesothelioma	spindled mesothelioma	spindled
GARD:0024403	skin sarcoma	cutaneous sarcoma	cutaneous
GARD:0024403	skin sarcoma	cutaneous sarcoma	sarcoma
GARD:0024415	thymic sarcomatoid carcinoma	thymic carcinosarcoma	thymic
GARD:0024415	thymic sarcomatoid carcinoma	thymic carcinosarcoma	carcinosarcoma
GARD:0024417	thymoma type B3	thymoma, epithelial	thymoma
GARD:0024417	thymoma type B3	thymoma, epithelial	epithelial
GARD:0024417	thymoma type B3	epithelial thymoma	epithelial
GARD:0024417	thymoma type B3	epithelial thymoma	thymoma
GARD:0024417	thymoma type B3	atypical thymoma	atypical
GARD:0024417	thymoma type B3	atypical thymoma	thymoma
GARD:0024417	thymoma type B3	squamoid thymoma	squamoid
GARD:0024417	thymoma type B3	squamoid thymoma	thymoma
GARD:0024418	thymoma type B1	thymoma, organoid	thymoma
GARD:0024418	thymoma type B1	thymoma, organoid	organoid
GARD:0024418	thymoma type B1	organoid thymoma	organoid
GARD:0024418	thymoma type B1	organoid thymoma	thymoma
GARD:0024422	thyroid gland spindle cell tumor with thymus-like differentiation	settle tumor	settle
GARD:0024422	thyroid gland spindle cell tumor with thymus-like differentiation	settle tumor	tumor
GARD:0024422	thyroid gland spindle cell tumor with thymus-like differentiation	settle	settle
GARD:0024422	thyroid gland spindle cell tumor with thymus-like differentiation	settle tumour	settle
GARD:0024424	tibial adamantinoma	tibia adamantinoma	tibia
GARD:0024424	tibial adamantinoma	tibia adamantinoma	adamantinoma
GARD:0024429	undifferentiated pleomorphic sarcoma, inflammatory variant	malignant xanthogranuloma	malignant
GARD:0024434	hereditary hemochromatosis	hemochromatosis	hemochromatosis
GARD:0024434	hereditary hemochromatosis	hemochromatosis, hereditary	hemochromatosis
GARD:0024434	hereditary hemochromatosis	hemochromatosis, hereditary	hereditary
GARD:0024434	hereditary hemochromatosis	diabetes bronze	diabetes
GARD:0024434	hereditary hemochromatosis	diabetes bronze	bronze
GARD:0024437	alopecia mucinosa	follicular mucinosis	follicular
GARD:0024437	alopecia mucinosa	alopecia mucinosis	alopecia
GARD:0024438	hemangioma of subcutaneous tissue	subcutaneous hemangioma	subcutaneous
GARD:0024438	hemangioma of subcutaneous tissue	subcutaneous hemangioma	hemangioma
GARD:0024438	hemangioma of subcutaneous tissue	subcutaneous angioma	subcutaneous
GARD:0024438	hemangioma of subcutaneous tissue	subcutaneous angioma	angioma
GARD:0024438	hemangioma of subcutaneous tissue	subcutaneous haemangioma	subcutaneous
GARD:0024441	photoallergic dermatitis	photoallergic eczema	eczema
GARD:0024442	photosensitivity disease	photosensitization	photosensitization
GARD:0024442	photosensitivity disease	disorder, photosensitivity	disorder
GARD:0024442	photosensitivity disease	disorder, photosensitivity	photosensitivity
GARD:0024442	photosensitivity disease	disorders, photosensitivity	photosensitivity
GARD:0024442	photosensitivity disease	photosensitivity disorder	photosensitivity
GARD:0024442	photosensitivity disease	photosensitivity disorder	disorder
GARD:0024443	phototoxic dermatitis	Photosensitisation reaction	reaction
GARD:0024443	phototoxic dermatitis	photosensitivity reaction	photosensitivity
GARD:0024443	phototoxic dermatitis	photosensitivity reaction	reaction
GARD:0024443	phototoxic dermatitis	photosensitive dermatitis	photosensitive
GARD:0024443	phototoxic dermatitis	photosensitive dermatitis	dermatitis
GARD:0024443	phototoxic dermatitis	photosensitiveness	photosensitiveness
GARD:0024444	skin sarcoidosis	cutaneous sarcoid	cutaneous
GARD:0024444	skin sarcoidosis	cutaneous sarcoid	sarcoid
GARD:0024444	skin sarcoidosis	cutaneous sarcoidosis	cutaneous
GARD:0024448	pituitary gland acidophil adenoma	eosinophil adenoma	adenoma
GARD:0024448	pituitary gland acidophil adenoma	acidophil adenoma	adenoma
GARD:0024451	alcoholic polyneuropathy	alcoholic neuropathy	alcoholic
GARD:0024451	alcoholic polyneuropathy	alcoholic neuropathy	neuropathy
GARD:0024454	anthracosis	black lung	black
GARD:0024454	anthracosis	black lung	lung
GARD:0024455	aortitis	aorta inflammation	aorta
GARD:0024455	aortitis	aorta inflammation	inflammation
GARD:0024457	pituitary gland basophil adenoma	basophil adenoma	adenoma
GARD:0024457	pituitary gland basophil adenoma	basophilic adenoma	basophilic
GARD:0024457	pituitary gland basophil adenoma	basophilic adenoma	adenoma
GARD:0024458	brachial plexus neuritis	brachial neuritis	brachial
GARD:0024458	brachial plexus neuritis	brachial neuritis	neuritis
GARD:0024459	brachial plexus neuropathy	brachial plexopathy	brachial
GARD:0024461	cutaneous fibrous histiocytoma	pleomorphic fibroma	pleomorphic
GARD:0024461	cutaneous fibrous histiocytoma	pleomorphic fibroma	fibroma
GARD:0024461	cutaneous fibrous histiocytoma	fibrohistiocytic neoplasm	neoplasm
GARD:0024461	cutaneous fibrous histiocytoma	sclerosing angioma	angioma
GARD:0024461	cutaneous fibrous histiocytoma	fibrohistiocytic tumor	tumor
GARD:0024465	endolymphatic hydrops	labyrinthine hydrops	labyrinthine
GARD:0024465	endolymphatic hydrops	labyrinthine hydrops	hydrops
GARD:0024468	fetal erythroblastosis	erythroblastosis fetalis	erythroblastosis
GARD:0024475	hypersensitivity vasculitis	leukocytoclastic vasculitis	vasculitis
GARD:0024476	hypersplenism	hypersplenia	hypersplenia
GARD:0024476	hypersplenism	hypersplenism (disease)	hypersplenism
GARD:0024476	hypersplenism	hypersplenism (disease)	disease
GARD:0024477	iritis	iris inflammation	iris
GARD:0024477	iritis	iris inflammation	inflammation
GARD:0024477	iritis	iritis (disease)	iritis
GARD:0024477	iritis	iritis (disease)	disease
GARD:0024478	jejunal cancer	jejunum cancer	jejunum
GARD:0024478	jejunal cancer	jejunum cancer	cancer
GARD:0024479	juxtacortical osteosarcoma	parosteal osteosarcoma	parosteal
GARD:0024479	juxtacortical osteosarcoma	parosteal osteosarcoma	osteosarcoma
GARD:0024482	Listeria meningitis	cerebritis, Listeria	cerebritis
GARD:0024482	Listeria meningitis	cerebritis, Listeria	listeria
GARD:0024482	Listeria meningitis	Listeria Meningoencephalitides	listeria
GARD:0024482	Listeria meningitis	meningoencephalitis, Listeria	meningoencephalitis
GARD:0024482	Listeria meningitis	meningoencephalitis, Listeria	listeria
GARD:0024482	Listeria meningitis	Listeria Cerebritides	listeria
GARD:0024482	Listeria meningitis	Listeria cerebritis	listeria
GARD:0024482	Listeria meningitis	Listeria cerebritis	cerebritis
GARD:0024482	Listeria meningitis	Listeria meningoencephalitis	listeria
GARD:0024482	Listeria meningitis	Listeria meningoencephalitis	meningoencephalitis
GARD:0024482	Listeria meningitis	Meningitides, Listeria	listeria
GARD:0024482	Listeria meningitis	Meningoencephalitides, Listeria	listeria
GARD:0024482	Listeria meningitis	Cerebritides, Listeria	listeria
GARD:0024482	Listeria meningitis	Listeria Meningitides	listeria
GARD:0024484	Lutembacher syndrome	Lutembachers syndrome	syndrome
GARD:0024484	Lutembacher syndrome	syndrome, Lutembacher	syndrome
GARD:0024492	myxosarcoma	myxosarcoma, malignant	myxosarcoma
GARD:0024492	myxosarcoma	myxosarcoma, malignant	malignant
GARD:0024496	optic papillitis	Edemas, retinal	retinal
GARD:0024496	optic papillitis	papilledema	papilledema
GARD:0024496	optic papillitis	retinal oedema	retinal
GARD:0024496	optic papillitis	Choked disc	disc
GARD:0024496	optic papillitis	edema, retinal	edema
GARD:0024496	optic papillitis	edema, retinal	retinal
GARD:0024496	optic papillitis	papillitis, optic	papillitis
GARD:0024496	optic papillitis	papillitis, optic	optic
GARD:0024496	optic papillitis	papilloedema	papilloedema
GARD:0024496	optic papillitis	retinal edema	retinal
GARD:0024496	optic papillitis	retinal edema	edema
GARD:0024496	optic papillitis	disk, Choked	disk
GARD:0024496	optic papillitis	optic discitis	optic
GARD:0024496	optic papillitis	optic discitis	discitis
GARD:0024496	optic papillitis	papillitis	papillitis
GARD:0024496	optic papillitis	Choked disk	disk
GARD:0024496	optic papillitis	retinal Edemas	retinal
GARD:0024501	posterior uveitis	uveitis, posterior	uveitis
GARD:0024501	posterior uveitis	uveitis, posterior	posterior
GARD:0024502	Anaplasmataceae infectious disease	infection, Anaplasmataceae	infection
GARD:0024502	Anaplasmataceae infectious disease	Anaplasmataceae infection	infection
GARD:0024503	Rickettsiaceae infectious disease	Rickettsiaceae infection	infection
GARD:0024503	Rickettsiaceae infectious disease	rickettsialpox	rickettsialpox
GARD:0024503	Rickettsiaceae infectious disease	infection, Rickettsiaceae	infection
GARD:0024510	subacute bacterial endocarditis	endocarditis lenta	endocarditis
GARD:0024511	subdural empyema	subdural abscess	subdural
GARD:0024511	subdural empyema	subdural abscess	abscess
GARD:0024520	growth hormone secreting pituitary adenoma 1	Somatotrophinoma, familial	familial
GARD:0024524	hereditary anorectal anomalies	anorectal anomalies	anorectal
GARD:0024526	arrhythmogenic right ventricular dysplasia 1	Uhl anomaly	anomaly
GARD:0024532	brachydactyly type D	stub thumb	stub
GARD:0024532	brachydactyly type D	stub thumb	thumb
GARD:0024535	branchiootorenal syndrome 1	branchiootorenal dysplasia	dysplasia
GARD:0024536	amastia	amazia	amazia
GARD:0024536	amastia	athelia	athelia
GARD:0024537	epidermolytic ichthyosis	epidermolytic hyperkeratosis	hyperkeratosis
GARD:0024537	epidermolytic ichthyosis	bullous ichthyosis	bullous
GARD:0024537	epidermolytic ichthyosis	bullous ichthyosis	ichthyosis
GARD:0024539	cardiofaciocutaneous syndrome 1	cardiofaciocutaneous syndrome	syndrome
GARD:0024540	hypertrophic cardiomyopathy 2	cardiomyopathy, hypertrophic, 2	hypertrophic
GARD:0024541	hypertrophic cardiomyopathy 3	cardiomyopathy, hypertrophic, 3	hypertrophic
GARD:0024542	hypertrophic cardiomyopathy 4	cardiomyopathy, hypertrophic, 4	hypertrophic
GARD:0024543	cataract 42	cataract type 42	cataract
GARD:0024543	cataract 42	cataract type 42	type
GARD:0024545	cataract 30	cataract 30, pulverulent	cataract
GARD:0024545	cataract 30	cataract 30, pulverulent	pulverulent
GARD:0024545	cataract 30	cataract type 30	cataract
GARD:0024545	cataract 30	cataract type 30	type
GARD:0024545	cataract 30	cataract 30 pulverulent	cataract
GARD:0024545	cataract 30	cataract 30 pulverulent	pulverulent
GARD:0024547	cataract 5 multiple types	cataract, lamellar	cataract
GARD:0024547	cataract 5 multiple types	cataract, lamellar	lamellar
GARD:0024551	cirrhosis, familial	cryptogenic cirrhosis	cryptogenic
GARD:0024551	cirrhosis, familial	cryptogenic cirrhosis	cirrhosis
GARD:0024551	cirrhosis, familial	Sen syndrome	sen
GARD:0024551	cirrhosis, familial	Sen syndrome	syndrome
GARD:0024551	cirrhosis, familial	cirrhosis, cryptogenic	cirrhosis
GARD:0024551	cirrhosis, familial	cirrhosis, cryptogenic	cryptogenic
GARD:0024556	spondylocostal dysostosis 5	spondylocostal dysplasia	dysplasia
GARD:0024556	spondylocostal dysostosis 5	Spondylothoracic Dysplasia	dysplasia
GARD:0024557	autosomal dominant nonsyndromic hearing loss 1	Konigsmark syndrome	syndrome
GARD:0024564	factor 5 excess with spontaneous thrombosis	Proaccelerin Excess	excess
GARD:0024572	holoprosencephaly 3	holoprosencephaly type 3	type
GARD:0024573	holoprosencephaly 4	holoprosencephaly type 4	type
GARD:0024574	hypercholesterolemia, familial, 1	hypercholesterolemia, familial	hypercholesterolemia
GARD:0024574	hypercholesterolemia, familial, 1	hypercholesterolemia, familial	familial
GARD:0024574	hypercholesterolemia, familial, 1	hyperlipoproteinemia, type 2	type
GARD:0024575	nonpapillary renal cell carcinoma	hypernephroma	hypernephroma
GARD:0024577	hypertriglyceridemia 1	hypertriglyceridemia, familial	familial
GARD:0024579	kabuki syndrome 1	Kabuki syndrome	kabuki
GARD:0024579	kabuki syndrome 1	Kabuki syndrome	syndrome
GARD:0024582	keratoconus 1	keratoconus type 1	keratoconus
GARD:0024582	keratoconus 1	keratoconus type 1	type
GARD:0024583	hyperekplexia 1	hyperekplexia type 1	type
GARD:0024583	hyperekplexia 1	Kok disease	disease
GARD:0024583	hyperekplexia 1	hyperekplexia, hereditary 1	hereditary
GARD:0024585	uterine corpus leiomyoma	leiomyoma, uterine	leiomyoma
GARD:0024585	uterine corpus leiomyoma	leiomyoma, uterine	uterine
GARD:0024585	uterine corpus leiomyoma	plexiform leiomyoma	plexiform
GARD:0024585	uterine corpus leiomyoma	plexiform leiomyoma	leiomyoma
GARD:0024585	uterine corpus leiomyoma	uterine leiomyoma	uterine
GARD:0024585	uterine corpus leiomyoma	uterine leiomyoma	leiomyoma
GARD:0024585	uterine corpus leiomyoma	uterine fibroid	uterine
GARD:0024585	uterine corpus leiomyoma	uterine fibroid	fibroid
GARD:0024585	uterine corpus leiomyoma	uterus fibroma	uterus
GARD:0024585	uterine corpus leiomyoma	uterus fibroma	fibroma
GARD:0024591	megalodactyly	macrodactyly	macrodactyly
GARD:0024593	holoprosencephaly 2	holoprosencephaly type 2	type
GARD:0024600	neurofibromatosis, type iv, of riccardi	neurofibromatosis type 4	neurofibromatosis
GARD:0024600	neurofibromatosis, type iv, of riccardi	neurofibromatosis type 4	type
GARD:0024600	neurofibromatosis, type iv, of riccardi	neurofibromatosis, atypical	neurofibromatosis
GARD:0024600	neurofibromatosis, type iv, of riccardi	neurofibromatosis, atypical	atypical
GARD:0024601	nevus, epidermal	Nevus sebaceous	nevus
GARD:0024601	nevus, epidermal	Nevus sebaceous	sebaceous
GARD:0024601	nevus, epidermal	Epidermal Nevus	epidermal
GARD:0024601	nevus, epidermal	Epidermal Nevus	nevus
GARD:0024607	dermoid cyst of ovary	teratoma, ovarian	teratoma
GARD:0024607	dermoid cyst of ovary	teratoma, ovarian	ovarian
GARD:0024609	chondromalacia patellae	patella chondromalacia	patella
GARD:0024609	chondromalacia patellae	patella chondromalacia	chondromalacia
GARD:0024610	periodontitis, aggressive 1	periodontitis, juvenile	periodontitis
GARD:0024610	periodontitis, aggressive 1	periodontitis, juvenile	juvenile
GARD:0024610	periodontitis, aggressive 1	periodontitis, prepubertal	periodontitis
GARD:0024610	periodontitis, aggressive 1	periodontitis, prepubertal	prepubertal
GARD:0024610	periodontitis, aggressive 1	juvenile periodontitis	juvenile
GARD:0024610	periodontitis, aggressive 1	juvenile periodontitis	periodontitis
GARD:0024610	periodontitis, aggressive 1	periodontitis 1, juvenile	periodontitis
GARD:0024610	periodontitis, aggressive 1	periodontitis 1, juvenile	juvenile
GARD:0024610	periodontitis, aggressive 1	periodontitis, aggressive, 1	periodontitis
GARD:0024610	periodontitis, aggressive 1	periodontitis, aggressive, 1	aggressive
GARD:0024616	protoporphyria, erythropoietic, 1	erythropoietic protoporphyria	erythropoietic
GARD:0024616	protoporphyria, erythropoietic, 1	ferrochelatase deficiency	deficiency
GARD:0024616	protoporphyria, erythropoietic, 1	protoporphyria, erythropoietic	erythropoietic
GARD:0024618	intestinal schistosomiasis	Katayama fever	fever
GARD:0024618	intestinal schistosomiasis	schistosomiasis japonica	schistosomiasis
GARD:0024618	intestinal schistosomiasis	schistosomiasis japonica	japonica
GARD:0024620	scleroderma, familial progressive	Crest syndrome	crest
GARD:0024620	scleroderma, familial progressive	Crest syndrome	syndrome
GARD:0024621	hereditary spherocytosis type 1	spherocytosis, hereditary, 1	hereditary
GARD:0024621	hereditary spherocytosis type 1	hereditary spherocytosis 1	hereditary
GARD:0024621	hereditary spherocytosis type 1	spherocytosis, type 1	type
GARD:0024630	thrombocythemia 1	thrombocythemia type 1	type
GARD:0024630	thrombocythemia 1	thrombocythemia, somatic	somatic
GARD:0024631	thrombophilia due to activated protein c resistance	Pccf deficiency	deficiency
GARD:0024643	Joubert syndrome 1	cerebellooculorenal syndrome 1	syndrome
GARD:0024643	Joubert syndrome 1	cerebelloparenchymal disorder 4	disorder
GARD:0024643	Joubert syndrome 1	Joubert syndrome	joubert
GARD:0024643	Joubert syndrome 1	Joubert syndrome	syndrome
GARD:0024644	peroxisome biogenesis disorder 1a (zellweger)	Cerebrohepatorenal syndrome	syndrome
GARD:0024646	craniosynostosis-fibular aplasia syndrome	Lowry syndrome	syndrome
GARD:0024653	fibrochondrogenesis 1	fibrochondrogenesis type 1	type
GARD:0024654	myofibromatosis, infantile, 1	myofibromatosis, juvenile	juvenile
GARD:0024660	holoprosencephaly 1	cyclopia	cyclopia
GARD:0024660	holoprosencephaly 1	holoprosencephaly type 1	type
GARD:0024660	holoprosencephaly 1	isolated arhinencephaly	isolated
GARD:0024660	holoprosencephaly 1	Demyer sequence	sequence
GARD:0024660	holoprosencephaly 1	Hpe, familial	familial
GARD:0024661	autosomal recessive humeroradial synostosis	humeroradial synostosis	humeroradial
GARD:0024661	autosomal recessive humeroradial synostosis	humeroradial synostosis	synostosis
GARD:0024663	hydrocephalus, nonsyndromic, autosomal recessive 1	hydrocephaly	hydrocephaly
GARD:0024663	hydrocephalus, nonsyndromic, autosomal recessive 1	hydrocephalus, congenital, 1	hydrocephalus
GARD:0024663	hydrocephalus, nonsyndromic, autosomal recessive 1	hydrocephalus, congenital, 1	congenital
GARD:0024664	autosomal recessive hydrocephalus due to congenital stenosis of aqueduct of Sylvius	aqueductal stenosis	stenosis
GARD:0024665	muscular dystrophy-dystroglycanopathy (congenital with brain and eye anomalies), type A1	hard syndrome	hard
GARD:0024665	muscular dystrophy-dystroglycanopathy (congenital with brain and eye anomalies), type A1	hard syndrome	syndrome
GARD:0024666	urofacial syndrome type 1	urofacial syndrome 1	syndrome
GARD:0024666	urofacial syndrome type 1	Ochoa syndrome	syndrome
GARD:0024666	urofacial syndrome type 1	urofacial syndrome	syndrome
GARD:0024670	hyperprolinemia type 1	hyperprolinemia, type 1	type
GARD:0024674	primary ciliary dyskinesia 1	Polynesian bronchiectasis	polynesian
GARD:0024674	primary ciliary dyskinesia 1	Polynesian bronchiectasis	bronchiectasis
GARD:0024674	primary ciliary dyskinesia 1	Siewert syndrome	syndrome
GARD:0024674	primary ciliary dyskinesia 1	Kartagener syndrome	syndrome
GARD:0024679	lymphoblastic leukemia, acute, with lymphomatous features	lymphomatous All	lymphomatous
GARD:0024679	lymphoblastic leukemia, acute, with lymphomatous features	lymphomatous All	all
GARD:0024679	lymphoblastic leukemia, acute, with lymphomatous features	lall	lall
GARD:0024681	Meckel syndrome, type 1	Gruber syndrome	syndrome
GARD:0024681	Meckel syndrome, type 1	Meckel syndrome	syndrome
GARD:0024681	Meckel syndrome, type 1	Meckel syndrome 1	syndrome
GARD:0024682	autosomal recessive familial Mediterranean fever	polyserositis, recurrent	polyserositis
GARD:0024682	autosomal recessive familial Mediterranean fever	polyserositis, recurrent	recurrent
GARD:0024684	moyamoya disease 1	Moyamoya disease	disease
GARD:0024685	ullrich congenital muscular dystrophy 1a	Ullrich disease	disease
GARD:0024690	hyperinsulinemic hypoglycemia, familial, 1	hyperinsulinism, congenital	congenital
GARD:0024692	neutrophil actin dysfunction	Atypical Nevus	atypical
GARD:0024692	neutrophil actin dysfunction	Atypical Nevus	nevus
GARD:0024692	neutrophil actin dysfunction	dysplastic nevi	dysplastic
GARD:0024692	neutrophil actin dysfunction	dysplastic nevus	dysplastic
GARD:0024692	neutrophil actin dysfunction	dysplastic nevus	nevus
GARD:0024692	neutrophil actin dysfunction	Clark Nevus	clark
GARD:0024692	neutrophil actin dysfunction	Clark Nevus	nevus
GARD:0024692	neutrophil actin dysfunction	lentiginous Nevus	lentiginous
GARD:0024692	neutrophil actin dysfunction	lentiginous Nevus	nevus
GARD:0024695	Oguchi disease-1	Oguchi disease 1	disease
GARD:0024696	Bruck syndrome 1	Kuskokwim disease	disease
GARD:0024705	spondylocostal dysostosis-anal and genitourinary malformations syndrome	CMn syndrome	syndrome
GARD:0024710	thymoma, familial	thymic neoplasia	thymic
GARD:0024710	thymoma, familial	thymic neoplasia	neoplasia
GARD:0024711	thyroid hormone resistance, generalized, autosomal recessive	Refetoff syndrome	syndrome
GARD:0024713	X-linked Opitz G/BBB syndrome	Opitz syndrome	syndrome
GARD:0024733	immunodeficiency 47	immunodeficiency type 47	type
GARD:0024738	Aarskog-Scott syndrome, X-linked	Aarskog syndrome	syndrome
GARD:0024738	Aarskog-Scott syndrome, X-linked	faciodigitogenital syndrome	syndrome
GARD:0024738	Aarskog-Scott syndrome, X-linked	faciogenital dysplasia	dysplasia
GARD:0024738	Aarskog-Scott syndrome, X-linked	Aarskog disease	disease
GARD:0024750	russell-silver syndrome, x-linked	Partington syndrome	syndrome
GARD:0024758	warburg micro syndrome 1	micro syndrome	micro
GARD:0024758	warburg micro syndrome 1	micro syndrome	syndrome
GARD:0024758	warburg micro syndrome 1	micro syndrome 1	micro
GARD:0024758	warburg micro syndrome 1	micro syndrome 1	syndrome
GARD:0024762	craniosynostosis 4	craniosynostosis type 4	type
GARD:0024763	hypertrophic cardiomyopathy 6	cardiomyopathy, hypertrophic 6	hypertrophic
GARD:0024767	autosomal dominant hypocalcemia 1	hypercalciuric hypocalcemia	hypocalcemia
GARD:0024767	autosomal dominant hypocalcemia 1	hypocalcemia, familial	hypocalcemia
GARD:0024767	autosomal dominant hypocalcemia 1	hypocalcemia, familial	familial
GARD:0024770	van maldergem syndrome 1	Cerebrofacioarticular syndrome	syndrome
GARD:0024778	thrombocythemia 2	thrombocythemia type 2	type
GARD:0024782	hemochromatosis type 2A	hemochromatosis, juvenile	hemochromatosis
GARD:0024782	hemochromatosis type 2A	hemochromatosis, juvenile	juvenile
GARD:0024782	hemochromatosis type 2A	hemochromatosis, type 2	hemochromatosis
GARD:0024782	hemochromatosis type 2A	hemochromatosis, type 2	type
GARD:0024783	branchiootic syndrome 1	branchiootic dysplasia	dysplasia
GARD:0024783	branchiootic syndrome 1	bo syndrome 1	bo
GARD:0024783	branchiootic syndrome 1	bo syndrome 1	syndrome
GARD:0024786	rigid spine muscular dystrophy 1	classic MmD	classic
GARD:0024787	mitochondrial DNA depletion syndrome 1	Polip syndrome	syndrome
GARD:0024789	citrullinemia, type ii, adult-onset	citrullinemia type 2	type
GARD:0024789	citrullinemia, type ii, adult-onset	citrin deficiency	citrin
GARD:0024789	citrullinemia, type ii, adult-onset	citrin deficiency	deficiency
GARD:0024793	hypercholesterolemia, autosomal dominant, 3	hypercholesterolemia, familial, 3	hypercholesterolemia
GARD:0024793	hypercholesterolemia, autosomal dominant, 3	hypercholesterolemia, familial, 3	familial
GARD:0024796	hypoalphalipoproteinemia, primary, 1	hypoalphalipoproteinemia, familial	familial
GARD:0024796	hypoalphalipoproteinemia, primary, 1	hypoalphalipoproteinemia, primary	primary
GARD:0024806	hypotrichosis 1	hypotrichosis type 1	hypotrichosis
GARD:0024806	hypotrichosis 1	hypotrichosis type 1	type
GARD:0024813	holoprosencephaly 6	holoprosencephaly type 6	type
GARD:0024820	lymphangioleiomyomatosis	pulmonary lymphangioleiomyomatosis	pulmonary
GARD:0024820	lymphangioleiomyomatosis	lung lymphangioleiomyomatosis	lung
GARD:0024820	lymphangioleiomyomatosis	lymphangioleiomyomatosis, somatic	somatic
GARD:0024821	nephronophthisis 4	nephronophthisis 4, juvenile	juvenile
GARD:0024821	nephronophthisis 4	juvenile nephronophthisis 4	juvenile
GARD:0024821	nephronophthisis 4	nephronophthisis type 4	type
GARD:0024827	hypertrophic cardiomyopathy 25	cardiomyopathy, hypertrophic, 25	hypertrophic
GARD:0024839	orofaciodigital syndrome vii	Whelan syndrome	syndrome
GARD:0024839	orofaciodigital syndrome vii	orofaciodigital syndrome 7	syndrome
GARD:0024842	hypertrophic cardiomyopathy 8	cardiomyopathy, hypertrophic, 8	hypertrophic
GARD:0024843	hypertrophic cardiomyopathy 10	cardiomyopathy, hypertrophic, 10	hypertrophic
GARD:0024857	holoprosencephaly 8	holoprosencephaly type 8	type
GARD:0024860	holoprosencephaly 5	holoprosencephaly type 5	type
GARD:0024861	cataract 22 multiple types	cataract 22	cataract
GARD:0024862	congenital nongoitrous hypothyroidism 3	thyrotropin resistance	resistance
GARD:0024863	isolated microphthalmia 2	microphthalmia, isolated 2	microphthalmia
GARD:0024863	isolated microphthalmia 2	microphthalmia, isolated 2	isolated
GARD:0024868	esophagitis, eosinophilic, 1	esophagitis, eosinophilic	esophagitis
GARD:0024868	esophagitis, eosinophilic, 1	esophagitis, eosinophilic	eosinophilic
GARD:0024869	cataract 23	lamellar cataract 23	lamellar
GARD:0024869	cataract 23	lamellar cataract 23	cataract
GARD:0024869	cataract 23	cataract type 23	cataract
GARD:0024869	cataract 23	cataract type 23	type
GARD:0024869	cataract 23	cataract 23, lamellar	cataract
GARD:0024869	cataract 23	cataract 23, lamellar	lamellar
GARD:0024871	corticosterone methyloxidase type 2 deficiency	aldosterone deficiency 2	deficiency
GARD:0024871	corticosterone methyloxidase type 2 deficiency	Cmo 2 deficiency	deficiency
GARD:0024874	holoprosencephaly 7	holoprosencephaly type 7	type
GARD:0024875	holoprosencephaly 9	holoprosencephaly type 9	type
GARD:0024876	isolated microphthalmia 3	microphthalmia, isolated 3	microphthalmia
GARD:0024876	isolated microphthalmia 3	microphthalmia, isolated 3	isolated
GARD:0024879	nephronophthisis 7	nephronophthisis type 7	type
GARD:0024885	primary lateral sclerosis, adult, 1	Pls, adult	adult
GARD:0024886	renal hypomagnesemia 4	hypomagnesemia 4, renal	renal
GARD:0024889	hypertrophic cardiomyopathy 11	cardiomyopathy, hypertrophic, 11	hypertrophic
GARD:0024890	hypertrophic cardiomyopathy 12	cardiomyopathy, hypertrophic, 12	hypertrophic
GARD:0024895	heparin cofactor 2 deficiency	Hcf 2 deficiency	deficiency
GARD:0024899	premature ovarian failure 7	adrenocortical insufficiency	adrenocortical
GARD:0024899	premature ovarian failure 7	adrenocortical insufficiency	insufficiency
GARD:0024901	isolated microphthalmia 4	microphthalmia, isolated 4	microphthalmia
GARD:0024901	isolated microphthalmia 4	microphthalmia, isolated 4	isolated
GARD:0024906	hypertrophic cardiomyopathy 13	cardiomyopathy, hypertrophic, 13	hypertrophic
GARD:0024907	hypertrophic cardiomyopathy 14	cardiomyopathy, hypertrophic, 14	hypertrophic
GARD:0024908	hypertrophic cardiomyopathy 15	cardiomyopathy, hypertrophic, 15	hypertrophic
GARD:0024916	hypertrophic cardiomyopathy 7	cardiomyopathy, hypertrophic, 7	hypertrophic
GARD:0024917	isolated microphthalmia 7	microphthalmia, isolated 7	microphthalmia
GARD:0024917	isolated microphthalmia 7	microphthalmia, isolated 7	isolated
GARD:0024925	nephronophthisis 12	nephronophthisis type 12	type
GARD:0024925	nephronophthisis 12	Joubert syndrome 11	joubert
GARD:0024925	nephronophthisis 12	Joubert syndrome 11	syndrome
GARD:0024926	nephronophthisis 9	nephronophthisis type 9	type
GARD:0024927	hypertrophic cardiomyopathy 16	cardiomyopathy, hypertrophic, 16	hypertrophic
GARD:0024929	hypertrophic cardiomyopathy 17	cardiomyopathy, hypertrophic, 17	hypertrophic
GARD:0024930	hypertrophic cardiomyopathy 18	cardiomyopathy, hypertrophic, 18	hypertrophic
GARD:0024932	hypertrophic cardiomyopathy 20	cardiomyopathy, hypertrophic, 20	hypertrophic
GARD:0024933	beta-thalassemia HBB/LCRB	thalassemia, beta	beta
GARD:0024934	lissencephaly 4	lissencephaly type 4	type
GARD:0024937	Meckel syndrome, type 10	meckel syndrome 10	syndrome
GARD:0024937	Meckel syndrome, type 10	Joubert syndrome 34	joubert
GARD:0024937	Meckel syndrome, type 10	Joubert syndrome 34	syndrome
GARD:0024938	holoprosencephaly 11	holoprosencephaly type 11	type
GARD:0024942	nephronophthisis 13	nephronophthisis type 13	type
GARD:0024950	thrombocythemia 3	thrombocythemia type 3	type
GARD:0024956	hypertrophic cardiomyopathy 21	cardiomyopathy, hypertrophic, 21	hypertrophic
GARD:0024957	cataract 38	cataract type 38	cataract
GARD:0024957	cataract 38	cataract type 38	type
GARD:0024960	pulmonary fibrosis and/or bone marrow failure, telomere-related, 2	aplastic anaemia	aplastic
GARD:0024960	pulmonary fibrosis and/or bone marrow failure, telomere-related, 2	aplastic anaemia	anaemia
GARD:0024960	pulmonary fibrosis and/or bone marrow failure, telomere-related, 2	aplastic anemia	aplastic
GARD:0024960	pulmonary fibrosis and/or bone marrow failure, telomere-related, 2	aplastic anemia	anemia
GARD:0024962	nephronophthisis 14	nephronophthisis type 14	type
GARD:0024962	nephronophthisis 14	Joubert syndrome 19	joubert
GARD:0024962	nephronophthisis 14	Joubert syndrome 19	syndrome
GARD:0024963	immunodeficiency 28	immunodeficiency type 28	type
GARD:0024967	isolated microphthalmia 8	microphthalmia, isolated 8	microphthalmia
GARD:0024967	isolated microphthalmia 8	microphthalmia, isolated 8	isolated
GARD:0024972	cataract 19 multiple types	cataract 19	cataract
GARD:0024972	cataract 19 multiple types	cataract type 19	cataract
GARD:0024972	cataract 19 multiple types	cataract type 19	type
GARD:0024980	multiple fibroadenoma of the breast	mammary polyadenomatosis	mammary
GARD:0024992	nephronophthisis 18	nephronophthisis type 18	type
GARD:0024994	immunodeficiency 37	immunodeficiency type 37	type
GARD:0025000	thrombocytopenia 5	thrombocytopenia type 5	thrombocytopenia
GARD:0025000	thrombocytopenia 5	thrombocytopenia type 5	type
GARD:0025003	cataract 43	cataract type 43	cataract
GARD:0025003	cataract 43	cataract type 43	type
GARD:0025005	immunodeficiency 39	immunodeficiency type 39	type
GARD:0025016	cataract 45	cataract type 45	cataract
GARD:0025016	cataract 45	cataract type 45	type
GARD:0025034	myofibrillar myopathy 7	myopathy, myofibrillar, 7	myopathy
GARD:0025043	immunodeficiency 49	immunodeficiency type 49	type
GARD:0025044	lissencephaly 8	lissencephaly type 8	type
GARD:0025045	myofibrillar myopathy 8	myopathy, myofibrillar, 8	myopathy
GARD:0025059	autosomal dominant spastic paraplegia type 9	spastic paraplegia 9	spastic
GARD:0025059	autosomal dominant spastic paraplegia type 9	spastic paraplegia 9	paraplegia
GARD:0025063	herpes simplex virus keratitis	dendritic keratitis	dendritic
GARD:0025063	herpes simplex virus keratitis	dendritic keratitis	keratitis
GARD:0025063	herpes simplex virus keratitis	herpetic keratitis	herpetic
GARD:0025063	herpes simplex virus keratitis	herpetic keratitis	keratitis
GARD:0025063	herpes simplex virus keratitis	Simplexvirus keratitis	keratitis
GARD:0025065	paraneoplastic limbic encephalitis	limbic encephalitis	limbic
GARD:0025065	paraneoplastic limbic encephalitis	limbic encephalitis	encephalitis
GARD:0025091	rapidly progressive glomerulonephritis	crescentic glomerulonephritis	crescentic
GARD:0025091	rapidly progressive glomerulonephritis	crescentic glomerulonephritis	glomerulonephritis
GARD:0025134	isolated oxycephaly	acrocephaly	acrocephaly
GARD:0025134	isolated oxycephaly	hypsicephaly	hypsicephaly
GARD:0025134	isolated oxycephaly	pyrgocephaly	pyrgocephaly
GARD:0025143	simple cryoglobulinemia	cryoglobulinemia type 1	type
GARD:0025146	astrocytoma (excluding glioblastoma)	astrocytoma	astrocytoma
GARD:0025150	growth hormone-producing pituitary gland neoplasm	somatotroph tumor	tumor
GARD:0025150	growth hormone-producing pituitary gland neoplasm	pituitary somatotropinoma	pituitary
GARD:0025150	growth hormone-producing pituitary gland neoplasm	somatotroph neoplasm	neoplasm
GARD:0025151	infectious encephalitis	encephalitis infection	encephalitis
GARD:0025151	infectious encephalitis	encephalitis infection	infection
GARD:0025155	congenital vitreoretinal dysplasia	vitreoretinal dysplasia	dysplasia
GARD:0025157	congenital glaucoma	hydrophthalmos	hydrophthalmos
GARD:0025157	congenital glaucoma	buphthalmia	buphthalmia
GARD:0025175	benign PEComa	typical PEComa	typical
GARD:0025185	Simpson-Golabi-Behmel syndrome type 1	bulldog syndrome	bulldog
GARD:0025185	Simpson-Golabi-Behmel syndrome type 1	bulldog syndrome	syndrome
GARD:0025186	Liddle syndrome 1	Liddle syndrome	syndrome
GARD:0025190	grade III meningioma	meningioma, malignant	malignant
GARD:0025190	grade III meningioma	grade 3 meningioma	grade
GARD:0025191	anaplastic meningioma	malignant meningioma	malignant
GARD:0025191	anaplastic meningioma	meningioma, malignant	malignant
GARD:0025199	vaginal adenocarcinoma	vagina adenocarcinoma	vagina
GARD:0025199	vaginal adenocarcinoma	vagina adenocarcinoma	adenocarcinoma
GARD:0025206	L√∂fgren syndrome	Loefgrens syndrome	syndrome
GARD:0025208	Ehlers-Danlos syndrome, musculocontractural type 1	Dundar syndrome	syndrome
GARD:0025209	ehlers-danlos syndrome, spondylodysplastic type, 1	galactosyltransferase 1 deficiency	deficiency
GARD:0025216	erythroid neoplasm	erythroid tumor	erythroid
GARD:0025216	erythroid neoplasm	erythroid tumor	tumor
GARD:0025216	erythroid neoplasm	erythroid tumour	erythroid
GARD:0025226	hypouricemia, renal 1	Dalmatian hypouricemia	dalmatian
GARD:0025226	hypouricemia, renal 1	hypouricemia, renal, 1	renal
GARD:0025226	hypouricemia, renal 1	renal hypouricemia	renal
GARD:0025259	pseudomembranous diphtheritic conjunctivitis	conjunctival diphtheria	conjunctival
GARD:0025259	pseudomembranous diphtheritic conjunctivitis	conjunctival diphtheria	diphtheria
GARD:0025265	faucial diphtheria	diphtheritic membrane	diphtheritic
GARD:0025265	faucial diphtheria	diphtheritic membrane	membrane
GARD:0025266	laryngeal diphtheria	diphtheritic laryngotracheitis	diphtheritic
GARD:0025266	laryngeal diphtheria	diphtheritic laryngotracheitis	laryngotracheitis
GARD:0025270	mansonella ozzardi infection	filariasis ozzardi	filariasis
GARD:0025270	mansonella ozzardi infection	Ozzardian filariasis	filariasis
GARD:0025276	cirrhosis, familial, with antigenemia	cirrhosis, familial	cirrhosis
GARD:0025276	cirrhosis, familial, with antigenemia	cirrhosis, familial	familial
GARD:0025278	pleural solitary fibrous tumor	pleural fibroma	pleural
GARD:0025278	pleural solitary fibrous tumor	pleural fibroma	fibroma
GARD:0025280	benign mastocytoma	mastocytoma, benign	benign
GARD:0025282	familial adenomatous polyposis 1	Gardner syndrome	syndrome
GARD:0025284	jugulotympanic paraganglioma	Glomus tumor	glomus
GARD:0025284	jugulotympanic paraganglioma	Glomus tumor	tumor
GARD:0025284	jugulotympanic paraganglioma	Glomus tumour	glomus
GARD:0025284	jugulotympanic paraganglioma	jugular paraganglioma	jugular
GARD:0025286	sympathetic paraganglioma	chromaffin neoplasm	chromaffin
GARD:0025286	sympathetic paraganglioma	chromaffin neoplasm	neoplasm
GARD:0025286	sympathetic paraganglioma	chromaffin tumor	chromaffin
GARD:0025286	sympathetic paraganglioma	chromaffin tumor	tumor
GARD:0025286	sympathetic paraganglioma	chromaffin tumour	chromaffin
GARD:0025287	congenital fibrosis of extraocular muscles type 1	ophthalmoplegia, congenital	ophthalmoplegia
GARD:0025287	congenital fibrosis of extraocular muscles type 1	ophthalmoplegia, congenital	congenital
GARD:0025289	cranioectodermal dysplasia 1	Levin syndrome 1	levin
GARD:0025289	cranioectodermal dysplasia 1	Levin syndrome 1	syndrome
GARD:0025289	cranioectodermal dysplasia 1	Sensenbrenner syndrome	syndrome
GARD:0025313	malignant tumor of meninges	meningeal cancer	meningeal
GARD:0025313	malignant tumor of meninges	meningeal cancer	cancer
GARD:0025314	carcinoma of duodenum	duodenal carcinoma	duodenal
GARD:0025314	carcinoma of duodenum	duodenal carcinoma	carcinoma
GARD:0025314	carcinoma of duodenum	duodenum carcinoma	duodenum
GARD:0025314	carcinoma of duodenum	duodenum carcinoma	carcinoma
GARD:0025314	carcinoma of duodenum	duodenal cancer	duodenal
GARD:0025314	carcinoma of duodenum	duodenal cancer	cancer
GARD:0025332	rectal neuroendocrine tumor G1	rectal carcinoid	rectal
GARD:0025332	rectal neuroendocrine tumor G1	rectal carcinoid	carcinoid
GARD:0025334	undifferentiated carcinoma of nasopharynx	nasopharyngeal lymphoepithelioma	nasopharyngeal
GARD:0025338	neoplasm of femur	femur tumor	femur
GARD:0025338	neoplasm of femur	femur tumor	tumor
GARD:0025338	neoplasm of femur	femur tumour	femur
GARD:0025338	neoplasm of femur	femur neoplasm	femur
GARD:0025338	neoplasm of femur	femur neoplasm	neoplasm
GARD:0025346	grade III glioma	anaplastic glioma	anaplastic
GARD:0025346	grade III glioma	anaplastic glioma	glioma
GARD:0025348	neuralgia	pain, nerve	pain
GARD:0025348	neuralgia	pain, nerve	nerve
GARD:0025348	neuralgia	pain, neuropathic	pain
GARD:0025348	neuralgia	pain, neuropathic	neuropathic
GARD:0025349	post-infectious neuralgia	postinfectious neuralgia	neuralgia
GARD:0025352	temporomandibular joint dysfunction syndrome	tmj syndrome	syndrome
GARD:0025352	temporomandibular joint dysfunction syndrome	Mandibular dysfunction	mandibular
GARD:0025352	temporomandibular joint dysfunction syndrome	Mandibular dysfunction	dysfunction
GARD:0025352	temporomandibular joint dysfunction syndrome	Snapping jaw	snapping
GARD:0025352	temporomandibular joint dysfunction syndrome	Snapping jaw	jaw
GARD:0025352	temporomandibular joint dysfunction syndrome	Costen Syndrome	syndrome
GARD:0025352	temporomandibular joint dysfunction syndrome	Costens Syndrome	syndrome
GARD:0025354	infection by trypanosoma gambiense	Gambian trypanosomiasis	trypanosomiasis
GARD:0025355	infection by trypanosoma rhodesiense	rhodesian trypanosomiasis	rhodesian
GARD:0025355	infection by trypanosoma rhodesiense	rhodesian trypanosomiasis	trypanosomiasis
GARD:0025357	cutaneous tuberculosis	Skin Tuberculoses	skin
GARD:0025357	cutaneous tuberculosis	tuberculoderma	tuberculoderma
GARD:0025357	cutaneous tuberculosis	Tuberculoses, Skin	skin
GARD:0025357	cutaneous tuberculosis	Cutaneous Tuberculoses	cutaneous
GARD:0025357	cutaneous tuberculosis	Skin Tuberculosis	skin
GARD:0025357	cutaneous tuberculosis	Skin Tuberculosis	tuberculosis
GARD:0025357	cutaneous tuberculosis	Tuberculoses, Cutaneous	cutaneous
GARD:0025357	cutaneous tuberculosis	tuberculosis cutis	tuberculosis
GARD:0025357	cutaneous tuberculosis	tuberculosis cutis	cutis
GARD:0025357	cutaneous tuberculosis	Tuberculosis, Cutaneous	tuberculosis
GARD:0025357	cutaneous tuberculosis	Tuberculosis, Cutaneous	cutaneous
GARD:0025357	cutaneous tuberculosis	Tuberculosis, Skin	tuberculosis
GARD:0025357	cutaneous tuberculosis	Tuberculosis, Skin	skin
GARD:0025366	chromosome 22, monosome mosaic	Mosaic monosome 22	mosaic
GARD:0025366	chromosome 22, monosome mosaic	Mosaic monosome 22	monosome
GARD:0025378	hypothyroidism, congenital, nongoitrous, 2	thyroid, ectopic	thyroid
GARD:0025378	hypothyroidism, congenital, nongoitrous, 2	thyroid, ectopic	ectopic
GARD:0025378	hypothyroidism, congenital, nongoitrous, 2	hypothyroidism, athyreotic	hypothyroidism
GARD:0025378	hypothyroidism, congenital, nongoitrous, 2	thyroid agenesis	thyroid
GARD:0025378	hypothyroidism, congenital, nongoitrous, 2	thyroid agenesis	agenesis
GARD:0025378	hypothyroidism, congenital, nongoitrous, 2	thyroid hypoplasia	thyroid
GARD:0025378	hypothyroidism, congenital, nongoitrous, 2	thyroid hypoplasia	hypoplasia
GARD:0025378	hypothyroidism, congenital, nongoitrous, 2	athyreotic hypothyroidism	hypothyroidism
GARD:0025378	hypothyroidism, congenital, nongoitrous, 2	thyroid dysgenesis	thyroid
GARD:0025378	hypothyroidism, congenital, nongoitrous, 2	thyroid dysgenesis	dysgenesis
GARD:0025378	hypothyroidism, congenital, nongoitrous, 2	thyrotropin resistance	resistance
GARD:0025379	neonatal thrombocytopenia	neonatal purpura	neonatal
GARD:0025379	neonatal thrombocytopenia	neonatal purpura	purpura
GARD:0025385	hypophosphatemic rickets	Phosphopenic rickets	rickets
GARD:0025396	retinal neuroblastoma	retina neuroblastoma	retina
GARD:0025396	retinal neuroblastoma	retina neuroblastoma	neuroblastoma
GARD:0025400	facial paresis, hereditary congenital, 1	Mobius syndrome 2	syndrome
GARD:0025400	facial paresis, hereditary congenital, 1	Moebius syndrome 2	syndrome
GARD:0025407	aniridia 1	aniridia	aniridia
GARD:0025408	schwannomatosis 1	schwannomatosis, somatic	somatic
GARD:0025409	reactive thrombocytosis	secondary thrombocytosis	secondary
GARD:0025413	bethlem myopathy 1a	Bethlem myopathy	myopathy
GARD:0025413	bethlem myopathy 1a	Bethlem myopathy 1	myopathy
GARD:0025420	choroidal dystrophy, central areolar, 1	choroidal sclerosis	choroidal
GARD:0025420	choroidal dystrophy, central areolar, 1	choroidal sclerosis	sclerosis
GARD:0025422	trichohepatoenteric syndrome 1	diarrhea, syndromic	diarrhea
GARD:0025422	trichohepatoenteric syndrome 1	diarrhea, syndromic	syndromic
GARD:0025422	trichohepatoenteric syndrome 1	The syndrome	the
GARD:0025422	trichohepatoenteric syndrome 1	The syndrome	syndrome
GARD:0025423	cerebellar ataxia, intellectual disability, and dysequilibrium syndrome 1	dysequilibrium syndrome	syndrome
GARD:0025425	miyoshi muscular dystrophy 1	Miyoshi myopathy	myopathy
GARD:0025427	linear skin defects with multiple congenital anomalies 1	microphthalmia, syndromic 7	microphthalmia
GARD:0025427	linear skin defects with multiple congenital anomalies 1	microphthalmia, syndromic 7	syndromic
GARD:0025427	linear skin defects with multiple congenital anomalies 1	Midas syndrome	syndrome
GARD:0025436	orbit neoplasm	orbit tumor	orbit
GARD:0025436	orbit neoplasm	orbit tumor	tumor
GARD:0025436	orbit neoplasm	orbital neoplasm	orbital
GARD:0025436	orbit neoplasm	orbital neoplasm	neoplasm
GARD:0025436	orbit neoplasm	orbital tumor	orbital
GARD:0025436	orbit neoplasm	orbital tumor	tumor
GARD:0025436	orbit neoplasm	orbital tumour	orbital
GARD:0025436	orbit neoplasm	orbital neoplasms	orbital
GARD:0025436	orbit neoplasm	orbit tumour	orbit
GARD:0025440	thyroid gland adenocarcinoma	thyroid adenocarcinoma	thyroid
GARD:0025440	thyroid gland adenocarcinoma	thyroid adenocarcinoma	adenocarcinoma
GARD:0025448	skull neoplasm	skull tumour	skull
GARD:0025448	skull neoplasm	skull tumor	skull
GARD:0025448	skull neoplasm	skull tumor	tumor
GARD:0025454	skin lymphangioma	cutaneous lymphangioma	cutaneous
GARD:0025454	skin lymphangioma	cutaneous lymphangioma	lymphangioma
GARD:0025455	Pancoast syndrome	Pancoasts syndrome	syndrome
GARD:0025455	Pancoast syndrome	syndrome, Pancoast	syndrome
GARD:0025455	Pancoast syndrome	Pancoast tumor	tumor
GARD:0025455	Pancoast syndrome	tumor, Pancoast	tumor
GARD:0025456	adult kidney Wilms tumor	adult nephroblastoma	adult
GARD:0025457	childhood kidney Wilms tumor	Wilms tumor	tumor
GARD:0025461	immature teratoma	hrade 2 Teratoma	teratoma
GARD:0025461	immature teratoma	embryonal teratoma	embryonal
GARD:0025461	immature teratoma	embryonal teratoma	teratoma
GARD:0025470	clitoral carcinoma	clitoral cancer	cancer
GARD:0025470	clitoral carcinoma	clitoris carcinoma	clitoris
GARD:0025470	clitoral carcinoma	clitoris carcinoma	carcinoma
GARD:0025473	soft tissue amyloid neoplasm	amyloid tumor	amyloid
GARD:0025473	soft tissue amyloid neoplasm	amyloid tumor	tumor
GARD:0025473	soft tissue amyloid neoplasm	amyloid neoplasm	amyloid
GARD:0025473	soft tissue amyloid neoplasm	amyloid neoplasm	neoplasm
GARD:0025473	soft tissue amyloid neoplasm	amyloid tumour	amyloid
GARD:0025476	anaplasmosis	human anaplasmosis	human
GARD:0025476	anaplasmosis	human anaplasmosis	anaplasmosis
GARD:0025497	Kleefstra syndrome 1	Kleefstra syndrome	syndrome
GARD:0025646	osteogenesis imperfecta, type 21	osteogenesis imperfecta 21	osteogenesis
GARD:0025660	intellectual disability, autosomal recessive 61	Alwadei syndrome	syndrome
GARD:0025721	intrauterine growth retardation, metaphyseal dysplasia, adrenal hypoplasia congenita, genital anomalies, and immunodeficiency	Imagei Syndrome	syndrome
GARD:0025748	myopathy, congenital, with tremor	Myogenic Tremor	myogenic
GARD:0025748	myopathy, congenital, with tremor	Myogenic Tremor	tremor
GARD:0025768	arthrogryposis multiplex congenita 4, neurogenic, with agenesis of the corpus callosum	Zain Syndrome	zain
GARD:0025768	arthrogryposis multiplex congenita 4, neurogenic, with agenesis of the corpus callosum	Zain Syndrome	syndrome
GARD:0025774	developmental and epileptic encephalopathy, 84	Jamuar Syndrome	syndrome
GARD:0025782	erythrokeratodermia variabilis et progressiva 1	Greither disease	disease
GARD:0025802	erythrocytosis, familial, 5	familial erythrocytosis 5	familial
GARD:0025802	erythrocytosis, familial, 5	familial erythrocytosis 5	erythrocytosis
GARD:0025820	adrenal cortex neoplasm	adrenocortical neoplasm	adrenocortical
GARD:0025820	adrenal cortex neoplasm	adrenocortical neoplasm	neoplasm
GARD:0025820	adrenal cortex neoplasm	adrenocortical tumor	adrenocortical
GARD:0025820	adrenal cortex neoplasm	adrenocortical tumor	tumor
GARD:0025820	adrenal cortex neoplasm	adrenocortical tumour	adrenocortical
GARD:0025829	urothelial carcinoma	Uroepithelial carcinoma	carcinoma
GARD:0025831	latent tuberculosis infection	inactive tuberculosis	inactive
GARD:0025831	latent tuberculosis infection	inactive tuberculosis	tuberculosis
GARD:0025835	polymorphic light eruption	polymorphic photodermatitis	polymorphic
GARD:0025838	multibacillary leprosy	lepromatous leprosy	lepromatous
GARD:0025838	multibacillary leprosy	lepromatous leprosy	leprosy
GARD:0025839	paucibacillary leprosy	tuberculoid leprosy	tuberculoid
GARD:0025839	paucibacillary leprosy	tuberculoid leprosy	leprosy
GARD:0025844	mycotic endocarditis	fungal endocarditis	fungal
GARD:0025844	mycotic endocarditis	fungal endocarditis	endocarditis
GARD:0025845	tertiary lesion of yaws	tertiary yaws	tertiary
GARD:0025845	tertiary lesion of yaws	tertiary yaws	yaws
GARD:0025850	cervical squamous intraepithelial neoplasia	cervical sil	cervical
GARD:0025850	cervical squamous intraepithelial neoplasia	cervical sil	sil
GARD:0025855	Weil's disease	leptospirosis, icterohemorrhagic	leptospirosis
GARD:0025855	Weil's disease	icteric leptospirosis	icteric
GARD:0025855	Weil's disease	icteric leptospirosis	leptospirosis
GARD:0025855	Weil's disease	spirochetal jaundice	spirochetal
GARD:0025855	Weil's disease	spirochetal jaundice	jaundice
GARD:0025855	Weil's disease	Weil disease	disease
GARD:0025855	Weil's disease	disease, Weil	disease
GARD:0025855	Weil's disease	Icterohemorrhagic leptospirosis	leptospirosis
GARD:0025855	Weil's disease	Weils disease	disease
GARD:0025855	Weil's disease	jaundice, spirochetal	jaundice
GARD:0025855	Weil's disease	jaundice, spirochetal	spirochetal
GARD:0025859	chromosome 8, trisomy	chromosome 8 duplication	chromosome
GARD:0025859	chromosome 8, trisomy	chromosome 8 duplication	duplication
GARD:0025859	chromosome 8, trisomy	trisomy 8	trisomy
GARD:0025860	humoral hypercalcemia of malignancy	malignant hypercalcemia	malignant
GARD:0025860	humoral hypercalcemia of malignancy	malignant hypercalcemia	hypercalcemia
GARD:0025864	chromosome inversion disorder	chromosome Inversions	chromosome
GARD:0025864	chromosome inversion disorder	inversion	inversion
GARD:0025864	chromosome inversion disorder	inversion, chromosome	inversion
GARD:0025864	chromosome inversion disorder	inversion, chromosome	chromosome
GARD:0025864	chromosome inversion disorder	Inversions, chromosome	chromosome
GARD:0025864	chromosome inversion disorder	chromosomal Inversions	chromosomal
GARD:0025864	chromosome inversion disorder	Inversions, chromosomal	chromosomal
GARD:0025864	chromosome inversion disorder	inverted chromosome	inverted
GARD:0025864	chromosome inversion disorder	inverted chromosome	chromosome
GARD:0025864	chromosome inversion disorder	chromosomal inversion	chromosomal
GARD:0025864	chromosome inversion disorder	chromosomal inversion	inversion
GARD:0025864	chromosome inversion disorder	inversion, chromosomal	inversion
GARD:0025864	chromosome inversion disorder	inversion, chromosomal	chromosomal
GARD:0025866	thrombocytopenic purpura	thrombopenic purpura	purpura
GARD:0025866	thrombocytopenic purpura	purpura, thrombopenic	purpura
GARD:0025867	radiodermatitis	radiation dermatitis	radiation
GARD:0025867	radiodermatitis	radiation dermatitis	dermatitis
GARD:0025867	radiodermatitis	dermatitis radiation	dermatitis
GARD:0025867	radiodermatitis	dermatitis radiation	radiation
GARD:0025868	respiratory paralysis	paralysis, diaphragmatic	paralysis
GARD:0025868	respiratory paralysis	paralysis, diaphragmatic	diaphragmatic
GARD:0025868	respiratory paralysis	paralysis, respiratory	paralysis
GARD:0025868	respiratory paralysis	paralysis, respiratory	respiratory
GARD:0025868	respiratory paralysis	diaphragmatic paralysis	diaphragmatic
GARD:0025868	respiratory paralysis	diaphragmatic paralysis	paralysis
GARD:0025869	tuberculosis, spinal	spinal tuberculosis	spinal
GARD:0025869	tuberculosis, spinal	spinal tuberculosis	tuberculosis
GARD:0025869	tuberculosis, spinal	spinal Tuberculoses	spinal
GARD:0025869	tuberculosis, spinal	Tuberculoses, spinal	spinal
GARD:0025869	tuberculosis, spinal	disease, pott	disease
GARD:0025869	tuberculosis, spinal	disease, pott	pott
GARD:0025869	tuberculosis, spinal	pott disease	pott
GARD:0025869	tuberculosis, spinal	pott disease	disease
GARD:0025869	tuberculosis, spinal	Potts disease	disease
GARD:0025869	tuberculosis, spinal	tuberculous spondylitis	tuberculous
GARD:0025869	tuberculosis, spinal	tuberculous spondylitis	spondylitis
GARD:0025872	leishmaniasis, diffuse cutaneous	cheloid leishmaniasis	leishmaniasis
GARD:0025872	leishmaniasis, diffuse cutaneous	leproid leishmaniasis	leproid
GARD:0025872	leishmaniasis, diffuse cutaneous	leproid leishmaniasis	leishmaniasis
GARD:0025873	radiation pneumonitis	Pneumonitides, radiation	radiation
GARD:0025873	radiation pneumonitis	radiation pneumonia	radiation
GARD:0025873	radiation pneumonitis	radiation pneumonia	pneumonia
GARD:0025873	radiation pneumonitis	Pneumonias, radiation	radiation
GARD:0025873	radiation pneumonitis	pneumonitis, radiation	pneumonitis
GARD:0025873	radiation pneumonitis	pneumonitis, radiation	radiation
GARD:0025873	radiation pneumonitis	radiation Pneumonias	radiation
GARD:0025873	radiation pneumonitis	pneumonia, radiation	pneumonia
GARD:0025873	radiation pneumonitis	pneumonia, radiation	radiation
GARD:0025873	radiation pneumonitis	radiation fibrosis	radiation
GARD:0025873	radiation pneumonitis	radiation fibrosis	fibrosis
GARD:0025873	radiation pneumonitis	fibrosis, radiation	fibrosis
GARD:0025873	radiation pneumonitis	fibrosis, radiation	radiation
GARD:0025873	radiation pneumonitis	radiation Pneumonitides	radiation
GARD:0025875	central nervous system lupus	lupus meningoencephalitis	lupus
GARD:0025875	central nervous system lupus	lupus meningoencephalitis	meningoencephalitis
GARD:0025875	central nervous system lupus	meningoencephalitis, lupus	meningoencephalitis
GARD:0025875	central nervous system lupus	meningoencephalitis, lupus	lupus
GARD:0025875	central nervous system lupus	lupus Meningoencephalitides	lupus
GARD:0025875	central nervous system lupus	Meningoencephalitides, lupus	lupus
GARD:0025876	livedo reticularis	livedo racemosa	livedo
GARD:0025877	candidiasis, invasive	candidiases, invasive	invasive
GARD:0025877	candidiasis, invasive	invasive candidiasis	invasive
GARD:0025877	candidiasis, invasive	invasive candidiases	invasive
GARD:0025880	hyalitis	hyaloiditis	hyaloiditis
GARD:0025886	myasthenic syndrome, congenital, 22	Prepl deficiency	deficiency
GARD:0025900	Schistosoma japonicum infectious disease	Katamaya syndrome	syndrome
GARD:0025900	Schistosoma japonicum infectious disease	Asiatic schistosomiasis	asiatic
GARD:0025900	Schistosoma japonicum infectious disease	Asiatic schistosomiasis	schistosomiasis
GARD:0025900	Schistosoma japonicum infectious disease	Katayama disease	disease
GARD:0025900	Schistosoma japonicum infectious disease	schistosomiasis japonicum	schistosomiasis
GARD:0025900	Schistosoma japonicum infectious disease	Katamaya fever	fever
GARD:0025907	childhood adrenal gland pheochromocytoma	pheochromocytoma, childhood	childhood
GARD:0025913	childhood myelodysplastic syndrome	myelodysplastic syndrome	syndrome
GARD:0025916	hematopoietic and lymphoid cell neoplasm	haematopoietic cancer	cancer
GARD:0025916	hematopoietic and lymphoid cell neoplasm	hematologic cancer	cancer
GARD:0025916	hematopoietic and lymphoid cell neoplasm	hematopoietic neoplasm	hematopoietic
GARD:0025916	hematopoietic and lymphoid cell neoplasm	hematopoietic neoplasm	neoplasm
GARD:0025916	hematopoietic and lymphoid cell neoplasm	haematological neoplasm	neoplasm
GARD:0025916	hematopoietic and lymphoid cell neoplasm	hematological tumor	hematological
GARD:0025916	hematopoietic and lymphoid cell neoplasm	hematological tumor	tumor
GARD:0025916	hematopoietic and lymphoid cell neoplasm	hematopoietic cancer	hematopoietic
GARD:0025916	hematopoietic and lymphoid cell neoplasm	hematopoietic cancer	cancer
GARD:0025916	hematopoietic and lymphoid cell neoplasm	hematopoietic tumor	hematopoietic
GARD:0025916	hematopoietic and lymphoid cell neoplasm	hematopoietic tumor	tumor
GARD:0025916	hematopoietic and lymphoid cell neoplasm	haematopoietic neoplasm	neoplasm
GARD:0025916	hematopoietic and lymphoid cell neoplasm	hematologic malignancy	malignancy
GARD:0025916	hematopoietic and lymphoid cell neoplasm	hematologic neoplasm	neoplasm
GARD:0025916	hematopoietic and lymphoid cell neoplasm	hematological neoplasm	hematological
GARD:0025916	hematopoietic and lymphoid cell neoplasm	hematological neoplasm	neoplasm
GARD:0025917	tonsillar lymphoma	tonsil lymphoma	tonsil
GARD:0025917	tonsillar lymphoma	tonsil lymphoma	lymphoma
GARD:0025936	selective IgG immunodeficiency	IgG deficiency	deficiency
GARD:0025939	grade II meningioma	grade 2 meningioma	grade
GARD:0025948	anauxetic dysplasia 1	anauxetic dysplasia	dysplasia
GARD:0025951	townes-brocks syndrome 1	rear syndrome	rear
GARD:0025951	townes-brocks syndrome 1	rear syndrome	syndrome
GARD:0025955	Noonan syndrome-like disorder with loose anagen hair 1	Tosti syndrome	syndrome
GARD:0025962	Fraser syndrome 1	Fraser syndrome	syndrome
GARD:0025965	blepharocheilodontic syndrome 1	elschnig syndrome	syndrome
GARD:0025965	blepharocheilodontic syndrome 1	blepharocheilodontic syndrome	syndrome
GARD:0025978	erythrocytosis, familial, 6	erythrocytosis 6	erythrocytosis
GARD:0025979	erythrocytosis, familial, 7	erythrocytosis 7	erythrocytosis
GARD:0026029	hypereosinophilia of undetermined significance	benign eosinophilia	benign
GARD:0026029	hypereosinophilia of undetermined significance	benign eosinophilia	eosinophilia
GARD:0026036	developmental and epileptic encephalopathy, 6	Dravet syndrome	syndrome
GARD:0026038	alpha-actinopathy	alpha actinopathy	alpha
GARD:0026038	alpha-actinopathy	actin myopathy	actin
GARD:0026038	alpha-actinopathy	actin myopathy	myopathy
GARD:0026066	Imerslund-Grasbeck syndrome type 1	megaloblastic anemia, 1	megaloblastic
GARD:0026066	Imerslund-Grasbeck syndrome type 1	megaloblastic anemia, 1	anemia
GARD:0026094	inherited thrombophilia	hereditary thrombophilia	hereditary
GARD:0026094	inherited thrombophilia	thrombophilia, hereditary	hereditary
GARD:0026095	inherited thrombocytopenia	hereditary thrombocytopenia	hereditary
GARD:0026095	inherited thrombocytopenia	hereditary thrombocytopenia	thrombocytopenia
GARD:0026132	LADD syndrome 1	lacrimoauriculodentodigital syndrome 1	syndrome
GARD:0026144	inherited pseudohypoaldosteronism	hereditary pseudohypoaldosteronism	hereditary
GARD:0026146	hypercholanemia, familial	familial hypercholanemia	familial
GARD:0026147	Friedreich ataxia 1	Friedreich ataxia	ataxia
GARD:0026148	malignant glioma	glioma	glioma
GARD:0026148	malignant glioma	glioma, malignant	glioma
GARD:0026148	malignant glioma	glioma, malignant	malignant
GARD:0026148	malignant glioma	neuroglial tumour	neuroglial
GARD:0026148	malignant glioma	neuroglial tumor	neuroglial
GARD:0026148	malignant glioma	neuroglial tumor	tumor
GARD:0026155	RPE65-related recessive retinopathy	retinitis pigmentosa 20	retinitis
GARD:0026212	Schwartz-Jampel syndrome type 1	Chondrodystrophic myotonia	myotonia
GARD:0026213	RPGR-related retinopathy	retinitis pigmentosa 3	retinitis
GARD:0026213	RPGR-related retinopathy	retinitis pigmentosa 15	retinitis
GARD:0026216	GUCY2D-related dominant retinopathy	choroidal sclerosis	choroidal
GARD:0026216	GUCY2D-related dominant retinopathy	choroidal sclerosis	sclerosis
GARD:0026217	RP2-related retinopathy	retinitis pigmentosa 2	retinitis
GARD:0026218	RDH5-related retinopathy	fundus albipunctatus	fundus
GARD:0026219	RLBP1-related retinopathy	fundus albipunctatus	fundus
GARD:0026219	RLBP1-related retinopathy	Vasterbotten dystrophy	dystrophy
GARD:0026221	CNGB3-related retinopathy	achromatopsia 3	achromatopsia
GARD:0026221	CNGB3-related retinopathy	achromatopsia type 3	achromatopsia
GARD:0026221	CNGB3-related retinopathy	achromatopsia type 3	type
GARD:0026221	CNGB3-related retinopathy	rod monochromacy 1	rod
GARD:0026221	CNGB3-related retinopathy	rod monochromatism 1	rod
GARD:0026221	CNGB3-related retinopathy	rod monochromatism 1	monochromatism
GARD:0026222	ATF6-related retinopathy	achromatopsia 7	achromatopsia
GARD:0026222	ATF6-related retinopathy	achromatopsia type 7	achromatopsia
GARD:0026222	ATF6-related retinopathy	achromatopsia type 7	type
GARD:0026225	CEP290-related ciliopathy	Meckel syndrome 4	syndrome
GARD:0026225	CEP290-related ciliopathy	Joubert syndrome 5	joubert
GARD:0026225	CEP290-related ciliopathy	Joubert syndrome 5	syndrome
GARD:0026242	TSPAN12-related vitreoretinopathy	exudative vitreoretinopathy 5	exudative
GARD:0026248	autosomal recessive distal titinopathy	distal titinopathy	distal
GARD:0026256	multiple congenital anomalies due to 14q32.2 paternally expressed gene defect	Temple syndrome	temple
GARD:0026256	multiple congenital anomalies due to 14q32.2 paternally expressed gene defect	Temple syndrome	syndrome
GARD:0026257	IFT140-related recessive ciliopathy	retinitis pigmentosa 80	retinitis
GARD:0026276	orbital myositis	ocular myositis	ocular
GARD:0026276	orbital myositis	ocular myositis	myositis
GARD:0026301	idiopathic inflammatory myopathy	idiopathic myositis	idiopathic
GARD:0026301	idiopathic inflammatory myopathy	idiopathic myositis	myositis
GARD:0026331	monosomy chromosome 8	chromosome 8 deletion	chromosome
GARD:0026331	monosomy chromosome 8	chromosome 8 deletion	deletion
GARD:0026371	partial segmental duplication	partial trisomy 21	partial
GARD:0026371	partial segmental duplication	partial trisomy 21	trisomy
GARD:0026371	partial segmental duplication	segmental duplication	segmental
GARD:0026371	partial segmental duplication	segmental duplication	duplication
GARD:0026425	restrictive dermopathy 1	restrictive dermopathy	restrictive
GARD:0026425	restrictive dermopathy 1	restrictive dermopathy	dermopathy
GARD:0026430	abnormal mineralization disorder	osteomalacia	osteomalacia
GARD:0026431	SNRNP200-related dominant retinopathy	retinitis pigmentosa 33	retinitis
GARD:0026432	RDH12-related recessive retinopathy	retinitis pigmentosa 53	retinitis
GARD:0026435	CNGA3-related retinopathy	achromatopsia 2	achromatopsia
GARD:0026435	CNGA3-related retinopathy	colorblindness, total	total
GARD:0026435	CNGA3-related retinopathy	rod monochromatism 2	rod
GARD:0026435	CNGA3-related retinopathy	rod monochromatism 2	monochromatism
GARD:0026435	CNGA3-related retinopathy	achromatopsia type 2	achromatopsia
GARD:0026435	CNGA3-related retinopathy	achromatopsia type 2	type
GARD:0026435	CNGA3-related retinopathy	rod monochromacy 2	rod
GARD:0026491	myoclonic epilepsy of lafora 2	Lafora disease 2	disease
GARD:0026509	congenital myopathy 4a, autosomal dominant	nemaline myopathy 1	nemaline
GARD:0026509	congenital myopathy 4a, autosomal dominant	nemaline myopathy 1	myopathy
GARD:0026509	congenital myopathy 4a, autosomal dominant	cap myopathy 1	cap
GARD:0026509	congenital myopathy 4a, autosomal dominant	cap myopathy 1	myopathy
GARD:0026540	iron poisoning	iron overload	iron
GARD:0026540	iron poisoning	iron overload	overload
GARD:0026540	iron poisoning	iron toxicity	iron
GARD:0026540	iron poisoning	iron toxicity	toxicity
GARD:0026599	intracranial meningioma	brain meningioma	brain
GARD:0027038	familial antiphospholipid syndrome	Hughes syndrome	hughes
GARD:0027038	familial antiphospholipid syndrome	Hughes syndrome	syndrome
GARD:0027043	vascular cancer	vasculature cancer	vasculature
GARD:0027043	vascular cancer	vasculature cancer	cancer
GARD:0027043	vascular cancer	vascular tumours	vascular
GARD:0027043	vascular cancer	Haemangiomatous tumor	tumor
GARD:0027043	vascular cancer	vascular tumors	vascular
GARD:0027047	bone epithelioid hemangioma	osseous hemangioma	osseous
GARD:0027047	bone epithelioid hemangioma	osseous hemangioma	hemangioma
GARD:0027047	bone epithelioid hemangioma	bone hemangioma	bone
GARD:0027047	bone epithelioid hemangioma	bone hemangioma	hemangioma
GARD:0027049	eosinophilic pneumonia	pneumonia, eosinophilic	pneumonia
GARD:0027049	eosinophilic pneumonia	pneumonia, eosinophilic	eosinophilic
GARD:0027050	glanders	farcy pipes	farcy
GARD:0027051	lipodystrophy	lipodystrophy (disease)	lipodystrophy
GARD:0027051	lipodystrophy	lipodystrophy (disease)	disease
GARD:0027051	lipodystrophy	lipodsystrophic syndrome	syndrome
GARD:0027052	Frey syndrome	Baillarger syndrome	syndrome
GARD:0027052	Frey syndrome	gustatory hyperhidrosis	gustatory
GARD:0027052	Frey syndrome	hyperhidrosis, gustatory	gustatory
GARD:0027052	Frey syndrome	gustatory sweating	gustatory
GARD:0027052	Frey syndrome	gustatory sweating	sweating
GARD:0027052	Frey syndrome	hyperhidrosis gustatory	gustatory
GARD:0027053	medium chain 3-ketoacyl-coa thiolase deficiency	Mckat deficiency	deficiency
GARD:0027054	B-cell immunodeficiency, distal limb anomalies, and urogenital malformations	Bilu syndrome	syndrome
GARD:0027054	B-cell immunodeficiency, distal limb anomalies, and urogenital malformations	Hoffman syndrome	syndrome
GARD:0027057	epithelioid hemangioma	histiocytoid hemangioma	hemangioma
GARD:0027057	epithelioid hemangioma	epithelioid haemangioma	epithelioid
GARD:0027060	intravascular papillary endothelial hyperplasia	Masson lesion	lesion
GARD:0027061	May-Thurner syndrome	Cockett syndrome	syndrome
GARD:0027061	May-Thurner syndrome	syndrome, Cockett	syndrome
GARD:0027118	variola major infectious disease	variola major	variola
GARD:0027118	variola major infectious disease	variola major	major
GARD:0027119	malignant cornea melanoma	cornea melanoma	cornea
GARD:0027119	malignant cornea melanoma	cornea melanoma	melanoma
GARD:0027119	malignant cornea melanoma	corneal melanoma	corneal
GARD:0027119	malignant cornea melanoma	corneal melanoma	melanoma
GARD:0027120	retinal melanoma	retina melanoma	retina
GARD:0027120	retinal melanoma	retina melanoma	melanoma
GARD:0027121	smallpox	Variola	variola
GARD:0027121	smallpox	ordinary smallpox	ordinary
GARD:0027121	smallpox	ordinary smallpox	smallpox
GARD:0027123	variola minor infection	Variola minor	variola
GARD:0027123	variola minor infection	Variola minor	minor
GARD:0027123	variola minor infection	alastrim	alastrim
GARD:0027124	placenta accreta	accreta, placenta	placenta
GARD:0027124	placenta accreta	Increta, placenta	placenta
GARD:0027124	placenta accreta	Percreta, placenta	placenta
GARD:0027124	placenta accreta	placenta Percreta	placenta
GARD:0027124	placenta accreta	placenta Increta	placenta
