GardID	Name	Synonym	Matched Term
GARD:0000005	abetalipoproteinemia	MTP deficiency	deficiency
GARD:0000016	ocular motor apraxia, cogan type	COMA	coma
GARD:0000019	dihydropyrimidine dehydrogenase deficiency	thymine-uracilurea	thymine
GARD:0000019	dihydropyrimidine dehydrogenase deficiency	DPD deficiency	deficiency
GARD:0000019	dihydropyrimidine dehydrogenase deficiency	DYPD deficiency	deficiency
GARD:0000023	blepharophimosis, ptosis, and epicanthus inversus syndrome	BPES, type 1	type
GARD:0000023	blepharophimosis, ptosis, and epicanthus inversus syndrome	BPES type 1	type
GARD:0000023	blepharophimosis, ptosis, and epicanthus inversus syndrome	BPES, type 2	type
GARD:0000029	charge syndrome	CHARGE association	charge
GARD:0000029	charge syndrome	CHARGE association	association
GARD:0000035	tetrasomy 18p	Isochromosome 18p	p
GARD:0000042	tetrasomy 9p	Isochromosome 9p	p
GARD:0000060	iridocorneal endothelial syndrome	ICE syndrome	ice
GARD:0000060	iridocorneal endothelial syndrome	ICE syndrome	syndrome
GARD:0000068	Hypoglossia-hypodactyly syndrome	aglossia-adactylia	aglossia
GARD:0000068	Hypoglossia-hypodactyly syndrome	aglossia-adactylia	adactylia
GARD:0000076	hypohidrotic ectodermal dysplasia	CST syndrome	syndrome
GARD:0000087	microphthalmia, lenz type	MAA (formerly)	formerly
GARD:0000106	oculocerebrocutaneous syndrome	OCC syndrome	syndrome
GARD:0000111	recurrent respiratory papillomatosis	AORRP (type)	type
GARD:0000111	recurrent respiratory papillomatosis	JORRP (type)	type
GARD:0000114	Charcot-Marie-Tooth disease X-linked recessive 5	CMT5X	x
GARD:0000121	focal facial dermal dysplasia type iii	FFDD type 2	type
GARD:0000122	Singleton-Merten dysplasia	SM syndrome	syndrome
GARD:0000132	primary cutaneous amyloidosis	amyloidosis IX	amyloidosis
GARD:0000134	spondyloepimetaphyseal dysplasia, strudwick type	SMED type 1	type
GARD:0000139	familial atrial myxoma	MYXOMA, intracardiac	myxoma
GARD:0000139	familial atrial myxoma	MYXOMA, intracardiac	intracardiac
GARD:0000156	muscle-eye-brain disease	MEB syndrome	syndrome
GARD:0000158	sarcosinemia	SARD deficiency	sard
GARD:0000158	sarcosinemia	SARD deficiency	deficiency
GARD:0000158	sarcosinemia	SARDH deficiency	deficiency
GARD:0000162	cleft palate-large ears-small head syndrome	SAY syndrome	say
GARD:0000162	cleft palate-large ears-small head syndrome	SAY syndrome	syndrome
GARD:0000182	vitelliform macular dystrophy 2	BEST1 retinopathy	best
GARD:0000193	Opitz G/BBB syndrome	BBB syndrome	syndrome
GARD:0000193	Opitz G/BBB syndrome	GBBB syndrome	syndrome
GARD:0000198	spinal muscular atrophy, type iii	SMA3	sma
GARD:0000198	spinal muscular atrophy, type iii	SMA-III	sma
GARD:0000198	spinal muscular atrophy, type iii	SMA type 3	sma
GARD:0000198	spinal muscular atrophy, type iii	SMA type 3	type
GARD:0000231	leukoencephalopathy with vanishing white matter	CACH syndrome	syndrome
GARD:0000234	d-glyceric aciduria	D-glycericacidemia	d
GARD:0000265	trichodental syndrome	TRICHODENTAL dysplasia	dysplasia
GARD:0000272	VACTERL with hydrocephalus	VACTERL hydrocephaly	hydrocephaly
GARD:0000272	VACTERL with hydrocephalus	VACTERL-H	h
GARD:0000306	camptodactyly-arthropathy-coxa vara-pericarditis syndrome	CACP syndrome	syndrome
GARD:0000306	camptodactyly-arthropathy-coxa vara-pericarditis syndrome	PAC syndrome	pac
GARD:0000306	camptodactyly-arthropathy-coxa vara-pericarditis syndrome	PAC syndrome	syndrome
GARD:0000307	Jacobsen syndrome	Del(11)(q23.3)	del
GARD:0000307	Jacobsen syndrome	Del(11)(q23.3)	q
GARD:0000344	holoprosencephaly-postaxial polydactyly syndrome	PSEUDOTRISOMY 13 syndrome	syndrome
GARD:0000350	skeletal dysplasia-epilepsy-short stature syndrome	GURRIERI syndrome	syndrome
GARD:0000368	laryngo-onycho-cutaneous syndrome	LARYNGOONYCHOCUTANEOUS syndrome	syndrome
GARD:0000368	laryngo-onycho-cutaneous syndrome	LOC syndrome	syndrome
GARD:0000387	combined immunodeficiency due to zap70 deficiency	ZAP-70 deficiency	deficiency
GARD:0000404	osteoporosis-oculocutaneous hypopigmentation syndrome	OOCH syndrome	syndrome
GARD:0000407	ermine phenotype	BADS syndrome	syndrome
GARD:0000411	hypoparathyroidism-retardation-dysmorphism syndrome	HRD syndrome	syndrome
GARD:0000418	pentosuria	L-Xylulosuria	l
GARD:0000420	mismatch repair cancer syndrome 1	BTP1 syndrome	syndrome
GARD:0000420	mismatch repair cancer syndrome 1	CMMR-D	d
GARD:0000420	mismatch repair cancer syndrome 1	MMR deficiency	deficiency
GARD:0000431	microtia	microtia-anotia	microtia
GARD:0000431	microtia	microtia-anotia	anotia
GARD:0000433	apparent mineralocorticoid excess	AME 1	ame
GARD:0000433	apparent mineralocorticoid excess	Ame1	ame
GARD:0000438	autosomal recessive limb-girdle muscular dystrophy type 2d	LGMD2D	d
GARD:0000438	autosomal recessive limb-girdle muscular dystrophy type 2d	Alpha-sarcoglycanopathy	alpha
GARD:0000457	triple-a syndrome	4A syndrome	a
GARD:0000457	triple-a syndrome	4A syndrome	syndrome
GARD:0000457	triple-a syndrome	2A syndrome	a
GARD:0000457	triple-a syndrome	2A syndrome	syndrome
GARD:0000457	triple-a syndrome	AAA syndrome	syndrome
GARD:0000457	triple-a syndrome	3A syndrome	a
GARD:0000457	triple-a syndrome	3A syndrome	syndrome
GARD:0000459	achondrogenesis type IA	ACG1A	a
GARD:0000460	achondrogenesis type IB	ACG1B	b
GARD:0000465	isovaleric acidemia	IVD deficiency	deficiency
GARD:0000467	propionic acidemia	PCC deficiency	deficiency
GARD:0000501	acromegaloid facial appearance syndrome	AFA syndrome	syndrome
GARD:0000524	acute megakaryoblastic leukemia	FAB M7	m
GARD:0000524	acute megakaryoblastic leukemia	AML M7	m
GARD:0000525	acute monocytic leukemia	AML M5	m
GARD:0000525	acute monocytic leukemia	AML-M5	m
GARD:0000526	acute myeloblastic leukemia without maturation	FAB M1	m
GARD:0000526	acute myeloblastic leukemia without maturation	AML M1	m
GARD:0000527	acute myeloblastic leukemia with maturation	AML M2	m
GARD:0000527	acute myeloblastic leukemia with maturation	FAB M2	m
GARD:0000527	acute myeloblastic leukemia with maturation	LAM M2	lam
GARD:0000527	acute myeloblastic leukemia with maturation	LAM M2	m
GARD:0000529	acute myelomonocytic leukemia M4	AML-M4	m
GARD:0000529	acute myelomonocytic leukemia M4	AML M4	m
GARD:0000538	acute promyelocytic leukemia	AML M3	m
GARD:0000538	acute promyelocytic leukemia	FAB M3	m
GARD:0000540	medium chain acyl-coa dehydrogenase deficiency	ACADM deficiency	deficiency
GARD:0000540	medium chain acyl-coa dehydrogenase deficiency	MCAD deficiency	deficiency
GARD:0000546	adenine phosphoribosyltransferase deficiency	2,8-dihydroxyadeninuria disease	disease
GARD:0000546	adenine phosphoribosyltransferase deficiency	APRT deficiency	deficiency
GARD:0000546	adenine phosphoribosyltransferase deficiency	urolithiasis, 2,8-dihydroxyadenine	urolithiasis
GARD:0000546	adenine phosphoribosyltransferase deficiency	2,8-dihydroxyadenine urolithiasis	urolithiasis
GARD:0000564	spinal muscular atrophy, type iv	SMA 4	sma
GARD:0000564	spinal muscular atrophy, type iv	SMA-IV	sma
GARD:0000564	spinal muscular atrophy, type iv	SMA4	sma
GARD:0000564	spinal muscular atrophy, type iv	SMA type 4	sma
GARD:0000564	spinal muscular atrophy, type iv	SMA type 4	type
GARD:0000594	oculocutaneous albinism type 1b	OCA1B	b
GARD:0000600	glycogen storage disease due to aldolase a deficiency	GSD type 12	type
GARD:0000612	alopecia - intellectual disability syndrome	AMR syndrome 1	syndrome
GARD:0000621	alpha thalassemia spectrum	alpha-thalassemia	alpha
GARD:0000621	alpha thalassemia spectrum	A-thalassemia	a
GARD:0000646	amelogenesis imperfecta type 1G	AI1G	ai
GARD:0000646	amelogenesis imperfecta type 1G	AI1G	g
GARD:0000668	X-linked sideroblastic anemia with ataxia	xlsa-a	a
GARD:0000722	microphthalmia with limb anomalies	anophthalmos-syndactyly	anophthalmos
GARD:0000722	microphthalmia with limb anomalies	anophthalmos-syndactyly	syndactyly
GARD:0000722	microphthalmia with limb anomalies	anophthalmia-syndactyly	anophthalmia
GARD:0000722	microphthalmia with limb anomalies	anophthalmia-syndactyly	syndactyly
GARD:0000732	antigen-peptide-transporter 2 deficiency	TAP 2 deficiency	tap
GARD:0000732	antigen-peptide-transporter 2 deficiency	TAP 2 deficiency	deficiency
GARD:0000735	antisynthetase syndrome	AS syndrome	as
GARD:0000735	antisynthetase syndrome	AS syndrome	syndrome
GARD:0000759	familial apolipoprotein c-ii deficiency	Apoc2 deficiency	deficiency
GARD:0000770	aromatic l-amino acid decarboxylase deficiency	DDC deficiency	deficiency
GARD:0000794	arthrogryposis-renal dysfunction-cholestasis syndrome	ARC syndrome	arc
GARD:0000794	arthrogryposis-renal dysfunction-cholestasis syndrome	ARC syndrome	syndrome
GARD:0000816	orofaciodigital syndrome iv	OFD syndrome 4	syndrome
GARD:0000872	beta-ketothiolase deficiency	2-methyl-3-hydroxybutyricacidemia	methyl
GARD:0000872	beta-ketothiolase deficiency	T2 deficiency	t
GARD:0000872	beta-ketothiolase deficiency	T2 deficiency	deficiency
GARD:0000872	beta-ketothiolase deficiency	3-Ktd deficiency	deficiency
GARD:0000872	beta-ketothiolase deficiency	3-oxothiolase deficiency	deficiency
GARD:0000872	beta-ketothiolase deficiency	alpha-methylacetoaceticaciduria	alpha
GARD:0000872	beta-ketothiolase deficiency	3-ketothiolase deficiency	deficiency
GARD:0000894	biotinidase deficiency	BTD deficiency	deficiency
GARD:0000897	hypertelorism, microtia, facial clefting syndrome	HMC syndrome	syndrome
GARD:0000932	B√∂√∂k syndrome	PHC syndrome	syndrome
GARD:0000955	elsahy-waters syndrome	BSG syndrome	syndrome
GARD:0000963	brachydactyly type A3	brachydactyly-clinodactyly	brachydactyly
GARD:0000995	brachyolmia type 1, hobaek type	BCYM1A	a
GARD:0001033	Bruton-type agammaglobulinemia	BTK deficiency	deficiency
GARD:0001033	Bruton-type agammaglobulinemia	BTK-deficiency	deficiency
GARD:0001049	cerebral arteriopathy, autosomal dominant, with subcortical infarcts and leukoencephalopathy, type 1	CADASIL type 1	type
GARD:0001049	cerebral arteriopathy, autosomal dominant, with subcortical infarcts and leukoencephalopathy, type 1	CADASIL syndrome	syndrome
GARD:0001052	cataract-hypertrichosis-intellectual disability syndrome	CAHMR syndrome	syndrome
GARD:0001057	autosomal recessive limb-girdle muscular dystrophy type 2a	LGMD2A	a
GARD:0001077	chronic mucocutaneous candidiasis	familial CMC	familial
GARD:0001093	progressive familial heart block, type 1A	PFHB1A	a
GARD:0001100	Noonan syndrome with multiple lentigines	LEOPARD syndrome	leopard
GARD:0001100	Noonan syndrome with multiple lentigines	LEOPARD syndrome	syndrome
GARD:0001119	Carney complex	NAME syndrome	name
GARD:0001119	Carney complex	NAME syndrome	syndrome
GARD:0001120	carnitine palmitoyl transferase 1a deficiency	hepatic CPT1	hepatic
GARD:0001120	carnitine palmitoyl transferase 1a deficiency	CPT 1 deficiency	deficiency
GARD:0001167	acrocardiofacial syndrome	CCGE syndrome	syndrome
GARD:0001188	cerebellar ataxia-areflexia-pes cavus-optic atrophy-sensorineural hearing loss syndrome	CAPOS syndrome	syndrome
GARD:0001199	autosomal recessive spinocerebellar ataxia 2	SCAR2	scar
GARD:0001217	retinal vasculopathy with cerebral leukoencephalopathy and systemic manifestations	RVCL-S	s
GARD:0001218	neuronal ceroid lipofuscinosis 10	CLN10 disease	disease
GARD:0001219	neuronal ceroid lipofuscinosis 1	CLN1 disease	disease
GARD:0001219	neuronal ceroid lipofuscinosis 1	congenital NCL	congenital
GARD:0001220	neuronal ceroid lipofuscinosis 7	CLN7 disease	disease
GARD:0001222	ceroid lipofuscinosis, neuronal, 4 (kufs type)	CLN4B	b
GARD:0001223	neuronal ceroid lipofuscinosis 5	CLN5 disease	disease
GARD:0001224	ceroid lipofuscinosis, neuronal, 6a	CLN6 disease	disease
GARD:0001224	ceroid lipofuscinosis, neuronal, 6a	CLN6A	a
GARD:0001240	Charcot-Marie-Tooth disease X-linked recessive 4	CMT4X	x
GARD:0001244	Charcot-Marie-Tooth disease X-linked recessive 3	CMT3X	x
GARD:0001245	Charcot-Marie-Tooth disease type 1A	microduplication 17p12	p
GARD:0001245	Charcot-Marie-Tooth disease type 1A	CMT 1A	a
GARD:0001245	Charcot-Marie-Tooth disease type 1A	CMT1A	a
GARD:0001245	Charcot-Marie-Tooth disease type 1A	HMSN1A	a
GARD:0001245	Charcot-Marie-Tooth disease type 1A	HMSN 1A	a
GARD:0001246	Charcot-Marie-Tooth disease type 1B	CMT1B	b
GARD:0001246	Charcot-Marie-Tooth disease type 1B	HMSN1B	b
GARD:0001246	Charcot-Marie-Tooth disease type 1B	CMT 1B	b
GARD:0001246	Charcot-Marie-Tooth disease type 1B	HMSN 1B	b
GARD:0001247	Charcot-Marie-Tooth disease type 1C	HMSN1C	c
GARD:0001247	Charcot-Marie-Tooth disease type 1C	CMT1C	c
GARD:0001247	Charcot-Marie-Tooth disease type 1C	HMSN 1C	c
GARD:0001247	Charcot-Marie-Tooth disease type 1C	CMT 1C	c
GARD:0001248	Charcot-Marie-Tooth disease type 2A1	CMT 2A	a
GARD:0001248	Charcot-Marie-Tooth disease type 2A1	CMT2A1	a
GARD:0001248	Charcot-Marie-Tooth disease type 2A1	HMSN2A1	a
GARD:0001248	Charcot-Marie-Tooth disease type 2A1	CMT2A	a
GARD:0001249	Charcot-Marie-Tooth disease type 2B2	CMT 2B2	b
GARD:0001249	Charcot-Marie-Tooth disease type 2B2	CMT2B2	b
GARD:0001249	Charcot-Marie-Tooth disease type 2B2	arcmt2b	b
GARD:0001250	Charcot-Marie-Tooth disease axonal type 2C	CMT2C	c
GARD:0001250	Charcot-Marie-Tooth disease axonal type 2C	HMSN 2 C	c
GARD:0001250	Charcot-Marie-Tooth disease axonal type 2C	HMSN 2C	c
GARD:0001250	Charcot-Marie-Tooth disease axonal type 2C	CMT 2C	c
GARD:0001250	Charcot-Marie-Tooth disease axonal type 2C	HMSN2C	c
GARD:0001251	Charcot-Marie-Tooth disease type 2D	CMT 2D	d
GARD:0001251	Charcot-Marie-Tooth disease type 2D	CMT2D	d
GARD:0001252	Charcot-Marie-Tooth disease type 4A	CMT4A	a
GARD:0001253	Charcot-Marie-Tooth disease type 4B1	CMT 4B	b
GARD:0001253	Charcot-Marie-Tooth disease type 4B1	CMT4B1	b
GARD:0001253	Charcot-Marie-Tooth disease type 4B1	CMT 4B1	b
GARD:0001258	Charcot-Marie-Tooth disease X-linked dominant 1	CMT1X	x
GARD:0001258	Charcot-Marie-Tooth disease X-linked dominant 1	CMT2, formerly	formerly
GARD:0001288	progressive familial intrahepatic cholestasis type 2	BSEP deficiency	deficiency
GARD:0001289	progressive familial intrahepatic cholestasis type 3	mdr3 deficiency	deficiency
GARD:0001292	chondrocalcinosis 2	familial CC	familial
GARD:0001292	chondrocalcinosis 2	familial CPPD	familial
GARD:0001292	chondrocalcinosis 2	hereditary CC	hereditary
GARD:0001323	distal monosomy 10p	10p monosomy	p
GARD:0001323	distal monosomy 10p	deletion 10p	deletion
GARD:0001323	distal monosomy 10p	deletion 10p	p
GARD:0001323	distal monosomy 10p	monosomy 10p	p
GARD:0001323	distal monosomy 10p	10p deletion	p
GARD:0001323	distal monosomy 10p	10p deletion	deletion
GARD:0001340	partial deletion of the long arm of chromosome 4	deletion 4q	deletion
GARD:0001340	partial deletion of the long arm of chromosome 4	deletion 4q	q
GARD:0001340	partial deletion of the long arm of chromosome 4	monosomy 4q	q
GARD:0001340	partial deletion of the long arm of chromosome 4	4q deletion	q
GARD:0001340	partial deletion of the long arm of chromosome 4	4q deletion	deletion
GARD:0001340	partial deletion of the long arm of chromosome 4	4q monosomy	q
GARD:0001346	partial deletion of the short arm of chromosome 7	deletion 7p	deletion
GARD:0001346	partial deletion of the short arm of chromosome 7	deletion 7p	p
GARD:0001346	partial deletion of the short arm of chromosome 7	monosomy 7p	p
GARD:0001346	partial deletion of the short arm of chromosome 7	7p monosomy	p
GARD:0001346	partial deletion of the short arm of chromosome 7	7p deletion	p
GARD:0001346	partial deletion of the short arm of chromosome 7	7p deletion	deletion
GARD:0001356	cinca syndrome	NOMID syndrome	syndrome
GARD:0001356	cinca syndrome	IOMID syndrome	syndrome
GARD:0001369	tibial aplasia-ectrodactyly syndrome	TH-SHFM	th
GARD:0001369	tibial aplasia-ectrodactyly syndrome	SHFLD syndrome	syndrome
GARD:0001410	COACH syndrome	JS-H	h
GARD:0001452	complement component 2 deficiency	C2 deficiency	c
GARD:0001452	complement component 2 deficiency	C2 deficiency	deficiency
GARD:0001462	X-linked cone-rod dystrophy 2	COD2	cod
GARD:0001467	congenital adrenal hyperplasia	lipoid CAH	lipoid
GARD:0001513	continuous spikes and waves during sleep	LK syndrome	syndrome
GARD:0001513	continuous spikes and waves during sleep	CSWSS syndrome	syndrome
GARD:0001531	Stern-Lubinsky-Durrie syndrome	CORNEODERMATOOSSEOUS syndrome	syndrome
GARD:0001550	Costello syndrome	FCS syndrome	syndrome
GARD:0001620	cryptogenic organizing pneumonia	idiopathic BOOP	idiopathic
GARD:0001638	autosomal recessive cutis laxa type 2a	ARCL2A	a
GARD:0001641	autosomal recessive cutis laxa type 2b	ARCL2B	b
GARD:0001697	autosomal recessive nonsyndromic hearing loss 1A	DFNB1A	a
GARD:0001804	Dent disease type 1	DENT disease 1	dent
GARD:0001804	Dent disease type 1	DENT disease 1	disease
GARD:0001807	dentin dysplasia type i	DD-I	i
GARD:0001850	immune dysregulation-polyendocrinopathy-enteropathy-x-linked syndrome	IPEX syndrome	syndrome
GARD:0001851	diastematomyelia	SCM type 1	type
GARD:0001874	hemolytic anemia due to diphosphoglycerate mutase deficiency	BPGM deficiency	deficiency
GARD:0001874	hemolytic anemia due to diphosphoglycerate mutase deficiency	DPGM deficiency	deficiency
GARD:0001899	donnai-barrow syndrome	FOAR syndrome	syndrome
GARD:0001902	TH-deficient dopa-responsive dystonia	DYT5b	b
GARD:0001910	double uterus-hemivagina-renal agenesis syndrome	OHVIRA syndrome	syndrome
GARD:0001926	partial duplication of the long arm of chromosome 12	trisomy 12q	trisomy
GARD:0001926	partial duplication of the long arm of chromosome 12	trisomy 12q	q
GARD:0001926	partial duplication of the long arm of chromosome 12	12q trisomy	q
GARD:0001926	partial duplication of the long arm of chromosome 12	12q trisomy	trisomy
GARD:0001926	partial duplication of the long arm of chromosome 12	Duplication 12q	duplication
GARD:0001926	partial duplication of the long arm of chromosome 12	Duplication 12q	q
GARD:0001926	partial duplication of the long arm of chromosome 12	12q duplication	q
GARD:0001926	partial duplication of the long arm of chromosome 12	12q duplication	duplication
GARD:0001998	cerebellar ataxia, intellectual disability, and dysequilibrium	CAMRQ syndrome	syndrome
GARD:0002000	congenital dyserythropoietic anemia type 1	CDA type 1	type
GARD:0002000	congenital dyserythropoietic anemia type 1	CDA I	i
GARD:0002001	congenital dyserythropoietic anemia type 2	CDA type 2	type
GARD:0002002	congenital dyserythropoietic anemia type 3	CDA type 3	type
GARD:0002027	early-onset generalized limb-onset dystonia	dystonia-1, torsion	torsion
GARD:0002045	ectodermal dysplasia-blindness syndrome	RODRIGUES blindness	blindness
GARD:0002048	autosomal dominant hypohidrotic ectodermal dysplasia	AD-HED	ad
GARD:0002049	hypohidrotic ectodermal dysplasia-hypothyroidism-ciliary dyskinesia syndrome	HEDH syndrome	syndrome
GARD:0002057	autosomal recessive hypohidrotic ectodermal dysplasia	AR-HED	ar
GARD:0002068	ectrodactyly-polydactyly syndrome	ectrodactyly-polydactyly	ectrodactyly
GARD:0002068	ectrodactyly-polydactyly syndrome	ectrodactyly-polydactyly	polydactyly
GARD:0002071	blepharocheilodontic syndrome	BCD syndrome	syndrome
GARD:0002076	EEC syndrome	RUDIGER syndrome	syndrome
GARD:0002082	Ehlers-Danlos syndrome, vascular type	EDS4 (formerly)	formerly
GARD:0002082	Ehlers-Danlos syndrome, vascular type	EDS type 4	type
GARD:0002082	Ehlers-Danlos syndrome, vascular type	vascular EDS	vascular
GARD:0002084	Ehlers-Danlos syndrome, arthrochalasia type	EDS 7A	a
GARD:0002084	Ehlers-Danlos syndrome, arthrochalasia type	EDS 7B	b
GARD:0002089	ehlers-danlos syndrome, dermatosparaxis type	EDS 7C	c
GARD:0002089	ehlers-danlos syndrome, dermatosparaxis type	EDS7C	c
GARD:0002139	generalized dominant dystrophic epidermolysis bullosa	DDEB, generalized	generalized
GARD:0002139	generalized dominant dystrophic epidermolysis bullosa	DDEB-gen	gen
GARD:0002143	junctional epidermolysis bullosa inversa	JEB-I	i
GARD:0002143	junctional epidermolysis bullosa inversa	inverse JEB	inverse
GARD:0002143	junctional epidermolysis bullosa inversa	EBJ-I	i
GARD:0002147	epidermolysis bullosa simplex 1b, generalized intermediate	EBS-K	k
GARD:0002147	epidermolysis bullosa simplex 1b, generalized intermediate	EBS, generalized	generalized
GARD:0002147	epidermolysis bullosa simplex 1b, generalized intermediate	generalized EBS	generalized
GARD:0002148	pidermolysis bullosa simplex 5A, Ogna type	EBS-O	o
GARD:0002148	pidermolysis bullosa simplex 5A, Ogna type	EBS-Og	og
GARD:0002153	junctional epidermolysis bullosa Herlitz type	JEB-H	h
GARD:0002155	pretibial dystrophic epidermolysis bullosa	DEB-Pt	deb
GARD:0002155	pretibial dystrophic epidermolysis bullosa	pretibial DEB	pretibial
GARD:0002155	pretibial dystrophic epidermolysis bullosa	pretibial DEB	deb
GARD:0002167	progressive myoclonic epilepsy type 3	PME type 3	type
GARD:0002168	epilepsy-telangiectasia syndrome	epilepsy-telangiectasia	epilepsy
GARD:0002168	epilepsy-telangiectasia syndrome	epilepsy-telangiectasia	telangiectasia
GARD:0002191	complement component 5 deficiency	C5 deficiency	c
GARD:0002191	complement component 5 deficiency	C5 deficiency	deficiency
GARD:0002198	ethylmalonic encephalopathy	EPEMA syndrome	syndrome
GARD:0002205	exostoses, multiple, type 2	EXT2 Gene	gene
GARD:0002207	exstrophy-epispadias complex	OEIS complex	complex
GARD:0002207	exstrophy-epispadias complex	OEIS syndrome	syndrome
GARD:0002238	congenital factor vii deficiency	F7 deficiency	f
GARD:0002238	congenital factor vii deficiency	F7 deficiency	deficiency
GARD:0002249	familial thoracic aortic aneurysm and aortic dissection	familial TAAD	familial
GARD:0002268	glycogen storage disease due to glut2 deficiency	GLUT2 deficiency	glut
GARD:0002268	glycogen storage disease due to glut2 deficiency	GLUT2 deficiency	deficiency
GARD:0002268	glycogen storage disease due to glut2 deficiency	GSD type 11	type
GARD:0002286	femur-fibula-ulna complex	FFU complex	complex
GARD:0002317	fg syndrome 1	FG syndrome	syndrome
GARD:0002378	FRAXE intellectual disability	FRAXE syndrome	syndrome
GARD:0002400	fructose-1,6-bisphosphatase deficiency	FBP1D	d
GARD:0002422	galactokinase deficiency	GALK-D	d
GARD:0002429	autosomal recessive limb-girdle muscular dystrophy type 2c	gamma-sarcoglycanopathy	gamma
GARD:0002429	autosomal recessive limb-girdle muscular dystrophy type 2c	LGMD2C	c
GARD:0002437	digestive system neuroendocrine neoplasm	GEP-NET	net
GARD:0002441	Gaucher disease type I	GD I	i
GARD:0002452	Weill-Marchesani syndrome 2, dominant	GEMSS syndrome	syndrome
GARD:0002460	genito-palato-cardiac syndrome	GENITOPALATOCARDIAC syndrome	syndrome
GARD:0002484	glaucoma type 1C	GLC1C	c
GARD:0002490	glaucoma 3, primary infantile, b	GLC3B	b
GARD:0002513	glycogen storage disorder due to hepatic glycogen synthase deficiency	GSD 0A	a
GARD:0002513	glycogen storage disorder due to hepatic glycogen synthase deficiency	GSD0A	a
GARD:0002513	glycogen storage disorder due to hepatic glycogen synthase deficiency	liver GSD 0	liver
GARD:0002515	glycogen storage disease ib	gsd1c	c
GARD:0002515	glycogen storage disease ib	GSD1B	b
GARD:0002520	glycogen storage disease due to glycogen branching enzyme deficiency	GSD type 4	type
GARD:0002520	glycogen storage disease due to glycogen branching enzyme deficiency	Gbe1 deficiency	deficiency
GARD:0002572	myhre syndrome	LAPS syndrome	syndrome
GARD:0002578	guanidinoacetate methyltransferase deficiency	GAMT deficiency	deficiency
GARD:0002594	hand-foot-genital syndrome	HFG syndrome	syndrome
GARD:0002594	hand-foot-genital syndrome	HFU syndrome	syndrome
GARD:0002610	progressive familial heart block type IB	PFHB1B	b
GARD:0002622	fibular aplasia, tibial campomelia, and oligosyndactyly syndrome	FATCO syndrome	syndrome
GARD:0002630	isolated hemihyperplasia	hemi-3 syndrome	syndrome
GARD:0002651	liver mesenchymal hamartoma	liver MH	liver
GARD:0002684	congenital high-molecular-weight kininogen deficiency	HMWK deficiency	deficiency
GARD:0002712	3-hydroxy-3-methylglutaryl-CoA synthase deficiency	Hmgcs2 deficiency	deficiency
GARD:0002712	3-hydroxy-3-methylglutaryl-CoA synthase deficiency	HMGCS2D	d
GARD:0002721	holocarboxylase synthetase deficiency	HLCS deficiency	deficiency
GARD:0002725	Hartsfield-Bixler-Demyer syndrome	HARTSFIELD syndrome	syndrome
GARD:0002734	homocystinuria due to methylene tetrahydrofolate reductase deficiency	MTHFR deficiency	deficiency
GARD:0002790	glucocorticoid-remediable aldosteronism	FH-I	i
GARD:0002796	familial hypocalciuric hypercalcemia 1	FHH type 1	type
GARD:0002816	combined immunodeficiency due to dock8 deficiency	AR-HIES	ar
GARD:0002816	combined immunodeficiency due to dock8 deficiency	DOCK8 deficiency	dock
GARD:0002816	combined immunodeficiency due to dock8 deficiency	DOCK8 deficiency	deficiency
GARD:0002830	ornithine translocase deficiency	ORNT1 deficiency	deficiency
GARD:0002843	pterin-4 alpha-carbinolamine dehydratase 1 deficiency	CADH deficiency	deficiency
GARD:0002843	pterin-4 alpha-carbinolamine dehydratase 1 deficiency	PCBD1 deficiency	deficiency
GARD:0002843	pterin-4 alpha-carbinolamine dehydratase 1 deficiency	HPABH4D	d
GARD:0002843	pterin-4 alpha-carbinolamine dehydratase 1 deficiency	PCBD deficiency	deficiency
GARD:0002843	pterin-4 alpha-carbinolamine dehydratase 1 deficiency	PCD deficiency	deficiency
GARD:0002844	GTP cyclohydrolase I deficiency with hyperphenylalaninemia	HPABH4B	b
GARD:0002844	GTP cyclohydrolase I deficiency with hyperphenylalaninemia	GTPCH deficiency	deficiency
GARD:0002858	familial hyperthyroidism due to mutations in tsh receptor	hyperthyroidism, NONAUTOIMMUNE	hyperthyroidism
GARD:0002877	autosomal dominant hypocalcemia	AD hypocalcemia	ad
GARD:0002877	autosomal dominant hypocalcemia	AD hypocalcemia	hypocalcemia
GARD:0002878	familial hypocalciuric hypercalcemia 3	FHH type 3	type
GARD:0002911	hypoparathyroidism-deafness-renal disease syndrome	HDR syndrome	syndrome
GARD:0002943	hypoxanthine-guanine phosphoribosyltransferase deficiency	HPRT deficiency	deficiency
GARD:0002943	hypoxanthine-guanine phosphoribosyltransferase deficiency	HPRT1 deficiency	deficiency
GARD:0002945	immunodeficiency-centromeric instability-facial anomalies syndrome	ICF syndrome	syndrome
GARD:0002978	anterior segment dysgenesis 3	IRID1	irid
GARD:0002978	anterior segment dysgenesis 3	IGDA syndrome	syndrome
GARD:0003011	Mendelian susceptibility to mycobacterial diseases due to complete IFNgammaR1 deficiency	IFNGR1 deficiency	deficiency
GARD:0003020	arteriovenous malformations of the brain	intracranial AVM	intracranial
GARD:0003026	anterior segment dysgenesis 4	IRID2	irid
GARD:0003045	neuronal ceroid lipofuscinosis 2	CLN2 disease	disease
GARD:0003054	joint laxity, familial	EDS11, formerly	formerly
GARD:0003054	joint laxity, familial	EDS 11 (formerly)	formerly
GARD:0003090	multiple self-healing squamous epithelioma	ESS1, formerly	ess
GARD:0003090	multiple self-healing squamous epithelioma	ESS1, formerly	formerly
GARD:0003090	multiple self-healing squamous epithelioma	ESS1	ess
GARD:0003090	multiple self-healing squamous epithelioma	ESS1 (formerly)	ess
GARD:0003090	multiple self-healing squamous epithelioma	ESS1 (formerly)	formerly
GARD:0003112	anaplastic large cell lymphoma	Ki-1 lymphoma	lymphoma
GARD:0003159	glycogen storage disease due to lactate dehydrogenase deficiency	LDH deficiency	deficiency
GARD:0003160	glycogen storage disease due to lactate dehydrogenase m-subunit deficiency	GSD XI	xi
GARD:0003160	glycogen storage disease due to lactate dehydrogenase m-subunit deficiency	GSD type 11	type
GARD:0003212	branchiooculofacial syndrome	BOFS syndrome	syndrome
GARD:0003228	maple syrup urine disease	BCKD deficiency	deficiency
GARD:0003228	maple syrup urine disease	BCKDH deficiency	deficiency
GARD:0003251	limb body wall complex	LBWC syndrome	syndrome
GARD:0003263	pyruvate dehydrogenase e3 deficiency	E3 deficiency	e
GARD:0003263	pyruvate dehydrogenase e3 deficiency	E3 deficiency	deficiency
GARD:0003328	lymphatic malformation 1	LMPH1A	a
GARD:0003343	beckwith-wiedemann syndrome	EMG syndrome	syndrome
GARD:0003371	malonic aciduria	MCD deficiency	deficiency
GARD:0003390	Marie Unna hereditary hypotrichosis	HR hypotrichosis	hypotrichosis
GARD:0003395	oculotrichoanal syndrome	MOTA syndrome	syndrome
GARD:0003413	maternal phenylketonuria	maternal PKU	maternal
GARD:0003418	maturity-onset diabetes of the young type 1	MODY type 1	type
GARD:0003418	maturity-onset diabetes of the young type 1	MODY, type 1	type
GARD:0003448	megalocornea-intellectual disability syndrome	MMR syndrome	syndrome
GARD:0003482	severe microbrachycephaly-intellectual disability-athetoid cerebral palsy syndrome	BD syndrome	syndrome
GARD:0003498	microcephaly-intellectual disability-phalangeal and neurological anomalies syndrome	WOODS syndrome	syndrome
GARD:0003506	X-linked intellectual disability-psychosis-macroorchidism syndrome	PPM-X	x
GARD:0003559	syndactyly type 8	metacarpal 4-5 fusion	metacarpal
GARD:0003559	syndactyly type 8	metacarpal 4-5 fusion	fusion
GARD:0003586	methylmalonic aciduria due to methylmalonyl-coa mutase deficiency	MCM deficiency	deficiency
GARD:0003609	microcephaly-cardiomyopathy syndrome	microcephaly-cardiomyopathy	microcephaly
GARD:0003659	linear skin defects with multiple congenital anomalies	MIDAS syndrome	syndrome
GARD:0003659	linear skin defects with multiple congenital anomalies	MLS syndrome	syndrome
GARD:0003669	miller-dieker lissencephaly syndrome	monosomy 17p13.3	p
GARD:0003684	mitochondrial trifunctional protein deficiency	TFP deficiency	deficiency
GARD:0003690	melorheostosis with osteopoikilosis	MSBD syndrome	syndrome
GARD:0003701	orofaciodigital syndrome type II	OFD syndrome 2	syndrome
GARD:0003711	distal 10q deletion syndrome	10q deletion	q
GARD:0003711	distal 10q deletion syndrome	10q deletion	deletion
GARD:0003711	distal 10q deletion syndrome	deletion 10q	deletion
GARD:0003711	distal 10q deletion syndrome	deletion 10q	q
GARD:0003711	distal 10q deletion syndrome	monosomy 10q	q
GARD:0003711	distal 10q deletion syndrome	10q monosomy	q
GARD:0003722	partial deletion of the long arm of chromosome 14	deletion 14q	deletion
GARD:0003722	partial deletion of the long arm of chromosome 14	deletion 14q	q
GARD:0003722	partial deletion of the long arm of chromosome 14	14q deletion	q
GARD:0003722	partial deletion of the long arm of chromosome 14	14q deletion	deletion
GARD:0003722	partial deletion of the long arm of chromosome 14	14q monosomy	q
GARD:0003722	partial deletion of the long arm of chromosome 14	monosomy 14q	q
GARD:0003730	partial deletion of the short arm of chromosome 1	deletion 1p	deletion
GARD:0003730	partial deletion of the short arm of chromosome 1	deletion 1p	p
GARD:0003730	partial deletion of the short arm of chromosome 1	monosomy 1p	p
GARD:0003730	partial deletion of the short arm of chromosome 1	1p monosomy	p
GARD:0003730	partial deletion of the short arm of chromosome 1	1p deletion	p
GARD:0003730	partial deletion of the short arm of chromosome 1	1p deletion	deletion
GARD:0003730	partial deletion of the short arm of chromosome 1	del(1p)	del
GARD:0003730	partial deletion of the short arm of chromosome 1	del(1p)	p
GARD:0003744	partial deletion of the long arm of chromosome 2	deletion 2q	deletion
GARD:0003744	partial deletion of the long arm of chromosome 2	deletion 2q	q
GARD:0003744	partial deletion of the long arm of chromosome 2	monosomy 2q	q
GARD:0003744	partial deletion of the long arm of chromosome 2	2q deletion	q
GARD:0003744	partial deletion of the long arm of chromosome 2	2q deletion	deletion
GARD:0003744	partial deletion of the long arm of chromosome 2	2q monosomy	q
GARD:0003746	2q24 microdeletion syndrome	monosomy 2q24	q
GARD:0003746	2q24 microdeletion syndrome	2q24 deletion	q
GARD:0003746	2q24 microdeletion syndrome	2q24 deletion	deletion
GARD:0003746	2q24 microdeletion syndrome	deletion 2q24	deletion
GARD:0003746	2q24 microdeletion syndrome	deletion 2q24	q
GARD:0003746	2q24 microdeletion syndrome	Del(2)(q24)	del
GARD:0003746	2q24 microdeletion syndrome	Del(2)(q24)	q
GARD:0003750	3p- syndrome	3p deletion	p
GARD:0003750	3p- syndrome	3p deletion	deletion
GARD:0003750	3p- syndrome	deletion 3p	deletion
GARD:0003750	3p- syndrome	deletion 3p	p
GARD:0003750	3p- syndrome	3p monosomy	p
GARD:0003750	3p- syndrome	monosomy 3p	p
GARD:0003750	3p- syndrome	del(3p25)	del
GARD:0003750	3p- syndrome	del(3p25)	p
GARD:0003750	3p- syndrome	deletion 3p25	deletion
GARD:0003750	3p- syndrome	deletion 3p25	p
GARD:0003760	partial deletion of the long arm of chromosome 6	deletion 6q	deletion
GARD:0003760	partial deletion of the long arm of chromosome 6	deletion 6q	q
GARD:0003760	partial deletion of the long arm of chromosome 6	monosomy 6q	q
GARD:0003760	partial deletion of the long arm of chromosome 6	6q deletion	q
GARD:0003760	partial deletion of the long arm of chromosome 6	6q deletion	deletion
GARD:0003760	partial deletion of the long arm of chromosome 6	6q monosomy	q
GARD:0003764	chromosome 6q24-q25 deletion syndrome	deletion 6q25	deletion
GARD:0003764	chromosome 6q24-q25 deletion syndrome	deletion 6q25	q
GARD:0003764	chromosome 6q24-q25 deletion syndrome	Del(6)(q25)	del
GARD:0003764	chromosome 6q24-q25 deletion syndrome	Del(6)(q25)	q
GARD:0003764	chromosome 6q24-q25 deletion syndrome	del(6q25)	del
GARD:0003764	chromosome 6q24-q25 deletion syndrome	del(6q25)	q
GARD:0003764	chromosome 6q24-q25 deletion syndrome	monosomy 6q25	q
GARD:0003765	partial deletion of the long arm of chromosome 7	monosomy 7q	q
GARD:0003765	partial deletion of the long arm of chromosome 7	7q deletion	q
GARD:0003765	partial deletion of the long arm of chromosome 7	7q deletion	deletion
GARD:0003765	partial deletion of the long arm of chromosome 7	7q monosomy	q
GARD:0003765	partial deletion of the long arm of chromosome 7	del(7q)	del
GARD:0003765	partial deletion of the long arm of chromosome 7	del(7q)	q
GARD:0003765	partial deletion of the long arm of chromosome 7	deletion 7q	deletion
GARD:0003765	partial deletion of the long arm of chromosome 7	deletion 7q	q
GARD:0003768	partial deletion of the short arm of chromosome 8	monosomy 8p	p
GARD:0003768	partial deletion of the short arm of chromosome 8	8p deletion	p
GARD:0003768	partial deletion of the short arm of chromosome 8	8p deletion	deletion
GARD:0003768	partial deletion of the short arm of chromosome 8	8p monosomy	p
GARD:0003768	partial deletion of the short arm of chromosome 8	deletion 8p	deletion
GARD:0003768	partial deletion of the short arm of chromosome 8	deletion 8p	p
GARD:0003769	8p23.1 microdeletion syndrome	monosomy 8p23.1	p
GARD:0003769	8p23.1 microdeletion syndrome	8p23.1 deletion	p
GARD:0003769	8p23.1 microdeletion syndrome	8p23.1 deletion	deletion
GARD:0003769	8p23.1 microdeletion syndrome	Del(8)(p23.1)	del
GARD:0003769	8p23.1 microdeletion syndrome	Del(8)(p23.1)	p
GARD:0003769	8p23.1 microdeletion syndrome	deletion 8p23.1	deletion
GARD:0003769	8p23.1 microdeletion syndrome	deletion 8p23.1	p
GARD:0003770	partial deletion of the long arm of chromosome 8	monosomy 8q	q
GARD:0003770	partial deletion of the long arm of chromosome 8	8q deletion	q
GARD:0003770	partial deletion of the long arm of chromosome 8	8q deletion	deletion
GARD:0003770	partial deletion of the long arm of chromosome 8	8q monosomy	q
GARD:0003770	partial deletion of the long arm of chromosome 8	deletion 8q	deletion
GARD:0003770	partial deletion of the long arm of chromosome 8	deletion 8q	q
GARD:0003773	chromosome 9p deletion syndrome	9p deletion	p
GARD:0003773	chromosome 9p deletion syndrome	9p deletion	deletion
GARD:0003773	chromosome 9p deletion syndrome	9p syndrome	p
GARD:0003773	chromosome 9p deletion syndrome	9p syndrome	syndrome
GARD:0003773	chromosome 9p deletion syndrome	9p monosomy	p
GARD:0003773	chromosome 9p deletion syndrome	deletion 9p	deletion
GARD:0003773	chromosome 9p deletion syndrome	deletion 9p	p
GARD:0003773	chromosome 9p deletion syndrome	monosomy 9p	p
GARD:0003773	chromosome 9p deletion syndrome	9p- syndrome	p
GARD:0003773	chromosome 9p deletion syndrome	9p- syndrome	syndrome
GARD:0003785	mucopolysaccharidosis type 4a	MPS4A	a
GARD:0003785	mucopolysaccharidosis type 4a	mucopolysaccharidosis IVA	iva
GARD:0003785	mucopolysaccharidosis type 4a	GALNS deficiency	deficiency
GARD:0003785	mucopolysaccharidosis type 4a	MPS 4A	a
GARD:0003785	mucopolysaccharidosis type 4a	MPS IVA	iva
GARD:0003786	mucopolysaccharidosis type 4b	MPS 4B	b
GARD:0003786	mucopolysaccharidosis type 4b	MPS4B	b
GARD:0003787	VIPoma	WDHA syndrome	syndrome
GARD:0003807	mucopolysaccharidosis type 3	NAGLU deficiency	deficiency
GARD:0003829	multiple endocrine neoplasia type 1	MEN1 syndrome	men
GARD:0003829	multiple endocrine neoplasia type 1	MEN1 syndrome	syndrome
GARD:0003829	multiple endocrine neoplasia type 1	MEN1	men
GARD:0003829	multiple endocrine neoplasia type 1	MEA type 1	type
GARD:0003830	multiple endocrine neoplasia type 2	MEN2	men
GARD:0003836	multiple synostoses syndrome	WL syndrome	syndrome
GARD:0003843	congenital merosin-deficient muscular dystrophy 1A	CMD1A	a
GARD:0003843	congenital merosin-deficient muscular dystrophy 1A	MDC1A	a
GARD:0003844	autosomal recessive limb-girdle muscular dystrophy type 2h	LGMD2H	h
GARD:0003851	autosomal recessive limb-girdle muscular dystrophy type 2e	beta-sarcoglycanopathy	beta
GARD:0003851	autosomal recessive limb-girdle muscular dystrophy type 2e	LGMD2E	e
GARD:0003858	glycogen storage disease ixd	GSD9D	d
GARD:0003868	myeloperoxidase deficiency	MPO deficiency	deficiency
GARD:0003872	progressive myoclonic epilepsy type 6	PME type 6	type
GARD:0003876	Unverricht-Lundborg syndrome	PME type 1	type
GARD:0003884	tubular aggregate myopathy	TAM1	tam
GARD:0003904	Nijmegen breakage syndrome	AT V1	at
GARD:0003904	Nijmegen breakage syndrome	AT V1	v
GARD:0003916	proteasome-associated autoinflammatory syndrome 1	JMP syndrome	syndrome
GARD:0003919	isolated growth hormone deficiency type ib	IGHD 1B	b
GARD:0003919	isolated growth hormone deficiency type ib	IGHD1B	b
GARD:0003928	visceral neuropathy, familial, 1, autosomal recessive	NID A	nid
GARD:0003928	visceral neuropathy, familial, 1, autosomal recessive	NID A	a
GARD:0003953	galactosialidosis	PPCA deficiency	deficiency
GARD:0003957	neurodegeneration with brain iron accumulation 2a	PLAN	plan
GARD:0003957	neurodegeneration with brain iron accumulation 2a	NBIA2A	a
GARD:0003973	Charcot-Marie-Tooth disease type 4D	HMSN4D	d
GARD:0003973	Charcot-Marie-Tooth disease type 4D	CMT4D	d
GARD:0004011	Norum disease	LCAT deficiency	deficiency
GARD:0004017	occipital horn syndrome	EDS9, formerly	formerly
GARD:0004039	oculocutaneous albinism type 3	rufous OCA	rufous
GARD:0004050	oculorenocerebellar syndrome	ORC syndrome	orc
GARD:0004050	oculorenocerebellar syndrome	ORC syndrome	syndrome
GARD:0004060	orofaciodigital syndrome viii	OFD syndrome 8	syndrome
GARD:0004061	orofaciodigital syndrome x	OFD syndrome 10	syndrome
GARD:0004062	mitochondrial dna depletion syndrome 7 (hepatocerebral type)	SCA8 (formerly)	formerly
GARD:0004080	cloacal exstrophy	OEIS complex	complex
GARD:0004080	cloacal exstrophy	OEIS syndrome	syndrome
GARD:0004118	orofaciodigital syndrome xi	OFD syndrome 11	syndrome
GARD:0004120	orofaciodigital syndrome v	OFD syndrome 5	syndrome
GARD:0004121	orofaciodigital syndrome i	OFD syndrome 1	syndrome
GARD:0004130	otospondylomegaepiphyseal dysplasia	OSMED syndrome	syndrome
GARD:0004131	Thiemann disease, familial form	THIEMANN disease	disease
GARD:0004142	osteoglophonic dwarfism	OSTEOGLOPHONIC dysplasia	dysplasia
GARD:0004154	autosomal recessive osteopetrosis 3	mixed RTA	mixed
GARD:0004169	otofaciocervical syndrome	OFC syndrome	syndrome
GARD:0004219	hereditary spastic paraplegia 17	dHMN5B	b
GARD:0004229	partial atrioventricular canal	partial AVSD	partial
GARD:0004271	Pendred syndrome	TDH2B	b
GARD:0004278	phosphoenolpyruvate carboxykinase deficiency, cytosolic	PEPCK 1 deficiency	deficiency
GARD:0004278	phosphoenolpyruvate carboxykinase deficiency, cytosolic	PEPCK1 deficiency	deficiency
GARD:0004279	phosphoenolpyruvate carboxykinase deficiency, mitochondrial	PEPCK2 deficiency	deficiency
GARD:0004279	phosphoenolpyruvate carboxykinase deficiency, mitochondrial	PCK2 deficiency	deficiency
GARD:0004279	phosphoenolpyruvate carboxykinase deficiency, mitochondrial	PEPCK 2 deficiency	deficiency
GARD:0004291	alopecia-intellectual disability syndrome 2	AMR syndrome 2	syndrome
GARD:0004302	mesomelia-synostoses syndrome	monosomy 8q13	q
GARD:0004305	pfeiffer-palm-teller syndrome	PPT syndrome	syndrome
GARD:0004319	dihydropteridine reductase deficiency	DHPR deficiency	deficiency
GARD:0004319	dihydropteridine reductase deficiency	HPABH4C	c
GARD:0004319	dihydropteridine reductase deficiency	PKU type 2	type
GARD:0004329	PGM1-congenital disorder of glycosylation	Pgm1 deficiency	deficiency
GARD:0004329	PGM1-congenital disorder of glycosylation	CDG it	it
GARD:0004329	PGM1-congenital disorder of glycosylation	CDG1T	t
GARD:0004329	PGM1-congenital disorder of glycosylation	CDG-It	it
GARD:0004329	PGM1-congenital disorder of glycosylation	phosphoglucomutase-1 deficiency	deficiency
GARD:0004329	PGM1-congenital disorder of glycosylation	GSD type 14	type
GARD:0004337	phosphoribosylpyrophosphate synthetase superactivity	PRPS1 superactivity	superactivity
GARD:0004357	late-onset retinal degeneration	LORD	lord
GARD:0004358	T-cell immunodeficiency, congenital alopecia, and nail dystrophy	FOXN1 deficiency	deficiency
GARD:0004365	ophthalmomandibulomelic dysplasia	OMM syndrome	syndrome
GARD:0004382	platyspondylic dysplasia, torrance type	PLSD-T	t
GARD:0004414	polydactyly, postaxial, type a1	PAPA1	papa
GARD:0004477	inherited prekallikrein deficiency	PKK deficiency	deficiency
GARD:0004485	juvenile primary lateral sclerosis	PLS juvenile	juvenile
GARD:0004485	juvenile primary lateral sclerosis	juvenile PLS	juvenile
GARD:0004497	Fontaine progeroid syndrome	GCM syndrome	syndrome
GARD:0004522	transcobalamin i deficiency	TCI deficiency	deficiency
GARD:0004522	transcobalamin i deficiency	transcobalamin-1 deficiency	deficiency
GARD:0004522	transcobalamin i deficiency	Tcn1 deficiency	deficiency
GARD:0004539	d-bifunctional protein deficiency	DBP deficiency	deficiency
GARD:0004543	peroxisomal acyl-coa oxidase deficiency	ACOX1 deficiency	deficiency
GARD:0004543	peroxisomal acyl-coa oxidase deficiency	pseudo-NALD	pseudo
GARD:0004552	pseudohypoaldosteronism, type ib1, autosomal recessive	PHA1B	b
GARD:0004552	pseudohypoaldosteronism, type ib1, autosomal recessive	generalized PHA1	generalized
GARD:0004582	hereditary pulmonary alveolar proteinosis	congenital PAP	congenital
GARD:0004582	hereditary pulmonary alveolar proteinosis	congenital PAP	pap
GARD:0004606	purine nucleoside phosphorylase deficiency	PNP deficiency	deficiency
GARD:0004607	acquired thrombotic thrombocytopenic purpura	acquired TTP	acquired
GARD:0004620	pyruvate dehydrogenase e1-alpha deficiency	PDH deficiency	deficiency
GARD:0004628	microphthalmia, syndromic 2	MAA2 (formerly)	formerly
GARD:0004628	microphthalmia, syndromic 2	ANOP2 (formerly)	formerly
GARD:0004628	microphthalmia, syndromic 2	OFCD syndrome	syndrome
GARD:0004634	leukocyte adhesion deficiency type ii	CDG2C	c
GARD:0004634	leukocyte adhesion deficiency type ii	lad-II	lad
GARD:0004634	leukocyte adhesion deficiency type ii	CDG 2C	c
GARD:0004634	leukocyte adhesion deficiency type ii	LAD2	lad
GARD:0004666	autosomal recessive distal renal tubular acidosis	AR dRTA	ar
GARD:0004667	distal renal tubular acidosis	classic RTA	classic
GARD:0004668	autosomal dominant distal renal tubular acidosis	AD dRTA	ad
GARD:0004684	retinitis pigmentosa-deafness syndrome	RP8, formerly	formerly
GARD:0004684	retinitis pigmentosa-deafness syndrome	RP21, formerly	formerly
GARD:0004694	atypical rett syndrome	atypical RTT	atypical
GARD:0004722	8q22.1 microdeletion syndrome	monosomy 8q22.1	q
GARD:0004737	Mayer-Rokitansky-Kuster-Hauser syndrome type 1	MRKH anomaly	anomaly
GARD:0004737	Mayer-Rokitansky-Kuster-Hauser syndrome type 1	MRKH syndrome	syndrome
GARD:0004741	roussy-levy syndrome	HMSN I	i
GARD:0004774	succinyl-coa:3-ketoacid coa transferase deficiency	OXCT1 deficiency	deficiency
GARD:0004822	short chain acyl-coa dehydrogenase deficiency	SCAD	scad
GARD:0004832	beemer-langer syndrome	SRPS type 4	type
GARD:0004833	short rib-polydactyly syndrome, majewski type	SRPS type 2	type
GARD:0004877	solitary median maxillary central incisor syndrome	SMMCI syndrome	syndrome
GARD:0004881	multiple endocrine neoplasia type 2a	men 2A	men
GARD:0004881	multiple endocrine neoplasia type 2a	men 2A	a
GARD:0004881	multiple endocrine neoplasia type 2a	MEN2A	men
GARD:0004881	multiple endocrine neoplasia type 2a	MEN2A	a
GARD:0004891	spondyloepimetaphyseal dysplasia, Bieganski type	H-SMD	h
GARD:0004926	hereditary spastic paraplegia 5A	SPG5A	a
GARD:0004936	Weill-Marchesani syndrome	WM syndrome	syndrome
GARD:0004938	juvenile neuronal ceroid lipofuscinosis	juvenile NCL	juvenile
GARD:0004945	spinal muscular atrophy, type ii	SMA-II	sma
GARD:0004945	spinal muscular atrophy, type ii	SMA type 2	sma
GARD:0004945	spinal muscular atrophy, type ii	SMA type 2	type
GARD:0004945	spinal muscular atrophy, type ii	SMA II	sma
GARD:0004945	spinal muscular atrophy, type ii	SMA2	sma
GARD:0004952	autosomal recessive cerebellar ataxia-saccadic intrusion syndrome	SCAR4	scar
GARD:0004954	infantile-onset autosomal recessive nonprogressive cerebellar ataxia	SCAR6	scar
GARD:0004977	brachyolmia type 1, toledo type	BCYM1B	b
GARD:0005021	otospondylomegaepiphyseal dysplasia, autosomal dominant	heterozygous OSMED	heterozygous
GARD:0005041	hereditary spastic paraplegia 3A	SPG3A	a
GARD:0005100	syringocystadenoma papilliferum	SCAP	scap
GARD:0005121	otopalatodigital syndrome type 1	OPD syndrome	syndrome
GARD:0005121	otopalatodigital syndrome type 1	OPD 1 syndrome	syndrome
GARD:0005121	otopalatodigital syndrome type 1	OPD syndrome 1	syndrome
GARD:0005153	duplication/inversion 15q11	tetrasomy 15q	tetrasomy
GARD:0005153	duplication/inversion 15q11	tetrasomy 15q	q
GARD:0005173	thiopurine s-methyltransferase deficiency	6-mercaptopurine sensitivity	sensitivity
GARD:0005173	thiopurine s-methyltransferase deficiency	TPMT deficiency	deficiency
GARD:0005186	diffuse nonepidermolytic palmoplantar keratoderma	diffuse NEPPK	diffuse
GARD:0005258	trichohepatoenteric syndrome	SD/THE	the
GARD:0005261	trichodysplasia-xeroderma syndrome	trichodysplasia-xeroderma	xeroderma
GARD:0005270	trichothiodystrophy 1, photosensitive	PIBIDS syndrome	syndrome
GARD:0005271	trichothiodystrophy 4, nonphotosensitive	BIDS syndrome	syndrome
GARD:0005287	triosephosphate isomerase deficiency	TPI deficiency	deficiency
GARD:0005299	trisomy 10p	Duplication 10p	duplication
GARD:0005299	trisomy 10p	Duplication 10p	p
GARD:0005299	trisomy 10p	10p duplication	p
GARD:0005299	trisomy 10p	10p duplication	duplication
GARD:0005299	trisomy 10p	10p trisomy	p
GARD:0005299	trisomy 10p	10p trisomy	trisomy
GARD:0005305	trisomy 12p	12p duplication	p
GARD:0005305	trisomy 12p	12p duplication	duplication
GARD:0005305	trisomy 12p	12p trisomy	p
GARD:0005305	trisomy 12p	12p trisomy	trisomy
GARD:0005305	trisomy 12p	Duplication 12p	duplication
GARD:0005305	trisomy 12p	Duplication 12p	p
GARD:0005314	partial duplication of the long arm of chromosome 15	15q duplication	q
GARD:0005314	partial duplication of the long arm of chromosome 15	15q duplication	duplication
GARD:0005314	partial duplication of the long arm of chromosome 15	trisomy 15q	trisomy
GARD:0005314	partial duplication of the long arm of chromosome 15	trisomy 15q	q
GARD:0005314	partial duplication of the long arm of chromosome 15	15q trisomy	q
GARD:0005314	partial duplication of the long arm of chromosome 15	15q trisomy	trisomy
GARD:0005314	partial duplication of the long arm of chromosome 15	Duplication 15q	duplication
GARD:0005314	partial duplication of the long arm of chromosome 15	Duplication 15q	q
GARD:0005315	partial duplication of the short arm of chromosome 16	16p duplication	p
GARD:0005315	partial duplication of the short arm of chromosome 16	16p duplication	duplication
GARD:0005315	partial duplication of the short arm of chromosome 16	16p trisomy	p
GARD:0005315	partial duplication of the short arm of chromosome 16	16p trisomy	trisomy
GARD:0005315	partial duplication of the short arm of chromosome 16	trisomy 16p	trisomy
GARD:0005315	partial duplication of the short arm of chromosome 16	trisomy 16p	p
GARD:0005315	partial duplication of the short arm of chromosome 16	Duplication 16p	duplication
GARD:0005315	partial duplication of the short arm of chromosome 16	Duplication 16p	p
GARD:0005318	trisomy 17p	17p duplication	p
GARD:0005318	trisomy 17p	17p duplication	duplication
GARD:0005318	trisomy 17p	dup(17p)	dup
GARD:0005318	trisomy 17p	dup(17p)	p
GARD:0005318	trisomy 17p	17p trisomy	p
GARD:0005318	trisomy 17p	17p trisomy	trisomy
GARD:0005318	trisomy 17p	Duplication 17p	duplication
GARD:0005318	trisomy 17p	Duplication 17p	p
GARD:0005323	trisomy 18p	18p trisomy	p
GARD:0005323	trisomy 18p	18p trisomy	trisomy
GARD:0005323	trisomy 18p	18p duplication	p
GARD:0005323	trisomy 18p	18p duplication	duplication
GARD:0005323	trisomy 18p	Duplication 18p	duplication
GARD:0005323	trisomy 18p	Duplication 18p	p
GARD:0005333	trisomy 20p	Duplication 20p	duplication
GARD:0005333	trisomy 20p	Duplication 20p	p
GARD:0005333	trisomy 20p	20p duplication	p
GARD:0005333	trisomy 20p	20p duplication	duplication
GARD:0005333	trisomy 20p	20p trisomy	p
GARD:0005333	trisomy 20p	20p trisomy	trisomy
GARD:0005333	trisomy 20p	dup(20p)	dup
GARD:0005333	trisomy 20p	dup(20p)	p
GARD:0005337	partial duplication of the short arm of chromosome 2	2p trisomy	p
GARD:0005337	partial duplication of the short arm of chromosome 2	2p trisomy	trisomy
GARD:0005337	partial duplication of the short arm of chromosome 2	2p duplication	p
GARD:0005337	partial duplication of the short arm of chromosome 2	2p duplication	duplication
GARD:0005337	partial duplication of the short arm of chromosome 2	Duplication 2p	duplication
GARD:0005337	partial duplication of the short arm of chromosome 2	Duplication 2p	p
GARD:0005337	partial duplication of the short arm of chromosome 2	trisomy 2p	trisomy
GARD:0005337	partial duplication of the short arm of chromosome 2	trisomy 2p	p
GARD:0005340	partial duplication of the long arm of chromosome 2	2q duplication	q
GARD:0005340	partial duplication of the long arm of chromosome 2	2q duplication	duplication
GARD:0005340	partial duplication of the long arm of chromosome 2	2q trisomy	q
GARD:0005340	partial duplication of the long arm of chromosome 2	2q trisomy	trisomy
GARD:0005340	partial duplication of the long arm of chromosome 2	Duplication 2q	duplication
GARD:0005340	partial duplication of the long arm of chromosome 2	Duplication 2q	q
GARD:0005340	partial duplication of the long arm of chromosome 2	trisomy 2q	trisomy
GARD:0005340	partial duplication of the long arm of chromosome 2	trisomy 2q	q
GARD:0005343	partial duplication of the short arm of chromosome 3	3p duplication	p
GARD:0005343	partial duplication of the short arm of chromosome 3	3p duplication	duplication
GARD:0005343	partial duplication of the short arm of chromosome 3	Duplication 3p	duplication
GARD:0005343	partial duplication of the short arm of chromosome 3	Duplication 3p	p
GARD:0005343	partial duplication of the short arm of chromosome 3	trisomy 3p	trisomy
GARD:0005343	partial duplication of the short arm of chromosome 3	trisomy 3p	p
GARD:0005343	partial duplication of the short arm of chromosome 3	3p trisomy	p
GARD:0005343	partial duplication of the short arm of chromosome 3	3p trisomy	trisomy
GARD:0005345	partial duplication of the long arm of chromosome 3	Duplication 3q	duplication
GARD:0005345	partial duplication of the long arm of chromosome 3	Duplication 3q	q
GARD:0005345	partial duplication of the long arm of chromosome 3	trisomy 3q	trisomy
GARD:0005345	partial duplication of the long arm of chromosome 3	trisomy 3q	q
GARD:0005347	partial duplication of the long arm of chromosome 4	4q duplication	q
GARD:0005347	partial duplication of the long arm of chromosome 4	4q duplication	duplication
GARD:0005347	partial duplication of the long arm of chromosome 4	Duplication 4q	duplication
GARD:0005347	partial duplication of the long arm of chromosome 4	Duplication 4q	q
GARD:0005347	partial duplication of the long arm of chromosome 4	trisomy 4q	trisomy
GARD:0005347	partial duplication of the long arm of chromosome 4	trisomy 4q	q
GARD:0005347	partial duplication of the long arm of chromosome 4	4q trisomy	q
GARD:0005347	partial duplication of the long arm of chromosome 4	4q trisomy	trisomy
GARD:0005351	partial trisomy of the long arm of chromosome 5	5q duplication	q
GARD:0005351	partial trisomy of the long arm of chromosome 5	5q duplication	duplication
GARD:0005351	partial trisomy of the long arm of chromosome 5	5q trisomy	q
GARD:0005351	partial trisomy of the long arm of chromosome 5	5q trisomy	trisomy
GARD:0005351	partial trisomy of the long arm of chromosome 5	Duplication 5q	duplication
GARD:0005351	partial trisomy of the long arm of chromosome 5	Duplication 5q	q
GARD:0005351	partial trisomy of the long arm of chromosome 5	trisomy 5q	trisomy
GARD:0005351	partial trisomy of the long arm of chromosome 5	trisomy 5q	q
GARD:0005352	partial duplication of the short arm of chromosome 6	trisomy 6p	trisomy
GARD:0005352	partial duplication of the short arm of chromosome 6	trisomy 6p	p
GARD:0005352	partial duplication of the short arm of chromosome 6	6p duplication	p
GARD:0005352	partial duplication of the short arm of chromosome 6	6p duplication	duplication
GARD:0005352	partial duplication of the short arm of chromosome 6	Duplication 6p	duplication
GARD:0005352	partial duplication of the short arm of chromosome 6	Duplication 6p	p
GARD:0005352	partial duplication of the short arm of chromosome 6	6p trisomy	p
GARD:0005352	partial duplication of the short arm of chromosome 6	6p trisomy	trisomy
GARD:0005353	partial duplication of the long arm of chromosome 6	6q duplication	q
GARD:0005353	partial duplication of the long arm of chromosome 6	6q duplication	duplication
GARD:0005353	partial duplication of the long arm of chromosome 6	6q trisomy	q
GARD:0005353	partial duplication of the long arm of chromosome 6	6q trisomy	trisomy
GARD:0005353	partial duplication of the long arm of chromosome 6	Duplication 6q	duplication
GARD:0005353	partial duplication of the long arm of chromosome 6	Duplication 6q	q
GARD:0005353	partial duplication of the long arm of chromosome 6	trisomy 6q	trisomy
GARD:0005353	partial duplication of the long arm of chromosome 6	trisomy 6q	q
GARD:0005355	partial duplication of the short arm of chromosome 7	trisomy 7p	trisomy
GARD:0005355	partial duplication of the short arm of chromosome 7	trisomy 7p	p
GARD:0005355	partial duplication of the short arm of chromosome 7	7p duplication	p
GARD:0005355	partial duplication of the short arm of chromosome 7	7p duplication	duplication
GARD:0005355	partial duplication of the short arm of chromosome 7	7p trisomy	p
GARD:0005355	partial duplication of the short arm of chromosome 7	7p trisomy	trisomy
GARD:0005355	partial duplication of the short arm of chromosome 7	Duplication 7p	duplication
GARD:0005355	partial duplication of the short arm of chromosome 7	Duplication 7p	p
GARD:0005357	partial duplication of the long arm of chromosome 7	7q duplication	q
GARD:0005357	partial duplication of the long arm of chromosome 7	7q duplication	duplication
GARD:0005357	partial duplication of the long arm of chromosome 7	Duplication 7q	duplication
GARD:0005357	partial duplication of the long arm of chromosome 7	Duplication 7q	q
GARD:0005357	partial duplication of the long arm of chromosome 7	7q trisomy	q
GARD:0005357	partial duplication of the long arm of chromosome 7	7q trisomy	trisomy
GARD:0005357	partial duplication of the long arm of chromosome 7	trisomy 7q	trisomy
GARD:0005357	partial duplication of the long arm of chromosome 7	trisomy 7q	q
GARD:0005361	partial duplication of the short arm of chromosome 8	8p duplication	p
GARD:0005361	partial duplication of the short arm of chromosome 8	8p duplication	duplication
GARD:0005361	partial duplication of the short arm of chromosome 8	trisomy 8p	trisomy
GARD:0005361	partial duplication of the short arm of chromosome 8	trisomy 8p	p
GARD:0005361	partial duplication of the short arm of chromosome 8	8p trisomy	p
GARD:0005361	partial duplication of the short arm of chromosome 8	8p trisomy	trisomy
GARD:0005361	partial duplication of the short arm of chromosome 8	Duplication 8p	duplication
GARD:0005361	partial duplication of the short arm of chromosome 8	Duplication 8p	p
GARD:0005362	trisomy 8q	8q duplication	q
GARD:0005362	trisomy 8q	8q duplication	duplication
GARD:0005362	trisomy 8q	8q trisomy	q
GARD:0005362	trisomy 8q	8q trisomy	trisomy
GARD:0005362	trisomy 8q	Duplication 8q	duplication
GARD:0005362	trisomy 8q	Duplication 8q	q
GARD:0005392	galactose epimerase deficiency	GALE-D	gale
GARD:0005392	galactose epimerase deficiency	GALE-D	d
GARD:0005394	Ulbright-Hodes syndrome	RL syndrome	syndrome
GARD:0005408	chromosome 17q11.2 deletion syndrome, 1.4Mb	monosomy 17q11	q
GARD:0005408	chromosome 17q11.2 deletion syndrome, 1.4Mb	Del(17)(q11)	del
GARD:0005408	chromosome 17q11.2 deletion syndrome, 1.4Mb	Del(17)(q11)	q
GARD:0005409	paternal uniparental disomy of chromosome 14	UPD(14)pat	pat
GARD:0005435	Usher syndrome type 1	USH1A	ush
GARD:0005435	Usher syndrome type 1	USH1A	a
GARD:0005435	Usher syndrome type 1	USH1	ush
GARD:0005437	Usher syndrome type 1C	USH1C	ush
GARD:0005437	Usher syndrome type 1C	USH1C	c
GARD:0005438	Usher syndrome type 1D	USH1D	ush
GARD:0005438	Usher syndrome type 1D	USH1D	d
GARD:0005439	Usher syndrome type 1E	USH1E	ush
GARD:0005439	Usher syndrome type 1E	USH1E	e
GARD:0005440	Usher syndrome type 2	USH2	ush
GARD:0005442	Usher syndrome type 3	USH3	ush
GARD:0005443	vacterl/vater association	VATER association	association
GARD:0005443	vacterl/vater association	VATER syndrome	syndrome
GARD:0005445	Mayer-Rokitansky-Kuster-Hauser syndrome	MRKH syndrome	syndrome
GARD:0005469	velo-facial-skeletal syndrome	VELOFACIOSKELETAL syndrome	syndrome
GARD:0005476	dextro-looped transposition of the great arteries	D-TGA	d
GARD:0005508	very long chain acyl-coa dehydrogenase deficiency	VLCAD deficiency	deficiency
GARD:0005513	Mayer-Rokitansky-K√ºster-Hauser syndrome type 2	MRKH, type 2	type
GARD:0005513	Mayer-Rokitansky-K√ºster-Hauser syndrome type 2	MURCS association	association
GARD:0005520	Waardenburg syndrome type 2	WS type 2	type
GARD:0005521	Waardenburg syndrome type 2A	WS2A	a
GARD:0005522	Waardenburg syndrome type 2B	WS2B	b
GARD:0005528	wagr syndrome	Del(11)(p13)	del
GARD:0005528	wagr syndrome	Del(11)(p13)	p
GARD:0005528	wagr syndrome	monosomy 11p13	p
GARD:0005528	wagr syndrome	AGR triad	triad
GARD:0005528	wagr syndrome	deletion 11p	deletion
GARD:0005528	wagr syndrome	deletion 11p	p
GARD:0005528	wagr syndrome	monosomy 11p	p
GARD:0005528	wagr syndrome	WAGR Complex	complex
GARD:0005528	wagr syndrome	11p deletion	p
GARD:0005528	wagr syndrome	11p deletion	deletion
GARD:0005528	wagr syndrome	11p monosomy	p
GARD:0005528	wagr syndrome	deletion 11p13	deletion
GARD:0005528	wagr syndrome	deletion 11p13	p
GARD:0005569	Wildervanck syndrome	COA syndrome	syndrome
GARD:0005617	allan-herndon-dudley syndrome	MCT8 deficiency	deficiency
GARD:0005617	allan-herndon-dudley syndrome	T3 resisitence	t
GARD:0005617	allan-herndon-dudley syndrome	T3 resistance	t
GARD:0005617	allan-herndon-dudley syndrome	T3 resistance	resistance
GARD:0005618	T-B+ severe combined immunodeficiency due to gamma chain deficiency	SCID-X1	x
GARD:0005618	T-B+ severe combined immunodeficiency due to gamma chain deficiency	X-SCID	x
GARD:0005621	xanthinuria type i	XOR deficiency	deficiency
GARD:0005621	xanthinuria type i	XDH deficiency	deficiency
GARD:0005621	xanthinuria type i	XO deficiency	deficiency
GARD:0005624	xeroderma pigmentosum group A	XP-A	a
GARD:0005625	xeroderma pigmentosum group B	XP-B	b
GARD:0005626	xeroderma pigmentosum group C	XP-C	c
GARD:0005627	xeroderma pigmentosum group E	XP-E	e
GARD:0005628	xeroderma pigmentosum group F	XP-F	f
GARD:0005629	xeroderma pigmentosum group G	XP-G	g
GARD:0005644	dilated cardiomyopathy 1E	CMD1E	e
GARD:0005659	46,XY disorder of sex development due to 17-beta-hydroxysteroid dehydrogenase 3 deficiency	17-ketosteroidreductase deficiency	deficiency
GARD:0005659	46,XY disorder of sex development due to 17-beta-hydroxysteroid dehydrogenase 3 deficiency	17-ketoreductase deficiency	deficiency
GARD:0005659	46,XY disorder of sex development due to 17-beta-hydroxysteroid dehydrogenase 3 deficiency	17-KSR deficiency	deficiency
GARD:0005660	corticosterone methyloxidase type 1 deficiency	18-hydroxylase deficiency	deficiency
GARD:0005660	corticosterone methyloxidase type 1 deficiency	CMO 1 deficiency	deficiency
GARD:0005661	D-2-hydroxyglutaric aciduria	D-2-HGA	d
GARD:0005661	D-2-hydroxyglutaric aciduria	D2HA	d
GARD:0005661	D-2-hydroxyglutaric aciduria	D2HA	ha
GARD:0005661	D-2-hydroxyglutaric aciduria	D2HGA	d
GARD:0005663	3-methylglutaconic aciduria type 3	MGA, type 3	type
GARD:0005663	3-methylglutaconic aciduria type 3	OPA3 defect	defect
GARD:0005665	3-methylcrotonyl-coa carboxylase 1 deficiency	3-MCC deficiency	deficiency
GARD:0005665	3-methylcrotonyl-coa carboxylase 1 deficiency	MCC deficiency	deficiency
GARD:0005665	3-methylcrotonyl-coa carboxylase 1 deficiency	mcc1 deficiency	deficiency
GARD:0005665	3-methylcrotonyl-coa carboxylase 1 deficiency	3-methylcrotonylglycinuria I	i
GARD:0005665	3-methylcrotonyl-coa carboxylase 1 deficiency	MCC 1 deficiency	deficiency
GARD:0005665	3-methylcrotonyl-coa carboxylase 1 deficiency	MCC1D	d
GARD:0005666	Ritscher-Schinzel syndrome	3C syndrome	c
GARD:0005666	Ritscher-Schinzel syndrome	3C syndrome	syndrome
GARD:0005666	Ritscher-Schinzel syndrome	CCC dysplasia	dysplasia
GARD:0005667	3-M syndrome	3M syndrome	m
GARD:0005667	3-M syndrome	3M syndrome	syndrome
GARD:0005668	hawkinsinuria	4-HPPD deficiency	deficiency
GARD:0005671	46 XX gonadal dysgenesis	FSH-RO	ro
GARD:0005672	trisomy X	47 XXX syndrome	syndrome
GARD:0005672	trisomy X	47,XXX syndrome	syndrome
GARD:0005672	trisomy X	XXX syndrome	syndrome
GARD:0005674	47,XYY syndrome	47, XYY syndrome	syndrome
GARD:0005674	47,XYY syndrome	YY syndrome	syndrome
GARD:0005674	47,XYY syndrome	XYY karyotype	karyotype
GARD:0005676	48,XXXY syndrome	48, XXXY syndrome	syndrome
GARD:0005676	48,XXXY syndrome	XXXY syndrome	syndrome
GARD:0005677	48,XXYY syndrome	XXYY syndrome	syndrome
GARD:0005678	pentasomy X	poly-X	poly
GARD:0005678	pentasomy X	poly-X	x
GARD:0005678	pentasomy X	49, XXXXX syndrome	syndrome
GARD:0005678	pentasomy X	XXXXX syndrome	syndrome
GARD:0005678	pentasomy X	49,XXXXX syndrome	syndrome
GARD:0005678	pentasomy X	penta-X	penta
GARD:0005678	pentasomy X	penta-X	x
GARD:0005679	49,XXXXY syndrome	XXXXY syndrome	syndrome
GARD:0005682	BH4-deficient hyperphenylalaninemia A	HPABH4A	a
GARD:0005682	BH4-deficient hyperphenylalaninemia A	PTS deficiency	deficiency
GARD:0005683	smith-lemli-opitz syndrome	SLO syndrome	syndrome
GARD:0005683	smith-lemli-opitz syndrome	RSH syndrome	syndrome
GARD:0005686	glycogen storage disease vii	GSD type 7	type
GARD:0005690	rapp-hodgkin syndrome	OFC8, included	included
GARD:0005714	glycogen storage disease ii	GSD type 2	type
GARD:0005714	glycogen storage disease ii	GAA deficiency	deficiency
GARD:0005732	acute intermittent porphyria	PBGD deficiency	deficiency
GARD:0005732	acute intermittent porphyria	UPS deficiency	deficiency
GARD:0005732	acute intermittent porphyria	HMBS deficiency	deficiency
GARD:0005748	severe combined immunodeficiency, autosomal recessive, t cell-negative, b cell-negative, nk cell-negative, due to adenosine deaminase deficiency	ADA deficiency	ada
GARD:0005748	severe combined immunodeficiency, autosomal recessive, t cell-negative, b cell-negative, nk cell-negative, due to adenosine deaminase deficiency	ADA deficiency	deficiency
GARD:0005748	severe combined immunodeficiency, autosomal recessive, t cell-negative, b cell-negative, nk cell-negative, due to adenosine deaminase deficiency	ADA-SCID	ada
GARD:0005758	adrenoleukodystrophy	X-ALD	x
GARD:0005758	adrenoleukodystrophy	ABCD1 deficiency	deficiency
GARD:0005783	mitochondrial dna depletion syndrome 4a	MTDPS4A	a
GARD:0005784	alpha 1-antitrypsin deficiency	A1AD	a
GARD:0005784	alpha 1-antitrypsin deficiency	A1AD	ad
GARD:0005784	alpha 1-antitrypsin deficiency	AAT deficiency	deficiency
GARD:0005784	alpha 1-antitrypsin deficiency	A-1ATD	a
GARD:0005784	alpha 1-antitrypsin deficiency	A1ATD	a
GARD:0005787	Alstrom syndrome	ALMS	alms
GARD:0005797	AL amyloidosis	amyloidosis AL	amyloidosis
GARD:0005797	AL amyloidosis	amyloidosis AL	al
GARD:0005802	otopalatodigital syndrome type 2	OPD 2 syndrome	syndrome
GARD:0005802	otopalatodigital syndrome type 2	OPD syndrome 2	syndrome
GARD:0005803	androgen insensitivity syndrome	DHTR deficiency	deficiency
GARD:0005803	androgen insensitivity syndrome	AR deficiency	ar
GARD:0005803	androgen insensitivity syndrome	AR deficiency	deficiency
GARD:0005840	hyperargininemia	Arg1 deficiency	deficiency
GARD:0005843	argininosuccinic aciduria	ASA deficiency	asa
GARD:0005843	argininosuccinic aciduria	ASA deficiency	deficiency
GARD:0005843	argininosuccinic aciduria	ASL deficiency	deficiency
GARD:0005862	ataxia telangiectasia	ataxia-telangiectasia	ataxia
GARD:0005862	ataxia telangiectasia	ataxia-telangiectasia	telangiectasia
GARD:0005864	alpha thalassemia-X-linked intellectual disability syndrome	ATRX syndrome	syndrome
GARD:0005890	barth syndrome	TAZ defect	defect
GARD:0005890	barth syndrome	3-Methylglutaconicaciduria type 2	type
GARD:0005890	barth syndrome	MGA type 2	type
GARD:0005897	neuronal ceroid lipofuscinosis 3	CLN3 disease	disease
GARD:0005899	congenital contractural arachnodactyly	CCA syndrome	syndrome
GARD:0005969	thromboangiitis obliterans	BUERGER disease	disease
GARD:0005984	Canavan disease	acy2 deficiency	deficiency
GARD:0006026	cerebrocostomandibular syndrome	CCM syndrome	syndrome
GARD:0006038	chikungunya	CHIKV infection	infection
GARD:0006082	chromosome 1p36 deletion syndrome	Del(1)(p36)	del
GARD:0006082	chromosome 1p36 deletion syndrome	Del(1)(p36)	p
GARD:0006082	chromosome 1p36 deletion syndrome	deletion 1pter	deletion
GARD:0006082	chromosome 1p36 deletion syndrome	monosomy 1p36	p
GARD:0006082	chromosome 1p36 deletion syndrome	deletion 1p36	deletion
GARD:0006082	chromosome 1p36 deletion syndrome	deletion 1p36	p
GARD:0006091	trisomy 4p	Duplication 4p	duplication
GARD:0006091	trisomy 4p	Duplication 4p	p
GARD:0006091	trisomy 4p	4p duplication	p
GARD:0006091	trisomy 4p	4p duplication	duplication
GARD:0006091	trisomy 4p	4p trisomy	p
GARD:0006091	trisomy 4p	4p trisomy	trisomy
GARD:0006093	trisomy 5p	5p duplication	p
GARD:0006093	trisomy 5p	5p duplication	duplication
GARD:0006093	trisomy 5p	Duplication 5p	duplication
GARD:0006093	trisomy 5p	Duplication 5p	p
GARD:0006093	trisomy 5p	5p trisomy	p
GARD:0006093	trisomy 5p	5p trisomy	trisomy
GARD:0006104	B-cell chronic lymphocytic leukemia	B-CLL	b
GARD:0006114	citrullinemia type i	ASS deficiency	ass
GARD:0006114	citrullinemia type i	ASS deficiency	deficiency
GARD:0006124	Coffin-Siris syndrome	dwarfism-onychodysplasia	dwarfism
GARD:0006126	Cohen syndrome	Chs1, formerly	formerly
GARD:0006145	cone-rod dystrophy 2	CORD2	cord
GARD:0006148	hereditary antithrombin deficiency	AT3D	at
GARD:0006148	hereditary antithrombin deficiency	AT3D	d
GARD:0006168	polycystic kidney disease 4	PKD3, formerly	formerly
GARD:0006183	congenital sucrase-isomaltase deficiency	SI deficiency	si
GARD:0006183	congenital sucrase-isomaltase deficiency	SI deficiency	deficiency
GARD:0006196	congenital hereditary endothelial dystrophy of cornea	CHED2, formerly	formerly
GARD:0006213	Cri-du-chat syndrome	5p- syndrome	p
GARD:0006213	Cri-du-chat syndrome	5p- syndrome	syndrome
GARD:0006213	Cri-du-chat syndrome	monosomy 5p	p
GARD:0006213	Cri-du-chat syndrome	deletion 5p	deletion
GARD:0006213	Cri-du-chat syndrome	deletion 5p	p
GARD:0006237	cystinuria	cystinuria-lysinuria	cystinuria
GARD:0006242	dandy-walker syndrome	DW complex	complex
GARD:0006274	Diamond-Blackfan anemia	congenital PRCA	congenital
GARD:0006295	dyggve-melchior-clausen disease	DMC disease	disease
GARD:0006295	dyggve-melchior-clausen disease	DMC syndrome	syndrome
GARD:0006321	trisomy 18	E3 trisomy	e
GARD:0006321	trisomy 18	E3 trisomy	trisomy
GARD:0006321	trisomy 18	trisomy 16-18 (formerly)	trisomy
GARD:0006321	trisomy 18	trisomy 16-18 (formerly)	formerly
GARD:0006322	Ehlers-Danlos syndrome	ED syndrome	ed
GARD:0006322	Ehlers-Danlos syndrome	ED syndrome	syndrome
GARD:0006404	congenital factor x deficiency	F10 deficiency	f
GARD:0006404	congenital factor x deficiency	F10 deficiency	deficiency
GARD:0006408	classic familial adenomatous polyposis	classic FAP	classic
GARD:0006426	Farber lipogranulomatosis	AC deficiency	deficiency
GARD:0006450	fish eye disease	LCATA deficiency	deficiency
GARD:0006464	fragile x syndrome	FRAXA syndrome	syndrome
GARD:0006466	freeman-sheldon syndrome	DA2A	da
GARD:0006466	freeman-sheldon syndrome	DA2A	a
GARD:0006479	GM1 gangliosidosis type 1	Glb1 deficiency	deficiency
GARD:0006485	malt lymphoma	MALT-lymphoma	malt
GARD:0006485	malt lymphoma	MALT-lymphoma	lymphoma
GARD:0006500	giant axonal neuropathy 1	GAN1	gan
GARD:0006521	glucose-galactose malabsorption	SGLT1 deficiency	deficiency
GARD:0006523	multiple acyl-coa dehydrogenase deficiency	MAD deficiency	mad
GARD:0006523	multiple acyl-coa dehydrogenase deficiency	MAD deficiency	deficiency
GARD:0006528	glycogen storage disease v	GSD type 5	type
GARD:0006529	glycogen storage disease vi	GSD type 6	type
GARD:0006544	acute graft versus host disease	acute GVHD	acute
GARD:0006544	acute graft versus host disease	GVHD, acute	acute
GARD:0006558	congenital factor xii deficiency	F12 deficiency	f
GARD:0006558	congenital factor xii deficiency	F12 deficiency	deficiency
GARD:0006560	hairy cell leukemia	HCL-C	c
GARD:0006568	autosomal recessive congenital ichthyosis 4B	ARCI4B	b
GARD:0006588	Shiga toxin-associated hemolytic uremic syndrome	typical HUS	typical
GARD:0006588	Shiga toxin-associated hemolytic uremic syndrome	D+HUS	d
GARD:0006590	familial hemophagocytic lymphohistiocytosis type 1	familial HLH	familial
GARD:0006608	adult hepatocellular carcinoma	adult HCC	adult
GARD:0006618	neuronal ceroid lipofuscinosis 9	CLN9 disease	disease
GARD:0006619	hereditary coproporphyria	CPRO deficiency	deficiency
GARD:0006649	herpes simplex encephalitis	HSV encephalitis	encephalitis
GARD:0006661	histidinemia	HIS deficiency	his
GARD:0006661	histidinemia	HIS deficiency	deficiency
GARD:0006667	classic homocystinuria	CBS deficiency	deficiency
GARD:0006675	mucopolysaccharidosis type 2	SIDS deficiency	deficiency
GARD:0006675	mucopolysaccharidosis type 2	IDS deficiency	deficiency
GARD:0006703	hyperlipoproteinemia type 3	HLP type 3	type
GARD:0006703	hyperlipoproteinemia type 3	floating-betalipoproteinemia	floating
GARD:0006703	hyperlipoproteinemia type 3	Broad-betalipoproteinemia	broad
GARD:0006704	hyperlipoproteinemia type V	HLP type 5	type
GARD:0006778	incontinentia pigmenti	IP2 (formerly)	formerly
GARD:0006800	hyper-ige recurrent infection syndrome 1, autosomal dominant	AD-HIES	ad
GARD:0006800	hyper-ige recurrent infection syndrome 1, autosomal dominant	JOB syndrome	job
GARD:0006800	hyper-ige recurrent infection syndrome 1, autosomal dominant	JOB syndrome	syndrome
GARD:0006800	hyper-ige recurrent infection syndrome 1, autosomal dominant	STAT3 deficiency	deficiency
GARD:0006805	juvenile dermatomyositis	juvenile DM	juvenile
GARD:0006844	Krabbe disease	GALC deficiency	deficiency
GARD:0006845	ceroid lipofuscinosis, neuronal, 6b (kufs type)	CLN4A	a
GARD:0006867	long chain 3-hydroxyacyl-coa dehydrogenase deficiency	LCHAD deficiency	deficiency
GARD:0006893	leukocyte adhesion deficiency 1	lad-I	lad
GARD:0006893	leukocyte adhesion deficiency 1	lad-I	i
GARD:0006893	leukocyte adhesion deficiency 1	lad1	lad
GARD:0006902	li-fraumeni syndrome	SBLA syndrome	syndrome
GARD:0006950	megalencephaly-capillary malformation-polymicrogyria syndrome	M-CMTC	m
GARD:0006950	megalencephaly-capillary malformation-polymicrogyria syndrome	M-CM	m
GARD:0006953	macular corneal dystrophy	Mcdc1, formerly	formerly
GARD:0006956	sporadic creutzfeldt-jakob disease	sporadic CJD	sporadic
GARD:0006972	jaw-winking syndrome	jaw-winking	jaw
GARD:0006972	jaw-winking syndrome	jaw-winking	winking
GARD:0006972	jaw-winking syndrome	jaw-blinking	jaw
GARD:0006972	jaw-winking syndrome	jaw-blinking	blinking
GARD:0006986	masa syndrome	CRASH syndrome	crash
GARD:0006986	masa syndrome	CRASH syndrome	syndrome
GARD:0007009	melas syndrome	MELAS	melas
GARD:0007071	mucopolysaccharidosis type 3a	MPS 3A	a
GARD:0007071	mucopolysaccharidosis type 3a	MPS3A	a
GARD:0007072	mucopolysaccharidosis type 3b	MPS 3B	b
GARD:0007072	mucopolysaccharidosis type 3b	MPS3B	b
GARD:0007072	mucopolysaccharidosis type 3b	NAGLU deficiency	deficiency
GARD:0007073	mucopolysaccharidosis type 3c	MPS3C	c
GARD:0007073	mucopolysaccharidosis type 3c	HGSNAT deficiency	deficiency
GARD:0007073	mucopolysaccharidosis type 3c	MPS 3C	c
GARD:0007074	mucopolysaccharidosis type 3d	MPS3D	d
GARD:0007074	mucopolysaccharidosis type 3d	GNS deficiency	deficiency
GARD:0007074	mucopolysaccharidosis type 3d	MPS 3D	d
GARD:0007095	mucopolysaccharidosis type 6	ASB deficiency	deficiency
GARD:0007132	myelodysplastic syndrome	MDS, unclassifiable	unclassifiable
GARD:0007132	myelodysplastic syndrome	MDS-U	u
GARD:0007139	myoclonus-dystonia syndrome	dystonia-11, myoclonic	myoclonic
GARD:0007139	myoclonus-dystonia syndrome	myoclonus-dystonia	myoclonus
GARD:0007183	sialidosis type 2	NEU 1 deficiency	deficiency
GARD:0007183	sialidosis type 2	Neu1 deficiency	deficiency
GARD:0007190	Alzheimer disease without neurofibrillary tangles	AD15	ad
GARD:0007190	Alzheimer disease without neurofibrillary tangles	Alzheimer disease-15	disease
GARD:0007193	NF2-related schwannomatosis	full NF2	full
GARD:0007226	lesch-nyhan syndrome	HPRT deficiency	deficiency
GARD:0007226	lesch-nyhan syndrome	Hprt1 deficiency	deficiency
GARD:0007239	oculodentodigital dysplasia	ODDD syndrome	syndrome
GARD:0007269	carbamoyl phosphate synthetase I deficiency disease	CPS 1 deficiency	deficiency
GARD:0007269	carbamoyl phosphate synthetase I deficiency disease	CPS1D	d
GARD:0007269	carbamoyl phosphate synthetase I deficiency disease	CPS1 deficiency	deficiency
GARD:0007296	ovarian carcinosarcoma	ovarian MMMT	ovarian
GARD:0007341	trisomy 13	D1 trisomy	d
GARD:0007341	trisomy 13	D1 trisomy	trisomy
GARD:0007383	phenylketonuria	PAH deficiency	pah
GARD:0007383	phenylketonuria	PAH deficiency	deficiency
GARD:0007387	roberts-sc phocomelia syndrome	SC phocomelia	phocomelia
GARD:0007389	glycogen storage disease due to phosphoglycerate kinase 1 deficiency	PGK deficiency	deficiency
GARD:0007389	glycogen storage disease due to phosphoglycerate kinase 1 deficiency	Pgk1 deficiency	deficiency
GARD:0007399	isolated growth hormone deficiency type ia	IGHD 1A	a
GARD:0007399	isolated growth hormone deficiency type ia	IGHD1A	a
GARD:0007399	isolated growth hormone deficiency type ia	congenital IGHD	congenital
GARD:0007411	POEMS syndrome	PEP syndrome	pep
GARD:0007411	POEMS syndrome	PEP syndrome	syndrome
GARD:0007415	cutaneous polyarteritis nodosa	cutaneous PAN	cutaneous
GARD:0007415	cutaneous polyarteritis nodosa	cutaneous PAN	pan
GARD:0007471	progressive supranuclear palsy	PSP syndrome	syndrome
GARD:0007482	butyrylcholinesterase deficiency	pseudocholinesterase E1	e
GARD:0007486	pseudohypoparathyroidism type 1a	PHP 1A	a
GARD:0007486	pseudohypoparathyroidism type 1a	PHP1A	a
GARD:0007499	autoimmune pulmonary alveolar proteinosis	autoimmune PAP	pap
GARD:0007499	autoimmune pulmonary alveolar proteinosis	idiopathic PAP	idiopathic
GARD:0007499	autoimmune pulmonary alveolar proteinosis	idiopathic PAP	pap
GARD:0007499	autoimmune pulmonary alveolar proteinosis	PAP acquired	pap
GARD:0007499	autoimmune pulmonary alveolar proteinosis	PAP acquired	acquired
GARD:0007548	familial renal glucosuria	SGLT2 deficiency	deficiency
GARD:0007563	retinoblastoma	RB - retinoblastoma	retinoblastoma
GARD:0007611	autoimmune polyendocrinopathy type 2	APS type 2	type
GARD:0007649	Simpson-Golabi-Behmel syndrome	SGB syndrome	syndrome
GARD:0007654	sjogren-larsson syndrome	FAO deficiency	deficiency
GARD:0007654	sjogren-larsson syndrome	FADH deficiency	deficiency
GARD:0007654	sjogren-larsson syndrome	FALDH deficiency	deficiency
GARD:0007695	succinic semialdehyde dehydrogenase deficiency	gamma-hydroxybutyricaciduria	gamma
GARD:0007713	Susac syndrome	RED-M	red
GARD:0007713	Susac syndrome	RED-M	m
GARD:0007713	Susac syndrome	SICRET syndrome	syndrome
GARD:0007743	toxic epidermal necrolysis	SJS-TEN	ten
GARD:0007754	tetrasomy X	48,XXXX syndrome	syndrome
GARD:0007754	tetrasomy X	48 XXXX syndrome	syndrome
GARD:0007782	torsion dystonia 7	dystonia-7, torsion	torsion
GARD:0007799	tricho-dento-osseous syndrome	TDO syndrome	syndrome
GARD:0007799	tricho-dento-osseous syndrome	TDO syndrome 1	syndrome
GARD:0007799	tricho-dento-osseous syndrome	TRICHODENTOOSSEOUS syndrome	syndrome
GARD:0007801	trichorhinophalangeal syndrome type II	deletion 8q24.1	deletion
GARD:0007801	trichorhinophalangeal syndrome type II	deletion 8q24.1	q
GARD:0007801	trichorhinophalangeal syndrome type II	monosomy 8q24.1	q
GARD:0007828	meningeal tuberculosis	TB meningitis	meningitis
GARD:0007831	Turner syndrome	XO syndrome	syndrome
GARD:0007831	Turner syndrome	45,X0 syndrome	x
GARD:0007831	Turner syndrome	45,X0 syndrome	syndrome
GARD:0007831	Turner syndrome	45X syndrome	x
GARD:0007831	Turner syndrome	45X syndrome	syndrome
GARD:0007848	variegate porphyria	PPOX deficiency	deficiency
GARD:0007855	von hippel-lindau disease	VHL syndrome	syndrome
GARD:0007860	pseudopseudohypoparathyroidism	pseudo-pseudohypoparathyroidism	pseudo
GARD:0007862	Vogt-Koyanagi-Harada disease	VKH disease	disease
GARD:0007862	Vogt-Koyanagi-Harada disease	VKH syndrome	syndrome
GARD:0007864	glycogen storage disease due to glucose-6-phosphatase deficiency type ia	GSD1A	a
GARD:0007876	autoimmune hemolytic anemia, warm type	warm AIHA	warm
GARD:0007877	gastric antral vascular ectasia	GAVE	gave
GARD:0007883	spinal muscular atrophy, type 1	SMA type 1	sma
GARD:0007883	spinal muscular atrophy, type 1	SMA type 1	type
GARD:0007883	spinal muscular atrophy, type 1	SMA1	sma
GARD:0007883	spinal muscular atrophy, type 1	SMA-I	sma
GARD:0007883	spinal muscular atrophy, type 1	SMA-I	i
GARD:0007891	Williams syndrome	deletion 7q11.23	deletion
GARD:0007891	Williams syndrome	deletion 7q11.23	q
GARD:0007891	Williams syndrome	monosomy 7q11.23	q
GARD:0007894	Winchester syndrome	NOA syndrome	noa
GARD:0007894	Winchester syndrome	NOA syndrome	syndrome
GARD:0007896	wolf-hirschhorn syndrome	4p syndrome	p
GARD:0007896	wolf-hirschhorn syndrome	4p syndrome	syndrome
GARD:0007896	wolf-hirschhorn syndrome	4p- syndrome	p
GARD:0007896	wolf-hirschhorn syndrome	4p- syndrome	syndrome
GARD:0007898	Wolfram syndrome	DIDMOAD syndrome	syndrome
GARD:0007904	recessive x-linked ichthyosis	STS deficiency	deficiency
GARD:0008178	hypotrichosis 7	LIPH hypotrichosis	hypotrichosis
GARD:0008199	childhood acute myeloid leukemia	pediatric AML	pediatric
GARD:0008199	childhood acute myeloid leukemia	childhood AML	childhood
GARD:0008208	tropical spastic paraparesis	ham/TSP	ham
GARD:0008214	Lafora disease	PME type 2	type
GARD:0008223	B-cell prolymphocytic leukemia	B-PLL	b
GARD:0008242	5-nucleotidase syndrome	5'NT syndrome	syndrome
GARD:0008250	aids dementia complex	HIV Encephalopathy	encephalopathy
GARD:0008250	aids dementia complex	Dementia, HIV	dementia
GARD:0008250	aids dementia complex	Encephalopathy, HIV	encephalopathy
GARD:0008250	aids dementia complex	HIV Dementia	dementia
GARD:0008250	aids dementia complex	Encephalopathy, AIDS	encephalopathy
GARD:0008250	aids dementia complex	AIDS Encephalopathy	encephalopathy
GARD:0008250	aids dementia complex	HIV encephalitis	encephalitis
GARD:0008257	Kyasanur forest disease	KFD virus	virus
GARD:0008282	familial visceral amyloidosis	amyloidosis VIII	amyloidosis
GARD:0008331	deafness dystonia syndrome	DDON syndrome	syndrome
GARD:0008338	PHACE syndrome	P-CIIS	p
GARD:0008338	PHACE syndrome	PHACE association	association
GARD:0008378	autosomal recessive polycystic kidney disease	AR-PKD	ar
GARD:0008387	3-hydroxy-3-methylglutaric aciduria	HL deficiency	deficiency
GARD:0008391	ornithine carbamoyltransferase deficiency	OCT deficiency	deficiency
GARD:0008391	ornithine carbamoyltransferase deficiency	OTC deficiency	deficiency
GARD:0008397	methionine adenosyltransferase deficiency	MAT deficiency	mat
GARD:0008397	methionine adenosyltransferase deficiency	MAT deficiency	deficiency
GARD:0008400	galactorrhoea-hyperprolactinaemia	galactorrhea-hyperprolactinemia	galactorrhea
GARD:0008407	Feingold syndrome	MODED syndrome	syndrome
GARD:0008407	Feingold syndrome	ODED syndrome	syndrome
GARD:0008410	postaxial acrofacial dysostosis	POADS syndrome	syndrome
GARD:0008432	Bailey-Bloch congenital myopathy	STAC3 disorder	disorder
GARD:0008457	autosomal dominant familial periodic fever	TRAPS syndrome	traps
GARD:0008457	autosomal dominant familial periodic fever	TRAPS syndrome	syndrome
GARD:0008457	autosomal dominant familial periodic fever	TRAPS	traps
GARD:0008466	autoimmune polyendocrine syndrome type 1	APECED syndrome	syndrome
GARD:0008466	autoimmune polyendocrine syndrome type 1	APS type 1	type
GARD:0008466	autoimmune polyendocrine syndrome type 1	MEDAC syndrome	syndrome
GARD:0008485	acropectoral syndrome	ACRP syndrome	syndrome
GARD:0008489	mass syndrome	MASS phenotype	mass
GARD:0008489	mass syndrome	MASS phenotype	phenotype
GARD:0008497	Usher syndrome type 2C	USH2C	ush
GARD:0008497	Usher syndrome type 2C	USH2C	c
GARD:0008505	X-linked Ehlers-Danlos syndrome	EDS V	v
GARD:0008508	Ehlers-Danlos syndrome, fibronectinemic type	FN Abnormality	abnormality
GARD:0008508	Ehlers-Danlos syndrome, fibronectinemic type	EDS X	x
GARD:0008508	Ehlers-Danlos syndrome, fibronectinemic type	EDS10 (formerly)	formerly
GARD:0008528	HELLP syndrome	PREECLAMPSIA/eclampsia 1	eclampsia
GARD:0008528	HELLP syndrome	PEE1	pee
GARD:0008538	46,XY disorder of sex development	XY female	female
GARD:0008538	46,XY disorder of sex development	46, XY female	female
GARD:0008548	Charcot-Marie-Tooth disease type 2B1	CMT 2B1	b
GARD:0008548	Charcot-Marie-Tooth disease type 2B1	CMT2B1	b
GARD:0008573	autosomal recessive limb-girdle muscular dystrophy type 2f	delta-sarcoglycanopathy	delta
GARD:0008573	autosomal recessive limb-girdle muscular dystrophy type 2f	LGMD2F	f
GARD:0008574	autosomal recessive limb-girdle muscular dystrophy type 2b	LGMD2B	b
GARD:0008578	parkinson disease 3, autosomal dominant	PARK3	park
GARD:0008583	isolated hereditary congenital facial paralysis	MBS2 (formerly)	formerly
GARD:0008593	morgagni-stewart-morel syndrome	MSM syndrome	syndrome
GARD:0008596	maple syrup urine disease type 2	MSUD type 2	type
GARD:0008622	Good syndrome	thymoma-immunodeficiency	thymoma
GARD:0008625	reticular dysgenesis	AK2 deficiency	ak
GARD:0008625	reticular dysgenesis	AK2 deficiency	deficiency
GARD:0008669	chromosome 1q deletion	1q monosomy	q
GARD:0008669	chromosome 1q deletion	deletion 1q	deletion
GARD:0008669	chromosome 1q deletion	deletion 1q	q
GARD:0008669	chromosome 1q deletion	1q deletion	q
GARD:0008669	chromosome 1q deletion	1q deletion	deletion
GARD:0008669	chromosome 1q deletion	monosomy 1q	q
GARD:0008672	Kleefstra syndrome	9q-syndrome	q
GARD:0008672	Kleefstra syndrome	9q-syndrome	syndrome
GARD:0008672	Kleefstra syndrome	9Q- syndrome	q
GARD:0008672	Kleefstra syndrome	9Q- syndrome	syndrome
GARD:0008686	autoimmune lymphoproliferative syndrome	FAS deficiency	deficiency
GARD:0008694	osteogenesis imperfecta type 1	OI, type 1	type
GARD:0008694	osteogenesis imperfecta type 1	OI type 1	type
GARD:0008695	osteogenesis imperfecta type 3	OI type 3	type
GARD:0008695	osteogenesis imperfecta type 3	OI, type 3	type
GARD:0008696	osteogenesis imperfecta type 4	OI, type 4	type
GARD:0008696	osteogenesis imperfecta type 4	OI type 4	type
GARD:0008699	osteogenesis imperfecta type 5	OI type 5	type
GARD:0008699	osteogenesis imperfecta type 5	OI, type 5	type
GARD:0008700	osteogenesis imperfecta type 6	OI type 6	type
GARD:0008701	osteogenesis imperfecta type 7	OI, type 7	type
GARD:0008701	osteogenesis imperfecta type 7	OI type 7	type
GARD:0008702	atypical hemolytic-uremic syndrome	HUS, atypical	atypical
GARD:0008702	atypical hemolytic-uremic syndrome	atypical HUS	atypical
GARD:0008702	atypical hemolytic-uremic syndrome	D-HUS	d
GARD:0008721	episodic kinesigenic dyskinesia	familial PKD	familial
GARD:0008722	paroxysmal nonkinesigenic dyskinesia	DYT-MR-1	mr
GARD:0008723	myelodysplastic syndrome associated with isolated del(5q)	5q- syndrome	q
GARD:0008723	myelodysplastic syndrome associated with isolated del(5q)	5q- syndrome	syndrome
GARD:0008723	myelodysplastic syndrome associated with isolated del(5q)	5q syndrome	q
GARD:0008723	myelodysplastic syndrome associated with isolated del(5q)	5q syndrome	syndrome
GARD:0008732	hemophilia b	F9 deficiency	f
GARD:0008732	hemophilia b	F9 deficiency	deficiency
GARD:0009126	agnathia-otocephaly complex	holoprosencephaly-agnathia	agnathia
GARD:0009126	agnathia-otocephaly complex	agnathia-holoprosencephaly	agnathia
GARD:0009138	congenital muscular dystrophy	congenital MD	congenital
GARD:0009145	autosomal dominant pseudohypoaldosteronism type 1	PHA1A	a
GARD:0009145	autosomal dominant pseudohypoaldosteronism type 1	renal PHA1	renal
GARD:0009146	cardiofaciocutaneous syndrome	CFC syndrome	syndrome
GARD:0009151	3-methylcrotonyl-coa carboxylase 2 deficiency	MCC2 deficiency	deficiency
GARD:0009151	3-methylcrotonyl-coa carboxylase 2 deficiency	MCC2D	d
GARD:0009151	3-methylcrotonyl-coa carboxylase 2 deficiency	MCC 2 deficiency	deficiency
GARD:0009174	kufor-rakeb syndrome	PARK9	park
GARD:0009175	parkinsonian-pyramidal syndrome	PARK15	park
GARD:0009179	north carolina macular dystrophy	CAPE dystrophy	cape
GARD:0009179	north carolina macular dystrophy	CAPE dystrophy	dystrophy
GARD:0009180	idiopathic membranous glomerulonephritis	membranous GN	membranous
GARD:0009182	Duane-radial ray syndrome	DR syndrome	syndrome
GARD:0009184	progressive pseudorheumatoid arthropathy of childhood	SEDT-PA	pa
GARD:0009189	Charcot-Marie-Tooth disease type 1D	HMSN 1D	d
GARD:0009189	Charcot-Marie-Tooth disease type 1D	CMT 1D	d
GARD:0009189	Charcot-Marie-Tooth disease type 1D	CMT1D	d
GARD:0009189	Charcot-Marie-Tooth disease type 1D	HMSN ID	id
GARD:0009189	Charcot-Marie-Tooth disease type 1D	HMSN1D	d
GARD:0009190	Charcot-Marie-Tooth disease type 1E	CMT1E	e
GARD:0009190	Charcot-Marie-Tooth disease type 1E	CMT 1E	e
GARD:0009191	Charcot-Marie-Tooth disease type 1F	CMT 1F	f
GARD:0009191	Charcot-Marie-Tooth disease type 1F	CMT1F	f
GARD:0009192	Charcot-Marie-Tooth disease type 2B	CMT2B	b
GARD:0009192	Charcot-Marie-Tooth disease type 2B	HMSN2B	b
GARD:0009192	Charcot-Marie-Tooth disease type 2B	CMT 2B	b
GARD:0009193	Charcot-Marie-Tooth disease type 2E	CMT2E	e
GARD:0009193	Charcot-Marie-Tooth disease type 2E	CMT 2E	e
GARD:0009194	Charcot-Marie-Tooth disease axonal type 2F	CMT 2F	f
GARD:0009194	Charcot-Marie-Tooth disease axonal type 2F	CMT2F	f
GARD:0009196	Charcot-Marie-Tooth disease axonal type 2H	CMT 2H	h
GARD:0009196	Charcot-Marie-Tooth disease axonal type 2H	CMT2H	h
GARD:0009197	Charcot-Marie-Tooth disease type 2I	CMT 2I	i
GARD:0009197	Charcot-Marie-Tooth disease type 2I	CMT2I	i
GARD:0009198	Charcot-Marie-Tooth disease type 2J	CMT2J	j
GARD:0009198	Charcot-Marie-Tooth disease type 2J	CMT 2J	j
GARD:0009199	autosomal dominant charcot-marie-tooth disease type 2k	CMT2K	k
GARD:0009200	Charcot-Marie-Tooth disease type 4B2	CMT4B2	b
GARD:0009200	Charcot-Marie-Tooth disease type 4B2	CMT 4B2	b
GARD:0009201	Charcot-Marie-Tooth disease type 4C	CMT4C	c
GARD:0009201	Charcot-Marie-Tooth disease type 4C	CMT 4C	c
GARD:0009203	Charcot-Marie-Tooth disease type 4E	CMT4E	e
GARD:0009203	Charcot-Marie-Tooth disease type 4E	CMT 4E	e
GARD:0009206	Charcot-Marie-Tooth disease dominant intermediate F	DI-CMTF	di
GARD:0009207	Charcot-Marie-Tooth disease dominant intermediate D	di-cmtd	di
GARD:0009240	childhood acute lymphoblastic leukemia	childhood ALL	childhood
GARD:0009240	childhood acute lymphoblastic leukemia	childhood ALL	all
GARD:0009240	childhood acute lymphoblastic leukemia	pediatric ALL	pediatric
GARD:0009240	childhood acute lymphoblastic leukemia	pediatric ALL	all
GARD:0009240	childhood acute lymphoblastic leukemia	paediatric ALL	all
GARD:0009252	tubulointerstitial nephritis and uveitis syndrome	TINU syndrome	syndrome
GARD:0009257	SUNCT syndrome	SUNCT headache	headache
GARD:0009265	encephalopathy due to glut1 deficiency	GLUT1 DS	glut
GARD:0009265	encephalopathy due to glut1 deficiency	GLUT1DS1	glut
GARD:0009265	encephalopathy due to glut1 deficiency	GLUT1-DS	glut
GARD:0009279	formiminoglutamic aciduria	Figlu-Uria	uria
GARD:0009279	formiminoglutamic aciduria	FTCD deficiency	deficiency
GARD:0009281	familial atypical multiple mole melanoma syndrome	FAMM syndrome	syndrome
GARD:0009281	familial atypical multiple mole melanoma syndrome	FAMMM syndrome	syndrome
GARD:0009283	ataxia, early-onset, with oculomotor apraxia and hypoalbuminemia	EOCA-HA	ha
GARD:0009292	microphthalmia-brain atrophy syndrome	MOBA syndrome	syndrome
GARD:0009318	primary central nervous system lymphoma	CNS lymphoma	lymphoma
GARD:0009319	myeloproliferative neoplasm	CMPD, U	u
GARD:0009331	pediatric hepatocellular carcinoma	pediatric HCC	pediatric
GARD:0009369	pineoblastoma	pineal PNET	pineal
GARD:0009430	congenital thrombotic thrombocytopenic purpura	familial TTP	familial
GARD:0009430	congenital thrombotic thrombocytopenic purpura	TTP, congenital	congenital
GARD:0009430	congenital thrombotic thrombocytopenic purpura	congenital TTP	congenital
GARD:0009442	glycogen storage disease iii	GSD type 3	type
GARD:0009443	severe achondroplasia-developmental delay-acanthosis nigricans syndrome	SADDAN dysplasia	dysplasia
GARD:0009447	infantile neuronal ceroid lipofuscinosis	infantile NCL	infantile
GARD:0009455	Joubert syndrome with oculorenal defect	JS-OR	or
GARD:0009485	glaucoma 1, open angle, a	GLC1A	a
GARD:0009485	glaucoma 1, open angle, a	JOAG1A	a
GARD:0009495	amelogenesis imperfecta type 2A1	AI2A1	ai
GARD:0009495	amelogenesis imperfecta type 2A1	AI2A1	a
GARD:0009506	craniosynostosis-anal anomalies-porokeratosis syndrome	CDAGS syndrome	syndrome
GARD:0009506	craniosynostosis-anal anomalies-porokeratosis syndrome	CAP syndrome	cap
GARD:0009506	craniosynostosis-anal anomalies-porokeratosis syndrome	CAP syndrome	syndrome
GARD:0009517	bilateral multicystic dysplastic kidney	bilateral MCDK	bilateral
GARD:0009523	immunodeficiency 79	CD4 Deficiency	deficiency
GARD:0009531	cytomegalovirus retinitis	CMV retinitis	retinitis
GARD:0009534	immunodeficiency 32b	IMD32B	b
GARD:0009534	immunodeficiency 32b	CAEBV syndrome	syndrome
GARD:0009534	immunodeficiency 32b	CAEBV infection	infection
GARD:0009548	MHC class I deficiency	BLS type 1	type
GARD:0009560	toxic shock syndrome	bacterial TSS	bacterial
GARD:0009583	hereditary spastic paraplegia 9A	SPG9A	a
GARD:0009620	acute erythroid leukemia	FAB M6	m
GARD:0009620	acute erythroid leukemia	AML M6	m
GARD:0009620	acute erythroid leukemia	AML-M6	m
GARD:0009629	myoclonic dystonia 15	dystonia-15, myoclonic	myoclonic
GARD:0009642	autosomal recessive juvenile Parkinson disease 2	PARK2	park
GARD:0009649	achromatopsia 2	CNGA3 achromatopsia	achromatopsia
GARD:0009650	achromatopsia 3	RMCH1 (formerly)	formerly
GARD:0009650	achromatopsia 3	ACHM1 (formerly)	formerly
GARD:0009650	achromatopsia 3	CNGB3 achromatopsia	achromatopsia
GARD:0009650	achromatopsia 3	ACHM1, formerly	formerly
GARD:0009670	congenital factor xi deficiency	PTA deficiency	deficiency
GARD:0009670	congenital factor xi deficiency	F11 deficiency	f
GARD:0009670	congenital factor xi deficiency	F11 deficiency	deficiency
GARD:0009677	granular corneal dystrophy type i	classic GCD	classic
GARD:0009682	rhizomelic chondrodysplasia punctata type 3	AGPS deficiency	deficiency
GARD:0009689	congenital myasthenic syndrome 6	CMS1A2	a
GARD:0009689	congenital myasthenic syndrome 6	FIMG2 (formerly)	formerly
GARD:0009689	congenital myasthenic syndrome 6	CMS-ea	ea
GARD:0009689	congenital myasthenic syndrome 6	CMS1A	a
GARD:0009689	congenital myasthenic syndrome 6	FIM, formerly	formerly
GARD:0009689	congenital myasthenic syndrome 6	FIMG2, formerly	formerly
GARD:0009694	junctional epidermolysis bullosa with pyloric atresia	jeb-pa	pa
GARD:0009698	recombinant 8 syndrome	Rec8 syndrome	syndrome
GARD:0009700	long chain acyl-CoA dehydrogenase deficiency	LCAD deficiency	deficiency
GARD:0009700	long chain acyl-CoA dehydrogenase deficiency	ACADL deficiency	deficiency
GARD:0009733	autosomal recessive congenital ichthyosis 4A	ARCI4A	a
GARD:0009733	autosomal recessive congenital ichthyosis 4A	ICR2B	b
GARD:0009734	autosomal recessive congenital ichthyosis 5	LI3, formerly	li
GARD:0009734	autosomal recessive congenital ichthyosis 5	LI3, formerly	formerly
GARD:0009741	aminoacylase 1 deficiency	ACY1D	d
GARD:0009741	aminoacylase 1 deficiency	ACY1 deficiency	deficiency
GARD:0009758	familial hypocalciuric hypercalcemia 2	FHH type 2	type
GARD:0009761	nonsyndromic congenital nail disorder 7	COIF	coif
GARD:0009761	nonsyndromic congenital nail disorder 7	COIF syndrome	coif
GARD:0009761	nonsyndromic congenital nail disorder 7	COIF syndrome	syndrome
GARD:0009762	potocki-shaffer syndrome	Defect11 syndrome	defect
GARD:0009762	potocki-shaffer syndrome	Defect11 syndrome	syndrome
GARD:0009762	potocki-shaffer syndrome	11p11.2 deletion	p
GARD:0009762	potocki-shaffer syndrome	11p11.2 deletion	deletion
GARD:0009781	syndromic X-linked intellectual disability Lubs type	trisomy Xq28	trisomy
GARD:0009796	autoimmune lymphoproliferative syndrome type 2B	caspase-8 deficiency	deficiency
GARD:0009796	autoimmune lymphoproliferative syndrome type 2B	ALPS2B	b
GARD:0009802	progressive familial intrahepatic cholestasis type 1	FIC1 deficiency	deficiency
GARD:0009803	cholestasis, progressive familial intrahepatic, 4	TJP2 deficit	deficit
GARD:0009812	T-cell large granular lymphocyte leukemia	LGL leukemia	leukemia
GARD:0009812	T-cell large granular lymphocyte leukemia	T-LGL	t
GARD:0009814	Tukel syndrome	Cfeom-U	u
GARD:0009820	catastrophic antiphospholipid syndrome	catastrophic APS	catastrophic
GARD:0009826	PMM2-congenital disorder of glycosylation	CDG 1A	a
GARD:0009826	PMM2-congenital disorder of glycosylation	CDG1A	a
GARD:0009827	ALG3-congenital disorder of glycosylation	CDG 1D	d
GARD:0009827	ALG3-congenital disorder of glycosylation	CDG Id	id
GARD:0009827	ALG3-congenital disorder of glycosylation	CDG-Id	id
GARD:0009827	ALG3-congenital disorder of glycosylation	CDG1D	d
GARD:0009827	ALG3-congenital disorder of glycosylation	CDGS4 (formerly)	formerly
GARD:0009828	MGAT2-congenital disorder of glycosylation	CDG2A	a
GARD:0009828	MGAT2-congenital disorder of glycosylation	CDG 2A	a
GARD:0009829	ALG6-congenital disorder of glycosylation 1C	CDG 1C	c
GARD:0009829	ALG6-congenital disorder of glycosylation 1C	CDG1C	c
GARD:0009829	ALG6-congenital disorder of glycosylation 1C	CDGS5 (formerly)	formerly
GARD:0009830	MPI-congenital disorder of glycosylation	CDG 1B	b
GARD:0009830	MPI-congenital disorder of glycosylation	CDG1B	b
GARD:0009831	congenital disorder of glycosylation type 1e	CDG Ie	ie
GARD:0009831	congenital disorder of glycosylation type 1e	CDG-Ie	ie
GARD:0009831	congenital disorder of glycosylation type 1e	CDG1E	e
GARD:0009831	congenital disorder of glycosylation type 1e	CDG 1E	e
GARD:0009832	MPDU1-congenital disorder of glycosylation	CDG 1F	f
GARD:0009832	MPDU1-congenital disorder of glycosylation	CDG-If	if
GARD:0009832	MPDU1-congenital disorder of glycosylation	CDG1F	f
GARD:0009832	MPDU1-congenital disorder of glycosylation	CDG If	if
GARD:0009833	ALG12-congenital disorder of glycosylation	CDG 1G	g
GARD:0009833	ALG12-congenital disorder of glycosylation	CDG1G	g
GARD:0009834	ALG8-congenital disorder of glycosylation	CDG 1H	h
GARD:0009834	ALG8-congenital disorder of glycosylation	CDG1H	h
GARD:0009836	ALG2-congenital disorder of glycosylation	CDG 1I	i
GARD:0009836	ALG2-congenital disorder of glycosylation	CDG1I	i
GARD:0009837	DPAGT1-congenital disorder of glycosylation	CDG 1J	j
GARD:0009837	DPAGT1-congenital disorder of glycosylation	CDG1J	j
GARD:0009838	ALG1-congenital disorder of glycosylation	CDG 1K	k
GARD:0009838	ALG1-congenital disorder of glycosylation	CDG1K	k
GARD:0009839	ALG9-congenital disorder of glycosylation	CDG1L	l
GARD:0009839	ALG9-congenital disorder of glycosylation	mannosyltransferase 7-9 deficiency	deficiency
GARD:0009839	ALG9-congenital disorder of glycosylation	CDG 1L	l
GARD:0009841	B4GALT1-congenital disorder of glycosylation	CDG2D	d
GARD:0009841	B4GALT1-congenital disorder of glycosylation	CDG 2D	d
GARD:0009842	COG7-congenital disorder of glycosylation	CDG2E	e
GARD:0009842	COG7-congenital disorder of glycosylation	COG7-CDG	cog
GARD:0009842	COG7-congenital disorder of glycosylation	CDG 2E	e
GARD:0009870	hyperinsulinemic hypoglycemia, familial, 4	SCHAD deficiency	deficiency
GARD:0009870	hyperinsulinemic hypoglycemia, familial, 4	HADH deficiency	deficiency
GARD:0009870	hyperinsulinemic hypoglycemia, familial, 4	HADHSC deficiency	deficiency
GARD:0009870	hyperinsulinemic hypoglycemia, familial, 4	M/SCHAD	m
GARD:0009895	congenital myasthenic syndrome 2A	CMS2A	a
GARD:0009909	distal arthrogryposis type 2B1	DA2B1	da
GARD:0009909	distal arthrogryposis type 2B1	DA2B1	b
GARD:0009920	mitochondrial neurogastrointestinal encephalomyopathy	MNGIE syndrome	syndrome
GARD:0009933	autosomal dominant nonsyndromic hearing loss 3A	DFNA3A	a
GARD:0009936	ectodermal dysplasia and immune deficiency	EDA-ID	id
GARD:0009936	ectodermal dysplasia and immune deficiency	HED-ID	id
GARD:0009936	ectodermal dysplasia and immune deficiency	Xhm-Ed	ed
GARD:0009941	facioscapulohumeral muscular dystrophy	FSH dystrophy	dystrophy
GARD:0009943	amelogenesis imperfecta type 1E	AI1E	ai
GARD:0009943	amelogenesis imperfecta type 1E	AI1E	e
GARD:0009944	X-linked amelogenesis imperfecta hypoplastic/hypomaturation 2	AIH3 (formerly)	formerly
GARD:0009947	X-linked intellectual disability-cerebellar hypoplasia syndrome	OPHN1 deficiency	deficiency
GARD:0009947	X-linked intellectual disability-cerebellar hypoplasia syndrome	MRX60 (formerly)	formerly
GARD:0009947	X-linked intellectual disability-cerebellar hypoplasia syndrome	Oligophrenin-1 syndrome	syndrome
GARD:0009947	X-linked intellectual disability-cerebellar hypoplasia syndrome	OPHN1 syndrome	syndrome
GARD:0009964	glycogen storage disease due to phosphoglycerate mutase deficiency	GSD type 10	type
GARD:0009964	glycogen storage disease due to phosphoglycerate mutase deficiency	PGAM deficiency	deficiency
GARD:0009964	glycogen storage disease due to phosphoglycerate mutase deficiency	PGAMM deficiency	deficiency
GARD:0009965	hypercoagulability syndrome due to glycosylphosphatidylinositol deficiency	GPI deficiency	deficiency
GARD:0009971	autosomal recessive cerebellar ataxia-blindness-deafness syndrome	SCAR3	scar
GARD:0009977	CAMOS syndrome	SCAR5	scar
GARD:0009991	Ehlers-Danlos syndrome, spondylodysplastic type	XGPT deficiency	deficiency
GARD:0009998	sensory ataxic neuropathy, dysarthria, and ophthalmoparesis	PME type 5	type
GARD:0010000	spinocerebellar ataxia, autosomal recessive, with axonal neuropathy 1	SCAN1	scan
GARD:0010005	progressive familial heart block	familial PCCD	familial
GARD:0010009	opsoclonus-myoclonus syndrome	POMA syndrome	syndrome
GARD:0010010	transient bullous dermolysis of the newborn	DEB-BDN	deb
GARD:0010012	camptodactyly-tall stature-scoliosis-hearing loss syndrome	CATSHL syndrome	syndrome
GARD:0010043	Usher syndrome type 1F	USH1F	ush
GARD:0010043	Usher syndrome type 1F	USH1F	f
GARD:0010046	congenital bile acid synthesis defect 4	AMACR deficiency	deficiency
GARD:0010056	mandibulofacial dysostosis-microcephaly syndrome	MFDM syndrome	syndrome
GARD:0010070	subependymoma	SUBEPENDYMOMA, benign	benign
GARD:0010083	hepatic veno-occlusive disease-immunodeficiency syndrome	VODI syndrome	syndrome
GARD:0010099	gamma-glutamyl transpeptidase deficiency	GGT1 deficiency	deficiency
GARD:0010099	gamma-glutamyl transpeptidase deficiency	GGT deficiency	deficiency
GARD:0010099	gamma-glutamyl transpeptidase deficiency	GTG deficiency	deficiency
GARD:0010108	congenital myasthenic syndrome 4C	CMS4C	c
GARD:0010108	congenital myasthenic syndrome 4C	CMS1D	d
GARD:0010116	autosomal recessive congenital ichthyosis 11	IFAH syndrome	syndrome
GARD:0010129	isolated thyroid-stimulating hormone deficiency	TSH deficiency	deficiency
GARD:0010130	phelan-mcdermid syndrome	monosomy 22q13	q
GARD:0010130	phelan-mcdermid syndrome	22q13 deletion	q
GARD:0010130	phelan-mcdermid syndrome	22q13 deletion	deletion
GARD:0010132	Charcot-Marie-Tooth disease type 4G	CMT4G	g
GARD:0010142	osteogenesis imperfecta type 2	OI type 2	type
GARD:0010142	osteogenesis imperfecta type 2	OI, type 2	type
GARD:0010145	potocki-lupski syndrome	trisomy 17p11.2	trisomy
GARD:0010145	potocki-lupski syndrome	trisomy 17p11.2	p
GARD:0010152	osteogenesis imperfecta type 8	OI, type 8	type
GARD:0010168	Joubert syndrome with ocular defect	JS-O	o
GARD:0010169	Joubert syndrome with renal defect	JS-R	r
GARD:0010190	isolated focal cortical dysplasia type ii	FCD 2A	a
GARD:0010190	isolated focal cortical dysplasia type ii	FCD 2B	b
GARD:0010202	2q37 microdeletion syndrome	2q37 monosomy	q
GARD:0010202	2q37 microdeletion syndrome	Del(2)(q37)	del
GARD:0010202	2q37 microdeletion syndrome	Del(2)(q37)	q
GARD:0010202	2q37 microdeletion syndrome	deletion 2q37	deletion
GARD:0010202	2q37 microdeletion syndrome	deletion 2q37	q
GARD:0010213	blepharophimosis-ptosis-epicanthus inversus syndrome type 2	BPES type 2	type
GARD:0010221	renal cysts and diabetes syndrome	FJHN atypical	atypical
GARD:0010221	renal cysts and diabetes syndrome	MODY type 5	type
GARD:0010221	renal cysts and diabetes syndrome	FJHN, atypical	atypical
GARD:0010221	renal cysts and diabetes syndrome	RCAD syndrome	syndrome
GARD:0010221	renal cysts and diabetes syndrome	atypical FJHN	atypical
GARD:0010223	isobutyryl-coa dehydrogenase deficiency	IBD deficiency	deficiency
GARD:0010223	isobutyryl-coa dehydrogenase deficiency	Acad8 deficiency	deficiency
GARD:0010225	multiple endocrine neoplasia type 2b	men 2B	men
GARD:0010225	multiple endocrine neoplasia type 2b	men 2B	b
GARD:0010225	multiple endocrine neoplasia type 2b	men IIB	men
GARD:0010225	multiple endocrine neoplasia type 2b	MEN2B	men
GARD:0010225	multiple endocrine neoplasia type 2b	MEN2B	b
GARD:0010226	COG1-congenital disorder of glycosylation	CDG 2G	g
GARD:0010226	COG1-congenital disorder of glycosylation	CDG2G	g
GARD:0010226	COG1-congenital disorder of glycosylation	COG1-CDG	cog
GARD:0010230	emery-dreifuss muscular dystrophy 2, autosomal dominant	LGMD1B	b
GARD:0010266	cerebral amyloid angiopathy	CAA, familial	familial
GARD:0010294	autosomal recessive ataxia due to ubiquinone deficiency	ARCA2	arca
GARD:0010294	autosomal recessive ataxia due to ubiquinone deficiency	SCAR9	scar
GARD:0010294	autosomal recessive ataxia due to ubiquinone deficiency	COQ10D4	d
GARD:0010295	syndactyly-telecanthus-anogenital and renal malformations syndrome	STAR	star
GARD:0010296	chromosome 15q13.3 microdeletion syndrome	Del(15)(q13.3)	del
GARD:0010296	chromosome 15q13.3 microdeletion syndrome	Del(15)(q13.3)	q
GARD:0010296	chromosome 15q13.3 microdeletion syndrome	15q13.3 microdeletion	q
GARD:0010296	chromosome 15q13.3 microdeletion syndrome	monosomy 15q13.3	q
GARD:0010299	22q11.2 deletion syndrome	microdeletion 22q11.2	q
GARD:0010299	22q11.2 deletion syndrome	22q11DS	q
GARD:0010299	22q11.2 deletion syndrome	monosomy 22q11	q
GARD:0010304	8p23.1 duplication syndrome	trisomy 8p23.1	trisomy
GARD:0010304	8p23.1 duplication syndrome	trisomy 8p23.1	p
GARD:0010311	immunodeficiency 67	IRAK4D	d
GARD:0010311	immunodeficiency 67	IRAK4 deficiency	deficiency
GARD:0010311	immunodeficiency 67	IRAK-4 deficiency	deficiency
GARD:0010320	corneal dystrophy, lattice type 3A	CDL3A	a
GARD:0010322	2-methylbutyryl-coa dehydrogenase deficiency	SBCAD deficiency	deficiency
GARD:0010323	agat deficiency	GATM deficiency	deficiency
GARD:0010324	mild phenylketonuria	mild PKU	mild
GARD:0010324	mild phenylketonuria	variant PKU	variant
GARD:0010335	mucopolysaccharidosis type 1	IDUA deficiency	deficiency
GARD:0010335	mucopolysaccharidosis type 1	MPS I	i
GARD:0010341	megalencephaly-polymicrogyria-postaxial polydactyly-hydrocephalus syndrome	MPPH syndrome	syndrome
GARD:0010346	gamma-heavy chain disease	gamma-HCD	gamma
GARD:0010360	chromosome 3q29 microduplication syndrome	3q29 microduplication	q
GARD:0010360	chromosome 3q29 microduplication syndrome	trisomy 3q29	trisomy
GARD:0010360	chromosome 3q29 microduplication syndrome	trisomy 3q29	q
GARD:0010365	dopa-responsive dystonia due to sepiapterin reductase deficiency	SPR deficiency	deficiency
GARD:0010376	retinitis pigmentosa 12	retinitis pigmentosa-12	retinitis
GARD:0010407	rapid-onset childhood obesity-hypothalamic dysfunction-hypoventilation-autonomic dysregulation syndrome	ROHHAD syndrome	syndrome
GARD:0010423	coenzyme q10 deficiency	CoQ10 deficiency	deficiency
GARD:0010427	X-linked hypohidrotic ectodermal dysplasia	CST syndrome	syndrome
GARD:0010443	pediatric multiple sclerosis	MS pediatric	pediatric
GARD:0010443	pediatric multiple sclerosis	pediatric MS	pediatric
GARD:0010467	multifocal lymphangioendotheliomatosis-thrombocytopenia syndrome	DKFZp434L132	l
GARD:0010469	spinocerebellar ataxia type 17	OPCA V	v
GARD:0010471	autosomal recessive limb-girdle muscular dystrophy type 2g	LGMD2G	g
GARD:0010472	L-2-hydroxyglutaric aciduria	L2HGA	l
GARD:0010472	L-2-hydroxyglutaric aciduria	L-2-HGA	l
GARD:0010477	spinocerebellar ataxia type 15/16	SCA16 (formerly)	formerly
GARD:0010477	spinocerebellar ataxia type 15/16	SCAR16	scar
GARD:0010518	orofaciodigital syndrome iii	OFD syndrome 3	syndrome
GARD:0010520	orofaciodigital syndrome ix	OFD syndrome 9	syndrome
GARD:0010523	combined immunodeficiency due to stim1 deficiency	STIM1 deficiency	stim
GARD:0010523	combined immunodeficiency due to stim1 deficiency	STIM1 deficiency	deficiency
GARD:0010525	chromosome 15q11.2 deletion syndrome	15q11.2 microdeletion	q
GARD:0010525	chromosome 15q11.2 deletion syndrome	monosomy 15q11.2	q
GARD:0010525	chromosome 15q11.2 deletion syndrome	Del(15)(q11.2)	del
GARD:0010525	chromosome 15q11.2 deletion syndrome	Del(15)(q11.2)	q
GARD:0010541	childhood onset GLUT1 deficiency syndrome 2	GLUT1DS2	glut
GARD:0010557	chromosome 22q11.2 microduplication syndrome	22q11.2 duplication	q
GARD:0010557	chromosome 22q11.2 microduplication syndrome	22q11.2 duplication	duplication
GARD:0010557	chromosome 22q11.2 microduplication syndrome	trisomy 22q11.2	trisomy
GARD:0010557	chromosome 22q11.2 microduplication syndrome	trisomy 22q11.2	q
GARD:0010557	chromosome 22q11.2 microduplication syndrome	duplication 22q11.2	duplication
GARD:0010557	chromosome 22q11.2 microduplication syndrome	duplication 22q11.2	q
GARD:0010557	chromosome 22q11.2 microduplication syndrome	dup(22)(q11)	dup
GARD:0010557	chromosome 22q11.2 microduplication syndrome	dup(22)(q11)	q
GARD:0010560	AA amyloidosis	amyloidosis AA	amyloidosis
GARD:0010560	AA amyloidosis	amyloidosis AA	aa
GARD:0010575	platelet-type bleeding disorder 12	PGHS1 deficiency	deficiency
GARD:0010579	hyper-igm syndrome type 3	CD40 deficiency	deficiency
GARD:0010591	chromosome 1q21.1 duplication syndrome	trisomy 1q21.1	trisomy
GARD:0010591	chromosome 1q21.1 duplication syndrome	trisomy 1q21.1	q
GARD:0010591	chromosome 1q21.1 duplication syndrome	dup(1)(q21.1)	dup
GARD:0010591	chromosome 1q21.1 duplication syndrome	dup(1)(q21.1)	q
GARD:0010592	chromosome 19q13.11 deletion syndrome	monosomy 19q13.11	q
GARD:0010592	chromosome 19q13.11 deletion syndrome	Del(19)(q13.11)	del
GARD:0010592	chromosome 19q13.11 deletion syndrome	Del(19)(q13.11)	q
GARD:0010609	growth delay due to insulin-like growth factor i resistance	IGF-1 resistance	resistance
GARD:0010616	spondyloepimetaphyseal dysplasia-short limb-abnormal calcification syndrome	SMED type 2	type
GARD:0010618	spondyloepimetaphyseal dysplasia, missouri type	SEMD type 2	type
GARD:0010619	osteogenesis imperfecta type 9	OI, type 9	type
GARD:0010625	type II complement component 8 deficiency	C8D2	c
GARD:0010625	type II complement component 8 deficiency	C8D2	d
GARD:0010626	type I complement component 8 deficiency	C8D1	c
GARD:0010626	type I complement component 8 deficiency	C8D1	d
GARD:0010626	type I complement component 8 deficiency	C81 deficiency	c
GARD:0010626	type I complement component 8 deficiency	C81 deficiency	deficiency
GARD:0010627	growth delay due to insulin-like growth factor type 1 deficiency	IGF-1 deficiency	deficiency
GARD:0010627	growth delay due to insulin-like growth factor type 1 deficiency	IGF1 deficiency	deficiency
GARD:0010645	Dent disease type 2	DENT disease 2	dent
GARD:0010645	Dent disease type 2	DENT disease 2	disease
GARD:0010648	retinal cone dystrophy 3a	RCD3A	a
GARD:0010649	cone dystrophy with supernormal rod response	RCD3B	b
GARD:0010651	cone-rod dystrophy 1	CORD1	cord
GARD:0010652	X-linked cone-rod dystrophy 1	COD1	cod
GARD:0010653	cone-rod dystrophy 3	CORD3	cord
GARD:0010655	cone-rod dystrophy 5	CORD5	cord
GARD:0010656	cone-rod dystrophy 6	CORD6	cord
GARD:0010657	maturity-onset diabetes of the young type 2	MODY type 2	type
GARD:0010657	maturity-onset diabetes of the young type 2	MODY, type 2	type
GARD:0010658	maturity-onset diabetes of the young type 3	MODY type 3	type
GARD:0010658	maturity-onset diabetes of the young type 3	MODY, type 3	type
GARD:0010659	maturity-onset diabetes of the young type 4	MODY type 4	type
GARD:0010659	maturity-onset diabetes of the young type 4	MODY, type 4	type
GARD:0010660	maturity-onset diabetes of the young type 6	MODY type 6	type
GARD:0010660	maturity-onset diabetes of the young type 6	MODY, type 6	type
GARD:0010661	maturity-onset diabetes of the young type 7	MODY type 7	type
GARD:0010662	maturity-onset diabetes of the young type 8	MODY type 8	type
GARD:0010663	maturity-onset diabetes of the young type 9	MODY type 9	type
GARD:0010679	familial juvenile hyperuricemic nephropathy type 1	FJHN type 1	type
GARD:0010680	pseudohypoparathyroidism type 1b	Php 1B	b
GARD:0010680	pseudohypoparathyroidism type 1b	PHP1B	b
GARD:0010681	pseudohypoparathyroidism type 1c	Php 1C	c
GARD:0010681	pseudohypoparathyroidism type 1c	PHP1C	c
GARD:0010688	neurodegeneration with brain iron accumulation 2b	nbia2b	b
GARD:0010694	orofaciodigital syndrome type 13	OFD syndrome 13	syndrome
GARD:0010707	deafness with labyrinthine aplasia, microtia, and microdontia	LAMM syndrome	syndrome
GARD:0010716	hsd10 mitochondrial disease	2M3HBA	m
GARD:0010716	hsd10 mitochondrial disease	HSD10 deficiency	deficiency
GARD:0010716	hsd10 mitochondrial disease	MHBD deficiency	deficiency
GARD:0010734	DICER1-related tumor predisposition	DICER1 syndrome	dicer
GARD:0010734	DICER1-related tumor predisposition	DICER1 syndrome	syndrome
GARD:0010740	proximal 16p11.2 microdeletion syndrome	monosomy 16p11.2	p
GARD:0010740	proximal 16p11.2 microdeletion syndrome	Del(16)(p11.2)	del
GARD:0010740	proximal 16p11.2 microdeletion syndrome	Del(16)(p11.2)	p
GARD:0010740	proximal 16p11.2 microdeletion syndrome	microdeletion 16p11.2	p
GARD:0010747	lupus nephritis	SLE nephritis	nephritis
GARD:0010755	chromosome 16p13.3 duplication syndrome	dup(16)(p13.3)	dup
GARD:0010755	chromosome 16p13.3 duplication syndrome	dup(16)(p13.3)	p
GARD:0010755	chromosome 16p13.3 duplication syndrome	trisomy 16pter	trisomy
GARD:0010755	chromosome 16p13.3 duplication syndrome	16p13.3 duplication	p
GARD:0010755	chromosome 16p13.3 duplication syndrome	16p13.3 duplication	duplication
GARD:0010760	glycogen storage disease due to muscle and heart glycogen synthase deficiency	GSD 0B	b
GARD:0010760	glycogen storage disease due to muscle and heart glycogen synthase deficiency	GSD0B	b
GARD:0010761	2-hydroxyglutaric aciduria	2-hydroxyglutaric acidemia	acidemia
GARD:0010764	glycine n-methyltransferase deficiency	GNMT deficiency	deficiency
GARD:0010767	MOGS-congenital disorder of glycosylation	CDG2B	b
GARD:0010767	MOGS-congenital disorder of glycosylation	CDG 2B	b
GARD:0010770	homocystinuria	CBS deficiency	deficiency
GARD:0010780	diffuse idiopathic pulmonary neuroendocrine cell hyperplasia	DIP-NECH	dip
GARD:0010805	familial adenomatous polyposis 2	MAP syndrome	map
GARD:0010805	familial adenomatous polyposis 2	MAP syndrome	syndrome
GARD:0010806	developmental and epileptic encephalopathy, 9	DEE9	dee
GARD:0010813	chromosome 1q21.1 deletion syndrome	1q21.1 microdeletion	q
GARD:0010813	chromosome 1q21.1 deletion syndrome	monosomy 1q21.1	q
GARD:0010813	chromosome 1q21.1 deletion syndrome	Del(1)(q21)	del
GARD:0010813	chromosome 1q21.1 deletion syndrome	Del(1)(q21)	q
GARD:0010822	idiopathic spontaneous coronary artery dissection	idiopathic SCAD	idiopathic
GARD:0010822	idiopathic spontaneous coronary artery dissection	idiopathic SCAD	scad
GARD:0010823	obesity due to pro-opiomelanocortin deficiency	PROOPIOMELANOCORTIN deficiency	deficiency
GARD:0010860	monosomy 21	21q deletion	q
GARD:0010860	monosomy 21	21q deletion	deletion
GARD:0010860	monosomy 21	21q- syndrome	q
GARD:0010860	monosomy 21	21q- syndrome	syndrome
GARD:0010860	monosomy 21	21q monosomy	q
GARD:0010860	monosomy 21	deletion 21q	deletion
GARD:0010860	monosomy 21	deletion 21q	q
GARD:0010860	monosomy 21	monosomy 21q	q
GARD:0010866	proximal chromosome 18q deletion syndrome	proximal 18q-	proximal
GARD:0010866	proximal chromosome 18q deletion syndrome	proximal 18q-	q
GARD:0010889	autosomal dominant familial hematuria-retinal arteriolar tortuosity-contractures syndrome	HANAC syndrome	syndrome
GARD:0010891	GM1 gangliosidosis	GLB 1 deficiency	deficiency
GARD:0010891	GM1 gangliosidosis	GLB1 deficiency	deficiency
GARD:0010891	GM1 gangliosidosis	Beta-galactosidosis	beta
GARD:0010892	blepharophimosis - intellectual disability syndrome	SBBYS syndrome	syndrome
GARD:0010898	adult pure red cell aplasia	acquired PRCA	acquired
GARD:0010917	hypomyelinating leukodystrophy 6	H-ABC	h
GARD:0010922	49,XXXYY syndrome	49, XXXYY syndrome	syndrome
GARD:0010922	49,XXXYY syndrome	XXXYY syndrome	syndrome
GARD:0010934	monocytopenia with susceptibility to infections	GATA2 deficiency	gata
GARD:0010934	monocytopenia with susceptibility to infections	GATA2 deficiency	deficiency
GARD:0010935	16q24.3 microdeletion syndrome	Del(16)(q24.3)	del
GARD:0010935	16q24.3 microdeletion syndrome	Del(16)(q24.3)	q
GARD:0010935	16q24.3 microdeletion syndrome	monosomy 16q24.3	q
GARD:0010938	microcornea-posterior megalolenticonus-persistent fetal vasculature-coloboma syndrome	MPPC syndrome	syndrome
GARD:0010939	cloves syndrome	CLOVE syndrome	clove
GARD:0010939	cloves syndrome	CLOVE syndrome	syndrome
GARD:0010943	1q44 microdeletion syndrome	monosomy 1q44	q
GARD:0010943	1q44 microdeletion syndrome	Del(1)(q44)	del
GARD:0010943	1q44 microdeletion syndrome	Del(1)(q44)	q
GARD:0010944	COG6-congenital disorder of glycosylation	CDG2L	l
GARD:0010944	COG6-congenital disorder of glycosylation	COG6-CDG	cog
GARD:0010949	non-24-hour sleep-wake syndrome	non-24	non
GARD:0010954	3-methylcrotonyl-CoA carboxylase deficiency	BMCC deficiency	deficiency
GARD:0010954	3-methylcrotonyl-CoA carboxylase deficiency	3MCC deficiency	deficiency
GARD:0010954	3-methylcrotonyl-CoA carboxylase deficiency	3-MCC deficiency	deficiency
GARD:0010954	3-methylcrotonyl-CoA carboxylase deficiency	MCC deficiency	deficiency
GARD:0010964	chronic graft versus host disease	GVHD, chronic	chronic
GARD:0010964	chronic graft versus host disease	chronic GVHD	chronic
GARD:0010972	distal monosomy 17q	17q monosomy	q
GARD:0010972	distal monosomy 17q	deletion 17q	deletion
GARD:0010972	distal monosomy 17q	deletion 17q	q
GARD:0010972	distal monosomy 17q	monosomy 17q	q
GARD:0010972	distal monosomy 17q	17q deletion	q
GARD:0010972	distal monosomy 17q	17q deletion	deletion
GARD:0010973	adult neuronal ceroid lipofuscinosis	adult NCL	adult
GARD:0010980	autoimmune polyendocrinopathy type 3	APS type 3	type
GARD:0010989	mandibular hypoplasia-deafness-progeroid syndrome	MDP syndrome	syndrome
GARD:0010991	19p13.12 microdeletion syndrome	Del(19)(p13.12)	del
GARD:0010991	19p13.12 microdeletion syndrome	Del(19)(p13.12)	p
GARD:0010991	19p13.12 microdeletion syndrome	monosomy 19p13.12	p
GARD:0010998	2q23.1 microdeletion syndrome	Del(2)(q23.1)	del
GARD:0010998	2q23.1 microdeletion syndrome	Del(2)(q23.1)	q
GARD:0010998	2q23.1 microdeletion syndrome	monosomy 2q23.1	q
GARD:0011000	constitutional megaloblastic anemia with severe neurologic disease	DHFR deficiency	deficiency
GARD:0011005	febrile infection-related epilepsy syndrome	DESC syndrome	syndrome
GARD:0011898	linear lichen planus	linear LP	linear
GARD:0011902	congenital myasthenic syndrome	congenital MG	congenital
GARD:0011927	hereditary sensory neuropathy-deafness-dementia syndrome	HSAN1E	e
GARD:0011927	hereditary sensory neuropathy-deafness-dementia syndrome	HSN 1E	e
GARD:0011927	hereditary sensory neuropathy-deafness-dementia syndrome	HSN1E	e
GARD:0011974	chromosome 3q29 microdeletion syndrome	3q29 deletion	q
GARD:0011974	chromosome 3q29 microdeletion syndrome	3q29 deletion	deletion
GARD:0011974	chromosome 3q29 microdeletion syndrome	3qter deletion	deletion
GARD:0011974	chromosome 3q29 microdeletion syndrome	Del(3)(q29)	del
GARD:0011974	chromosome 3q29 microdeletion syndrome	Del(3)(q29)	q
GARD:0011974	chromosome 3q29 microdeletion syndrome	monosomy 3q29	q
GARD:0012016	primary melanoma of the central nervous system	CNS melanoma	melanoma
GARD:0012036	facial onset sensory and motor neuronopathy	FOSMN syndrome	syndrome
GARD:0012074	craniofacial microsomia	OAV dysplasia	dysplasia
GARD:0012074	craniofacial microsomia	OAV spectrum	spectrum
GARD:0012076	7q11.23 microduplication syndrome	dup(7)(q11.23)	dup
GARD:0012076	7q11.23 microduplication syndrome	dup(7)(q11.23)	q
GARD:0012076	7q11.23 microduplication syndrome	trisomy 7q11.23	trisomy
GARD:0012076	7q11.23 microduplication syndrome	trisomy 7q11.23	q
GARD:0012085	isolated anophthalmia-microphthalmia syndrome	MAC spectrum	mac
GARD:0012085	isolated anophthalmia-microphthalmia syndrome	MAC spectrum	spectrum
GARD:0012097	lysosomal acid lipase deficiency	LAL deficiency	deficiency
GARD:0012155	renal hypomagnesemia 6	renal hypomagnesemia-6	renal
GARD:0012163	brain-lung-thyroid syndrome	BLT syndrome	syndrome
GARD:0012166	5q14.3 microdeletion syndrome	Del(5)(q14.3)	del
GARD:0012166	5q14.3 microdeletion syndrome	Del(5)(q14.3)	q
GARD:0012166	5q14.3 microdeletion syndrome	monosomy 5q14.3	q
GARD:0012199	MEGF10-related myopathy	MEGF10 myopathy	myopathy
GARD:0012219	chromosome 15q24 deletion syndrome	monosomy 15q24	q
GARD:0012219	chromosome 15q24 deletion syndrome	Del(15)(q24)	del
GARD:0012219	chromosome 15q24 deletion syndrome	Del(15)(q24)	q
GARD:0012232	autosomal recessive spinocerebellar ataxia 7	SCAR7	scar
GARD:0012234	autosomal recessive ataxia, beauce type	SCAR8	scar
GARD:0012234	autosomal recessive ataxia, beauce type	ARCA1	arca
GARD:0012241	familial lipoprotein lipase deficiency	LPL deficiency	deficiency
GARD:0012267	channelopathy-associated congenital insensitivity to pain, autosomal recessive	HSAN2D	d
GARD:0012280	central congenital hypothyroidism	TSH deficiency	deficiency
GARD:0012314	autoimmune enteropathy and endocrinopathy - susceptibility to chronic infections syndrome	immunodeficiency 31C	c
GARD:0012314	autoimmune enteropathy and endocrinopathy - susceptibility to chronic infections syndrome	IMD31C	c
GARD:0012315	congenital disorder of deglycosylation 1	CDG1V	v
GARD:0012315	congenital disorder of deglycosylation 1	NGLY1-deficiency	deficiency
GARD:0012315	congenital disorder of deglycosylation 1	ngly1 deficiency	deficiency
GARD:0012316	autoimmune lymphoproliferative syndrome due to CTLA4 haploinsufficiency	ALPS type 5	type
GARD:0012328	hereditary sensory and autonomic neuropathy type 5	HSAN V	v
GARD:0012338	transcobalamin ii deficiency	TC 2 deficiency	deficiency
GARD:0012338	transcobalamin ii deficiency	tcn2 deficiency	deficiency
GARD:0012348	COG5-congenital disorder of glycosylation	CDG2I	i
GARD:0012348	COG5-congenital disorder of glycosylation	COG5-CDG	cog
GARD:0012383	vasculitis due to ada2 deficiency	ADA2 deficiency	ada
GARD:0012383	vasculitis due to ada2 deficiency	ADA2 deficiency	deficiency
GARD:0012383	vasculitis due to ada2 deficiency	DADA2	dada
GARD:0012388	chromosome 16p11.2 duplication syndrome	16p11.2 duplication	p
GARD:0012388	chromosome 16p11.2 duplication syndrome	16p11.2 duplication	duplication
GARD:0012388	chromosome 16p11.2 duplication syndrome	AUTS14B	b
GARD:0012388	chromosome 16p11.2 duplication syndrome	16p11.2 microduplication	p
GARD:0012391	developmental and epileptic encephalopathy, 26	DEE26	dee
GARD:0012393	DK1-congenital disorder of glycosylation	Dk1 deficiency	deficiency
GARD:0012393	DK1-congenital disorder of glycosylation	CDG1M	m
GARD:0012394	RFT1-congenital disorder of glycosylation	CDG-In	in
GARD:0012394	RFT1-congenital disorder of glycosylation	CDG1N	n
GARD:0012394	RFT1-congenital disorder of glycosylation	CDG in	in
GARD:0012395	DPM3-congenital disorder of glycosylation	CDG Io	io
GARD:0012395	DPM3-congenital disorder of glycosylation	CDG1O	o
GARD:0012395	DPM3-congenital disorder of glycosylation	DG1O	o
GARD:0012395	DPM3-congenital disorder of glycosylation	CDG-Io	io
GARD:0012396	ALG11-congenital disorder of glycosylation	CDG1P	p
GARD:0012397	SRD5A3-congenital disorder of glycosylation	CDG1Q	q
GARD:0012398	DDOST-congenital disorder of glycosylation	CDG1R	r
GARD:0012401	developmental and epileptic encephalopathy, 36	CDG1S	s
GARD:0012401	developmental and epileptic encephalopathy, 36	CDG Is	is
GARD:0012401	developmental and epileptic encephalopathy, 36	CDG-Is	is
GARD:0012401	developmental and epileptic encephalopathy, 36	DEE36	dee
GARD:0012403	SLC35A2-congenital disorder of glycosylation	CDG2M	m
GARD:0012405	SSR4-congenital disorder of glycosylation	CDG 1Y	y
GARD:0012405	SSR4-congenital disorder of glycosylation	CDG1Y	y
GARD:0012409	SLC35A1-congenital disorder of glycosylation	CDG2F	f
GARD:0012411	COG8-congenital disorder of glycosylation	COG8-CDG	cog
GARD:0012411	COG8-congenital disorder of glycosylation	CDG2H	h
GARD:0012412	COG4-congenital disorder of glycosylation	COG4-CDG	cog
GARD:0012412	COG4-congenital disorder of glycosylation	CDG2J	j
GARD:0012413	TMEM165-congenital disorder of glycosylation	CDG2K	k
GARD:0012416	congenital muscular dystrophy with intellectual disability and severe epilepsy	CDG1U	u
GARD:0012429	Charcot-Marie-Tooth disease axonal type 2N	CMT2N	n
GARD:0012432	Charcot-Marie-Tooth disease axonal type 2L	CMT2L	l
GARD:0012434	Charcot-Marie-Tooth disease axonal type 2O	CMT2O	o
GARD:0012435	Charcot-Marie-Tooth disease axonal type 2P	CMT2G	g
GARD:0012435	Charcot-Marie-Tooth disease axonal type 2P	CMT2P	p
GARD:0012435	Charcot-Marie-Tooth disease axonal type 2P	CMT 2G	g
GARD:0012437	charcot-marie-tooth disease, axonal, type 2gg	di-cmta	di
GARD:0012438	Charcot-Marie-Tooth disease dominant intermediate B	di-cmtb	di
GARD:0012439	Charcot-Marie-Tooth disease dominant intermediate C	di-cmtc	di
GARD:0012440	Charcot-Marie-Tooth disease type 4	AR-CMT1	ar
GARD:0012441	Charcot-Marie-Tooth disease type 4F	CMT4F	f
GARD:0012442	Charcot-Marie-Tooth disease type 4H	CMT4H	h
GARD:0012443	Charcot-Marie-Tooth disease type 4J	CMT4J	j
GARD:0012445	Charcot-Marie-Tooth disease X-linked dominant 6	CMT6X	x
GARD:0012446	Charcot-Marie-Tooth disease axonal type 2Q	CMT2Q	q
GARD:0012447	giant axonal neuropathy 2	GAN2	gan
GARD:0012448	Charcot-Marie-Tooth disease axonal type 2K	ARCMT2K	k
GARD:0012448	Charcot-Marie-Tooth disease axonal type 2K	CMT2K	k
GARD:0012451	Charcot-Marie-Tooth disease type 2R	CMT2R	r
GARD:0012469	glutaric acidemia type 3	GA III	ga
GARD:0012471	sterol carrier protein 2 deficiency	SCP2 deficiency	deficiency
GARD:0012474	Ehlers-Danlos syndrome, periodontitis type	EDS8 (formerly)	formerly
GARD:0012474	Ehlers-Danlos syndrome, periodontitis type	periodontal EDS	periodontal
GARD:0012491	X-linked lissencephaly with abnormal genitalia	XLAG syndrome	syndrome
GARD:0012492	20p12.3 microdeletion syndrome	Del(20)(p12.3)	del
GARD:0012492	20p12.3 microdeletion syndrome	Del(20)(p12.3)	p
GARD:0012492	20p12.3 microdeletion syndrome	monosomy 20p12.3	p
GARD:0012521	IgG4-related disease	IgG4-syndrome	syndrome
GARD:0012524	L1 syndrome	CRASH syndrome	crash
GARD:0012524	L1 syndrome	CRASH syndrome	syndrome
GARD:0012528	autosomal dominant limb-girdle muscular dystrophy type 1D (DNAJB6)	LGMD1D	d
GARD:0012529	autosomal dominant limb-girdle muscular dystrophy type 1E (DES)	LGMD1E	e
GARD:0012530	autosomal dominant limb-girdle muscular dystrophy type 1f	LGMD1F	f
GARD:0012531	autosomal dominant limb-girdle muscular dystrophy type 1g	LGMD1G	g
GARD:0012532	autosomal dominant limb-girdle muscular dystrophy type 1H	LGMD1H	h
GARD:0012533	autosomal recessive limb-girdle muscular dystrophy type 2i	LGMD2I	i
GARD:0012534	autosomal recessive limb-girdle muscular dystrophy type 2j	LGMD2J	j
GARD:0012535	autosomal recessive limb-girdle muscular dystrophy type 2k	LGMD2K	k
GARD:0012536	autosomal recessive limb-girdle muscular dystrophy type 2l	LGMD2L	l
GARD:0012538	autosomal recessive limb-girdle muscular dystrophy type 2m	LGMD2M	m
GARD:0012539	autosomal recessive limb-girdle muscular dystrophy type 2n	LGMD2N	n
GARD:0012540	autosomal recessive limb-girdle muscular dystrophy type 2o	LGMD2O	o
GARD:0012541	autosomal recessive limb-girdle muscular dystrophy type 2p	LGMD2P	p
GARD:0012542	autosomal recessive limb-girdle muscular dystrophy type 2q	LGMD2Q	q
GARD:0012543	autosomal recessive limb-girdle muscular dystrophy type R18	LGMD2S	s
GARD:0012544	autosomal recessive limb-girdle muscular dystrophy type 2t	LGMD2T	t
GARD:0012556	isolated congenital growth hormone deficiency	congenital IGHD	congenital
GARD:0012558	intellectual disability, autosomal dominant 5	SYNGAP1 syndrome	syndrome
GARD:0012559	Hurler syndrome	MPS1-H	h
GARD:0012559	Hurler syndrome	MPS1H	h
GARD:0012560	hurler-scheie syndrome	MPSIH/S	s
GARD:0012561	Scheie syndrome	MPS5, formerly	formerly
GARD:0012561	Scheie syndrome	MPS V	v
GARD:0012561	Scheie syndrome	MPS1S	s
GARD:0012561	Scheie syndrome	MPS1-S	s
GARD:0012567	PLA2G6-associated neurodegeneration	PLAN	plan
GARD:0012568	autosomal recessive Parkinson disease 14	PARK14	park
GARD:0012585	congenital muscular dystrophy due to lmna mutation	L-CMD	l
GARD:0012586	congenital muscular dystrophy 1B	CMD1B	b
GARD:0012586	congenital muscular dystrophy 1B	MDC1B	b
GARD:0012590	congenital fibrosis of extraocular muscles	Feom1 locus	locus
GARD:0012638	pyogenic bacterial infections due to MyD88 deficiency	MyD88 deficiency	deficiency
GARD:0012638	pyogenic bacterial infections due to MyD88 deficiency	MYD88D	d
GARD:0012664	congenital adrenal hyperplasia due to cytochrome p450 oxidoreductase deficiency	POR deficiency	deficiency
GARD:0012665	classic congenital adrenal hyperplasia due to 21-hydroxylase deficiency	21-hydroxylase deficiency	deficiency
GARD:0012665	classic congenital adrenal hyperplasia due to 21-hydroxylase deficiency	CYP21 deficiency	cyp
GARD:0012665	classic congenital adrenal hyperplasia due to 21-hydroxylase deficiency	CYP21 deficiency	deficiency
GARD:0012673	actinic lichen planus	actinic LP	actinic
GARD:0012674	annular lichen planus	annular LP	annular
GARD:0012675	atrophic lichen planus	atrophic LP	atrophic
GARD:0012680	lipoyl transferase 1 deficiency	LIPT1D	d
GARD:0012718	autosomal recessive centronuclear myopathy	AR-CNM	ar
GARD:0012719	autosomal dominant centronuclear myopathy	AD-CNM	ad
GARD:0012742	juvenile polymyositis	juvenile PM	juvenile
GARD:0012760	acute myeloid leukemia by FAB classification	unclassified AML	unclassified
GARD:0012762	therapy related acute myeloid leukemia and myelodysplastic syndrome	Secondary AGL	secondary
GARD:0012762	therapy related acute myeloid leukemia and myelodysplastic syndrome	secondary AML	secondary
GARD:0012777	multiple congenital anomalies-hypotonia-seizures syndrome 2	DEE20	dee
GARD:0012777	multiple congenital anomalies-hypotonia-seizures syndrome 2	MCAHS type 2	type
GARD:0012792	ossifying fibroma	fibro-osteoma	osteoma
GARD:0012794	recessive dystrophic epidermolysis bullosa-generalized other	RDEB-O	o
GARD:0012796	dentinogenesis imperfecta type 2	DI-2	di
GARD:0012799	Alzheimer disease 2	Alzheimer disease-2	disease
GARD:0012815	severe intellectual disability-poor language-strabismus-grimacing face-long fingers syndrome	GAND syndrome	syndrome
GARD:0012816	8q12 microduplication syndrome	dup(8)(q12)	dup
GARD:0012816	8q12 microduplication syndrome	dup(8)(q12)	q
GARD:0012816	8q12 microduplication syndrome	trisomy 8q12	trisomy
GARD:0012816	8q12 microduplication syndrome	trisomy 8q12	q
GARD:0012832	dilated cardiomyopathy 1S	CMD1S	s
GARD:0012845	cognitive impairment - coarse facies - heart defects - obesity - pulmonary involvement - short stature - skeletal dysplasia syndrome	CHOPS syndrome	syndrome
GARD:0012860	spinocerebellar ataxia, autosomal recessive, with axonal neuropathy 2	SCAN 2	scan
GARD:0012860	spinocerebellar ataxia, autosomal recessive, with axonal neuropathy 2	SCAR1	scar
GARD:0012860	spinocerebellar ataxia, autosomal recessive, with axonal neuropathy 2	SCAN2	scan
GARD:0012862	generalized peeling skin syndrome	generalized PSS	generalized
GARD:0012864	hyperlipidemia due to hepatic triglyceride lipase deficiency	HL deficiency	deficiency
GARD:0012867	Cushing disease due to pituitary adenoma	PITA4	pita
GARD:0012874	osteogenesis imperfecta type 10	OI, type 10	type
GARD:0012874	osteogenesis imperfecta type 10	OI type 10	type
GARD:0012875	osteogenesis imperfecta type 11	OI, type 11	type
GARD:0012875	osteogenesis imperfecta type 11	OI type 11	type
GARD:0012900	developmental and epileptic encephalopathy, 4	DEE4	dee
GARD:0012901	developmental and epileptic encephalopathy, 25	DEE25	dee
GARD:0012913	polyhydramnios, megalencephaly, and symptomatic epilepsy	PMSE syndrome	syndrome
GARD:0012916	Rh deficiency syndrome	Rh-Mod	mod
GARD:0012921	late-onset junctional epidermolysis bullosa	EB progressive	progressive
GARD:0012921	late-onset junctional epidermolysis bullosa	JEB-lo	lo
GARD:0012924	preeclampsia	pre-eclampsia	eclampsia
GARD:0012949	developmental and epileptic encephalopathy, 5	DEE5	dee
GARD:0012958	c1q deficiency	C1QD	c
GARD:0012963	3-methylglutaconic aciduria with deafness, encephalopathy, and leigh-like syndrome	3-MGCA-4 (formerly)	formerly
GARD:0012963	3-methylglutaconic aciduria with deafness, encephalopathy, and leigh-like syndrome	SERAC1 defect	defect
GARD:0012963	3-methylglutaconic aciduria with deafness, encephalopathy, and leigh-like syndrome	MEGDEL syndrome	syndrome
GARD:0012964	3-methylglutaconic aciduria type 5	DCMA syndrome	syndrome
GARD:0012964	3-methylglutaconic aciduria type 5	MGA V	v
GARD:0012980	monoclonal mast cell activation syndrome	primary MCAS	primary
GARD:0012986	acyl-coa dehydrogenase 9 deficiency	ACAD9 deficiency	deficiency
GARD:0013019	mitochondrial short-chain enoyl-coa hydratase 1 deficiency	ECHS1D	d
GARD:0013034	pancreatic neuroendocrine tumor	pancreatic NET	pancreatic
GARD:0013034	pancreatic neuroendocrine tumor	pancreatic NET	net
GARD:0013059	distal arthrogryposis type 5d	DA5D	da
GARD:0013059	distal arthrogryposis type 5d	DA5D	d
GARD:0013060	developmental and epileptic encephalopathy, 7	DEE7	dee
GARD:0013060	developmental and epileptic encephalopathy, 7	KCNQ2-NEE	nee
GARD:0013085	developmental and epileptic encephalopathy, 13	DEE13	dee
GARD:0013110	progressive encephalomyelitis with rigidity and myoclonus	PERM	perm
GARD:0013197	developmental and epileptic encephalopathy 94	DEE94	dee
GARD:0013200	mitochondrial DNA depletion syndrome 8a	MTDPS8A	a
GARD:0013201	hyperammonemic encephalopathy due to carbonic anhydrase va deficiency	CA5AD	ca
GARD:0013201	hyperammonemic encephalopathy due to carbonic anhydrase va deficiency	CA5AD	ad
GARD:0013202	3-hydroxyisobutyryl-coa hydrolase deficiency	HIBCH deficiency	deficiency
GARD:0013206	chromosome 2q32-q33 deletion syndrome	SATB2 syndrome	syndrome
GARD:0013206	chromosome 2q32-q33 deletion syndrome	Del(2)(q32)	del
GARD:0013206	chromosome 2q32-q33 deletion syndrome	Del(2)(q32)	q
GARD:0013206	chromosome 2q32-q33 deletion syndrome	monosomy 2q32	q
GARD:0013218	hereditary sclerosing poikiloderma with tendon and pulmonary involvement	POIKTMP syndrome	syndrome
GARD:0013235	microphthalmia, syndromic 12	syndromic microphthalmia-12	syndromic
GARD:0013235	microphthalmia, syndromic 12	syndromic microphthalmia-12	microphthalmia
GARD:0013293	platelet-type bleeding disorder 11	GP 6 deficiency	deficiency
GARD:0013296	chromosome 17q12 duplication syndrome	dup(17)(q12)	dup
GARD:0013296	chromosome 17q12 duplication syndrome	dup(17)(q12)	q
GARD:0013296	chromosome 17q12 duplication syndrome	trisomy 17q12	trisomy
GARD:0013296	chromosome 17q12 duplication syndrome	trisomy 17q12	q
GARD:0013296	chromosome 17q12 duplication syndrome	17q12 duplication	q
GARD:0013296	chromosome 17q12 duplication syndrome	17q12 duplication	duplication
GARD:0013296	chromosome 17q12 duplication syndrome	17q12 microduplication	q
GARD:0013297	chromosome 17q12 deletion syndrome	monosomy 17q12	q
GARD:0013297	chromosome 17q12 deletion syndrome	Del(17)(q12)	del
GARD:0013297	chromosome 17q12 deletion syndrome	Del(17)(q12)	q
GARD:0013298	mitochondrial DNA depletion syndrome 13	FBXL4 deficiency	deficiency
GARD:0013318	developmental and epileptic encephalopathy, 12	DEE12	dee
GARD:0013319	fatty acyl-coa reductase 1 deficiency	FAR1 deficiency	far
GARD:0013319	fatty acyl-coa reductase 1 deficiency	FAR1 deficiency	deficiency
GARD:0013378	developmental and epileptic encephalopathy, 17	DEE17	dee
GARD:0013378	developmental and epileptic encephalopathy, 17	GNAO1 encephalopathy	encephalopathy
GARD:0013379	intellectual disability, autosomal dominant 29	SETBP1 disorder	disorder
GARD:0013390	12q14 microdeletion syndrome	Del(12)(q14)	del
GARD:0013390	12q14 microdeletion syndrome	Del(12)(q14)	q
GARD:0013390	12q14 microdeletion syndrome	deletion 12q14	deletion
GARD:0013390	12q14 microdeletion syndrome	deletion 12q14	q
GARD:0013390	12q14 microdeletion syndrome	monosomy 12q14	q
GARD:0013423	recurrent metabolic encephalomyopathic crises-rhabdomyolysis-cardiac arrhythmia-intellectual disability syndrome	TANGO2 deficiency	tango
GARD:0013423	recurrent metabolic encephalomyopathic crises-rhabdomyolysis-cardiac arrhythmia-intellectual disability syndrome	TANGO2 deficiency	deficiency
GARD:0013425	spastic tetraplegia-thin corpus callosum-progressive postnatal microcephaly syndrome	ASCT1 deficiency	deficiency
GARD:0013431	motor developmental delay due to 14q32.2 paternally expressed gene defect	TEMPLE syndrome	temple
GARD:0013431	motor developmental delay due to 14q32.2 paternally expressed gene defect	TEMPLE syndrome	syndrome
GARD:0013431	motor developmental delay due to 14q32.2 paternally expressed gene defect	mUPD14 syndrome	syndrome
GARD:0013461	familial juvenile hyperuricemic nephropathy type 2	FJHN type 2	type
GARD:0013519	autosomal dominant childhood-onset proximal spinal muscular atrophy without contractures	Sma-led	sma
GARD:0013519	autosomal dominant childhood-onset proximal spinal muscular atrophy without contractures	Sma-led	led
GARD:0013621	developmental and epileptic encephalopathy, 50	DEE50	dee
GARD:0013621	developmental and epileptic encephalopathy, 50	CAD-CDG	cad
GARD:0013621	developmental and epileptic encephalopathy, 50	CDG1Z	z
GARD:0013629	drug rash with eosinophilia and systemic symptoms	DRESS syndrome	dress
GARD:0013629	drug rash with eosinophilia and systemic symptoms	DRESS syndrome	syndrome
GARD:0013636	macrocephaly-intellectual disability-neurodevelopmental disorder-small thorax syndrome	MINDS syndrome	syndrome
GARD:0013676	developmental and epileptic encephalopathy, 18	DEE18	dee
GARD:0013681	developmental and epileptic encephalopathy, 64	DEE64	dee
GARD:0013731	T-cell prolymphocytic leukemia	T-PLL	t
GARD:0013743	multicentric osteolysis, nodulosis, and arthropathy	MONA	mona
GARD:0013743	multicentric osteolysis, nodulosis, and arthropathy	NAO syndrome	syndrome
GARD:0013824	proteosome-associated autoinflammatory syndrome	CANDLE syndrome	candle
GARD:0013824	proteosome-associated autoinflammatory syndrome	CANDLE syndrome	syndrome
GARD:0013824	proteosome-associated autoinflammatory syndrome	JMP syndrome	syndrome
GARD:0013824	proteosome-associated autoinflammatory syndrome	ALDD syndrome	syndrome
GARD:0015000	DNA ligase IV deficiency	LIG4 syndrome	syndrome
GARD:0015010	hereditary breast ovarian cancer syndrome	syndrome, HBOC	syndrome
GARD:0015010	hereditary breast ovarian cancer syndrome	HBOC syndrome	syndrome
GARD:0015028	undetermined early-onset epileptic encephalopathy	undetermined EOEE	undetermined
GARD:0015032	spermatogenic failure 6	SPATA16 azoospermia	azoospermia
GARD:0015037	amelogenesis imperfecta type 1B	AI1B	ai
GARD:0015037	amelogenesis imperfecta type 1B	AI1B	b
GARD:0015038	amelogenesis imperfecta type 1A	AI1A	ai
GARD:0015038	amelogenesis imperfecta type 1A	AI1A	a
GARD:0015040	nonsyndromic congenital nail disorder 6	onychodystrophy-anonychia	anonychia
GARD:0015052	Lynch syndrome 1	COCA1	coca
GARD:0015063	ectrodactyly, ectodermal dysplasia, and cleft lip-palate syndrome 1	EEC syndrome-1	syndrome
GARD:0015063	ectrodactyly, ectodermal dysplasia, and cleft lip-palate syndrome 1	EEC syndrome 1	syndrome
GARD:0015081	palmoplantar keratoderma, punctate type 1A	PPKP1A	a
GARD:0015087	facioscapulohumeral muscular dystrophy 1	FSHD1A	a
GARD:0015087	facioscapulohumeral muscular dystrophy 1	FSHMD1A	a
GARD:0015088	facioscapulohumeral muscular dystrophy 2	Fshd2, digenic	digenic
GARD:0015091	narcolepsy 1	HCRT narcolepsy	narcolepsy
GARD:0015094	neurofibromatosis, type iii, mixed central and peripheral	NF3A	a
GARD:0015095	neuropathy, hereditary sensory and autonomic, type 1A	HSAN 1A	a
GARD:0015095	neuropathy, hereditary sensory and autonomic, type 1A	HSN 1A	a
GARD:0015095	neuropathy, hereditary sensory and autonomic, type 1A	HSAN1A	a
GARD:0015107	brain small vessel disease 1 with or without ocular anomalies	ADT1P	p
GARD:0015118	digeorge syndrome	Catch22	catch
GARD:0015121	tuberous sclerosis 1	tuberous sclerosis-1	tuberous
GARD:0015121	tuberous sclerosis 1	tuberous sclerosis-1	sclerosis
GARD:0015123	velocardiofacial syndrome	VCF syndrome	syndrome
GARD:0015129	neuropathy, hereditary sensory and autonomic, type 2A	HSAN2A	a
GARD:0015129	neuropathy, hereditary sensory and autonomic, type 2A	HSAN 2A	a
GARD:0015129	neuropathy, hereditary sensory and autonomic, type 2A	HSN 2A	a
GARD:0015134	peroxisome biogenesis disorder 2b	PBD2B	b
GARD:0015136	amelogenesis imperfecta type 1C	AI1C	ai
GARD:0015136	amelogenesis imperfecta type 1C	AI1C	c
GARD:0015137	amyotrophic lateral sclerosis type 2, juvenile	ALS, juvenile	juvenile
GARD:0015149	peroxisome biogenesis disorder 2a (zellweger)	PBD2A	a
GARD:0015150	cerebrooculofacioskeletal syndrome 1	COFS syndrome	syndrome
GARD:0015157	cutis laxa, autosomal recessive, type 1A	ARCL1A	a
GARD:0015160	ritscher-schinzel syndrome 1	3C syndrome	c
GARD:0015160	ritscher-schinzel syndrome 1	3C syndrome	syndrome
GARD:0015163	ectodermal dysplasia 10b, hypohidrotic/hair/tooth type, autosomal recessive	ECTD10B	b
GARD:0015169	Fanconi anemia complementation group D2	fad2	fad
GARD:0015188	immunodeficiency-centromeric instability-facial anomalies syndrome 1	ICF syndrome 1	syndrome
GARD:0015195	megacystis-microcolon-intestinal hypoperistalsis syndrome 1	MMIH syndrome	syndrome
GARD:0015198	microcephaly 1, primary, autosomal recessive	PCC syndrome	syndrome
GARD:0015206	congenital myasthenic syndrome 10	CMS1B	b
GARD:0015212	congenital stationary night blindness 1B	CSNB1B	b
GARD:0015213	oculodentodigital dysplasia, autosomal recessive	ODOD recessive	recessive
GARD:0015224	short-rib thoracic dysplasia 6 with or without polydactyly	SRPS2A	a
GARD:0015226	peroxisome biogenesis disorder type 3B	PBD3B	b
GARD:0015235	spermatogenic failure 4	SYCP3 azoospermia	azoospermia
GARD:0015239	3M syndrome 1	3-M syndrome 1	m
GARD:0015239	3M syndrome 1	3-M syndrome 1	syndrome
GARD:0015239	3M syndrome 1	3M syndrome	m
GARD:0015239	3M syndrome 1	3M syndrome	syndrome
GARD:0015241	Usher syndrome type 2A	USH2A	ush
GARD:0015241	Usher syndrome type 2A	USH2A	a
GARD:0015242	Usher syndrome type 3A	USH3A	ush
GARD:0015242	Usher syndrome type 3A	USH3A	a
GARD:0015244	pontocerebellar hypoplasia type 2A	PCH2A	a
GARD:0015245	Waardenburg syndrome type 4A	WS4A	a
GARD:0015247	hypotrichosis 8	LPAR6 hypotrichosis	hypotrichosis
GARD:0015248	myopathy due to myoadenylate deaminase deficiency	AMPD1 deficiency	deficiency
GARD:0015251	congenital stationary night blindness 2A	CSNB2A	a
GARD:0015261	myopathy, reducing body, X-linked, early-onset, severe	RBMX1A	a
GARD:0015262	myopathy, reducing body, X-linked, childhood-onset	RBMX1B	b
GARD:0015274	pituitary adenoma, growth hormone-secreting, 2	PITA2	pita
GARD:0015286	developmental and epileptic encephalopathy, 90	DEE90	dee
GARD:0015287	dilated cardiomyopathy 3B	CMD3B	b
GARD:0015298	developmental and epileptic encephalopathy, 1	DEE1	dee
GARD:0015302	spermatogenic failure, x-linked, 2	TEX11 azoospermia	azoospermia
GARD:0015304	microphthalmia, syndromic 1	MAA, formerly	formerly
GARD:0015304	microphthalmia, syndromic 1	ANOP1, formerly	formerly
GARD:0015304	microphthalmia, syndromic 1	MCOPS4, formerly	formerly
GARD:0015306	congenital stationary night blindness 1A	CSNB1A	a
GARD:0015306	congenital stationary night blindness 1A	hemeralopia-myopia	hemeralopia
GARD:0015306	congenital stationary night blindness 1A	hemeralopia-myopia	myopia
GARD:0015321	fibrosis of extraocular muscles, congenital, 3a, with or without extraocular involvement	CFEOM3A	a
GARD:0015321	fibrosis of extraocular muscles, congenital, 3a, with or without extraocular involvement	Feom3 locus	locus
GARD:0015330	congenital myasthenic syndrome 1A	CMS1A	a
GARD:0015331	dilated cardiomyopathy 1C	CMD1C	c
GARD:0015332	dilated cardiomyopathy 1D	CMD1D	d
GARD:0015341	fibrosis of extraocular muscles, congenital, 2	Feom2 locus	locus
GARD:0015342	cone dystrophy 3	cone dystrophy-3	cone
GARD:0015342	cone dystrophy 3	cone dystrophy-3	dystrophy
GARD:0015342	cone dystrophy 3	COD3	cod
GARD:0015348	bartter disease type 4a	BARTS4A	a
GARD:0015349	ichthyosis, hystrix-like, with hearing loss	HID syndrome	syndrome
GARD:0015350	renal tubular acidosis, distal, 3, with or without sensorineural hearing loss	type 1 RTA	type
GARD:0015356	cone-rod dystrophy 7	CORD7	cord
GARD:0015361	autoimmune lymphoproliferative syndrome type 2A	type 2 ALPS	type
GARD:0015361	autoimmune lymphoproliferative syndrome type 2A	ALPS2A	a
GARD:0015363	dilated cardiomyopathy 1G	CMD1G	g
GARD:0015365	dilated cardiomyopathy 1H	CMD1H	h
GARD:0015372	dilated cardiomyopathy 1I	CMD1I	i
GARD:0015381	cone-rod dystrophy 8	CORD8	cord
GARD:0015382	dilated cardiomyopathy 1K	CMD1K	k
GARD:0015387	congenital myasthenic syndrome 4A	CMS4A	a
GARD:0015387	congenital myasthenic syndrome 4A	CMS1A1	a
GARD:0015396	Waardenburg syndrome type 2C	WS2C	c
GARD:0015397	dilated cardiomyopathy 1L	CMD1L	l
GARD:0015404	Usher syndrome type 1G	USH1G	ush
GARD:0015404	Usher syndrome type 1G	USH1G	g
GARD:0015407	brachydactyly type A1B	BDA1B	b
GARD:0015413	dilated cardiomyopathy 1M	CMD1M	m
GARD:0015416	pontocerebellar hypoplasia type 1A	PCH1A	a
GARD:0015423	hypotrichosis 6	DSG4 hypotrichosis	hypotrichosis
GARD:0015426	cone-rod dystrophy 13	CORD13	cord
GARD:0015430	branchiootic syndrome 3	BOS3	bos
GARD:0015434	dilated cardiomyopathy 1O	CMD1O	o
GARD:0015445	myasthenic syndrome, congenital, 1b, fast-channel	CMS1B	b
GARD:0015456	developmental and epileptic encephalopathy, 3	DEE3	dee
GARD:0015457	Lynch syndrome 2	COCA2	coca
GARD:0015459	fibrosis of extraocular muscles, congenital, 3c	CFEOM3C	c
GARD:0015459	fibrosis of extraocular muscles, congenital, 3c	Feom4 locus	locus
GARD:0015469	dilated cardiomyopathy 1P	CMD1P	p
GARD:0015470	dilated cardiomyopathy 1Q	CMD1Q	q
GARD:0015477	cone-rod dystrophy 10	CORD10	cord
GARD:0015484	cone-rod dystrophy 11	CORD11	cord
GARD:0015503	branchiootorenal syndrome 2	BOR2	bor
GARD:0015514	Usher syndrome type 2D	USH2D	ush
GARD:0015514	Usher syndrome type 2D	USH2D	d
GARD:0015515	dilated cardiomyopathy 1W	CMD1W	w
GARD:0015521	Waardenburg syndrome type 2E	WS2E	e
GARD:0015522	dilated cardiomyopathy 1X	CMD1X	x
GARD:0015528	elliptocytosis 1	4.1-minus trait	minus
GARD:0015528	elliptocytosis 1	4.1-minus trait	trait
GARD:0015530	dilated cardiomyopathy 1Y	CMD1Y	y
GARD:0015531	dilated cardiomyopathy 1Z	CMD1Z	z
GARD:0015532	dilated cardiomyopathy 2A	CMD2A	a
GARD:0015543	dilated cardiomyopathy 1AA	CMD1AA	aa
GARD:0015553	pontocerebellar hypoplasia type 2B	PCH2B	b
GARD:0015554	pontocerebellar hypoplasia type 2C	PCH2C	c
GARD:0015556	epilepsy, progressive myoclonic, 1b	EPM1B	b
GARD:0015563	amelogenesis imperfecta hypomaturation type 2A2	AI2A2	ai
GARD:0015563	amelogenesis imperfecta hypomaturation type 2A2	AI2A2	a
GARD:0015573	Usher syndrome type 1H	USH1H	ush
GARD:0015573	Usher syndrome type 1H	USH1H	h
GARD:0015577	cone-rod dystrophy 12	CORD12	cord
GARD:0015582	cone-rod dystrophy 9	CORD9	cord
GARD:0015591	3M syndrome 2	3-M syndrome 2	m
GARD:0015591	3M syndrome 2	3-M syndrome 2	syndrome
GARD:0015612	Bartter disease type 4B	BARTS4B	b
GARD:0015613	asphyxiating thoracic dystrophy 3	SRPS type 1	type
GARD:0015613	asphyxiating thoracic dystrophy 3	SRPS2B	b
GARD:0015613	asphyxiating thoracic dystrophy 3	SRPS type 3	type
GARD:0015618	neuropathy, hereditary sensory and autonomic, type 2B	HSAN2B	b
GARD:0015629	retinitis pigmentosa 50	retinitis pigmentosa-50	retinitis
GARD:0015630	amelogenesis imperfecta hypomaturation type 2A3	AI2A3	ai
GARD:0015630	amelogenesis imperfecta hypomaturation type 2A3	AI2A3	a
GARD:0015631	congenital stationary night blindness 1C	CSNB1C	c
GARD:0015640	tuberous sclerosis 2	tuberous sclerosis-2	tuberous
GARD:0015640	tuberous sclerosis 2	tuberous sclerosis-2	sclerosis
GARD:0015641	Waardenburg syndrome type 4B	WS4B	b
GARD:0015642	Waardenburg syndrome type 4C	WS4C	c
GARD:0015647	hemochromatosis type 2B	HFE2B	b
GARD:0015661	dilated cardiomyopathy 1R	CMD1R	r
GARD:0015683	neuropathy, hereditary sensory and autonomic, type 1C	HSAN 1C	c
GARD:0015683	neuropathy, hereditary sensory and autonomic, type 1C	HSN 1C	c
GARD:0015683	neuropathy, hereditary sensory and autonomic, type 1C	HSAN1C	c
GARD:0015685	d-2-hydroxyglutaric aciduria 2	D2HGA2	d
GARD:0015686	cone-rod dystrophy 15	CORD15	cord
GARD:0015688	chromosome 2q31.1 duplication syndrome	trisomy 2q31.1	trisomy
GARD:0015688	chromosome 2q31.1 duplication syndrome	trisomy 2q31.1	q
GARD:0015688	chromosome 2q31.1 duplication syndrome	dup(2)(q31.1)	dup
GARD:0015688	chromosome 2q31.1 duplication syndrome	dup(2)(q31.1)	q
GARD:0015689	dilated cardiomyopathy 1U	CMD1U	u
GARD:0015690	dilated cardiomyopathy 1V	CMD1V	v
GARD:0015695	neuropathy, hereditary sensory, type 1D	HSN1D	d
GARD:0015699	developmental and epileptic encephalopathy, 11	DEE11	dee
GARD:0015707	complement component c1s deficiency	C1SD	c
GARD:0015709	retinitis pigmentosa 40	retinitis pigmentosa-40	retinitis
GARD:0015717	pontocerebellar hypoplasia type 2D	PCH2D	d
GARD:0015721	congenital stationary night blindness 1D	CSNB1D	d
GARD:0015722	osteogenesis imperfecta type 12	OI, type 12	type
GARD:0015723	achromatopsia 4	GNAT2 achromatopsia	gnat
GARD:0015723	achromatopsia 4	GNAT2 achromatopsia	achromatopsia
GARD:0015728	megalencephalic leukoencephalopathy with subcortical cysts 2a	MLC2A	a
GARD:0015751	immunodeficiency-centromeric instability-facial anomalies syndrome 2	ICF syndrome 2	syndrome
GARD:0015772	3M syndrome 3	3-M syndrome 3	m
GARD:0015772	3M syndrome 3	3-M syndrome 3	syndrome
GARD:0015774	neuropathy, hereditary sensory, type 2C	HSN2C	c
GARD:0015783	narcolepsy 7	MOG narcolepsy	mog
GARD:0015783	narcolepsy 7	MOG narcolepsy	narcolepsy
GARD:0015787	alpha-methylacyl-coa racemase deficiency	AMACR deficiency	deficiency
GARD:0015790	arthrogryposis, distal, type 1b	DA1B	da
GARD:0015790	arthrogryposis, distal, type 1b	DA1B	b
GARD:0015797	complement component 4b deficiency	C4BD	c
GARD:0015798	complement component 4a deficiency	C4AD	c
GARD:0015798	complement component 4a deficiency	C4AD	ad
GARD:0015804	cutis laxa, autosomal recessive, type 1B	ARCL1B	b
GARD:0015809	wiskott-aldrich syndrome 2	WAS2	was
GARD:0015809	wiskott-aldrich syndrome 2	Wipf1 deficiency	deficiency
GARD:0015812	cone-rod dystrophy 16	CORD16	cord
GARD:0015813	Usher syndrome type 3B	USH3B	ush
GARD:0015813	Usher syndrome type 3B	USH3B	b
GARD:0015816	congenital stationary night blindness 1E	CSNB1E	e
GARD:0015832	dilated cardiomyopathy 2B	CMD2B	b
GARD:0015834	pontocerebellar hypoplasia type 1B	PCH1B	b
GARD:0015847	amelogenesis imperfecta hypomaturation type 2A4	AI2A4	ai
GARD:0015847	amelogenesis imperfecta hypomaturation type 2A4	AI2A4	a
GARD:0015856	osteogenesis imperfecta type 13	OI, type 13	type
GARD:0015858	peroxisome biogenesis disorder 3a (zellweger)	PBD3A	a
GARD:0015859	peroxisome biogenesis disorder 4a (zellweger)	PBD4A	a
GARD:0015860	peroxisome biogenesis disorder 4b	PBD4B	b
GARD:0015861	peroxisome biogenesis disorder 5a (zellweger)	PBD5A	a
GARD:0015862	peroxisome biogenesis disorder 5b	PBD5B	b
GARD:0015863	Usher syndrome type 1J	USH1J	ush
GARD:0015863	Usher syndrome type 1J	USH1J	j
GARD:0015864	peroxisome biogenesis disorder 6a (zellweger)	PBD6A	a
GARD:0015865	peroxisome biogenesis disorder 6b	PBD6B	b
GARD:0015866	peroxisome biogenesis disorder 7a (zellweger)	PBD7A	a
GARD:0015867	peroxisome biogenesis disorder 7b	PBD7B	b
GARD:0015869	peroxisome biogenesis disorder 8a (zellweger)	PBD8A	a
GARD:0015870	peroxisome biogenesis disorder 8b	PBD8B	b
GARD:0015871	peroxisome biogenesis disorder 9b	PBD9B	b
GARD:0015873	peroxisome biogenesis disorder 10a (zellweger)	PBD10A	a
GARD:0015874	peroxisome biogenesis disorder 11a (zellweger)	PBD11A	a
GARD:0015875	peroxisome biogenesis disorder 11b	PBD11B	b
GARD:0015876	peroxisome biogenesis disorder 12a (zellweger)	PBD12A	a
GARD:0015877	peroxisome biogenesis disorder 13a (zellweger)	PBD13A	a
GARD:0015881	peroxisome biogenesis disorder 14b	PEX14B	b
GARD:0015884	palmoplantar keratoderma, punctate type ib	PPKP1B	b
GARD:0015885	ectodermal dysplasia 11b, hypohidrotic/hair/tooth type, autosomal recessive	ECTD11B	b
GARD:0015886	developmental and epileptic encephalopathy, 14	DEE14	dee
GARD:0015890	Usher syndrome type 1K	USH1K	ush
GARD:0015890	Usher syndrome type 1K	USH1K	k
GARD:0015892	developmental and epileptic encephalopathy, 15	DEE15	dee
GARD:0015899	congenital stationary night blindness 1F	CSNB1F	f
GARD:0015900	hypotrichosis 11	SNRPE hypotrichosis	hypotrichosis
GARD:0015901	osteogenesis imperfecta type 14	OI, type 14	type
GARD:0015903	brachydactyly type A1C	BDA1C	c
GARD:0015904	spermatogenic failure 11	KLHL10 azoospermia	azoospermia
GARD:0015914	cone-rod dystrophy 17	CORD17	cord
GARD:0015919	osteogenesis imperfecta type 15	OI, type 15	type
GARD:0015939	myofibromatosis, infantile, 2	NOTCH3 myofibromatosis	notch
GARD:0015942	symphalangism, proximal, 1b	SYM1B	b
GARD:0015945	developmental and epileptic encephalopathy, 16	DEE16	dee
GARD:0015953	cone-rod dystrophy 18	CORD18	cord
GARD:0015960	spermatogenic failure 12	NANOS1 azoospermia	azoospermia
GARD:0015961	mitochondrial dna depletion syndrome 12b (cardiomyopathic type), autosomal recessive	MTDPS12B	b
GARD:0015994	congenital dyserythropoietic anemia type type 1B	CDAN1B	b
GARD:0015995	neuropathy, hereditary sensory, type 1F	HSN1F	f
GARD:0015995	neuropathy, hereditary sensory, type 1F	HSN 1F	f
GARD:0016008	developmental and epileptic encephalopathy, 19	DEE19	dee
GARD:0016014	cardiomyopathy, dilated, with wooly hair, keratoderma, and tooth agenesis	EKC syndrome	syndrome
GARD:0016017	developmental and epileptic encephalopathy, 21	DEE21	dee
GARD:0016020	spermatogenic failure 14	ZMYND15 azoospermia	azoospermia
GARD:0016022	cone-rod dystrophy 19	CORD19	cord
GARD:0016024	developmental and epileptic encephalopathy, 24	DEE24	dee
GARD:0016026	myopathy, tubular aggregate, 2	TAM2	tam
GARD:0016027	hypotrichosis 12	RPL21 hypotrichosis	hypotrichosis
GARD:0016028	amelogenesis imperfecta hypomaturation type 2A5	AI2A5	ai
GARD:0016028	amelogenesis imperfecta hypomaturation type 2A5	AI2A5	a
GARD:0016029	hypotrichosis 13	KRT71 hypotrichosis	hypotrichosis
GARD:0016036	cone-rod dystrophy 20	CORD20	cord
GARD:0016058	pontocerebellar hypoplasia, type 1c	PCH1C	c
GARD:0016063	developmental and epileptic encephalopathy, 27	DEE27	dee
GARD:0016069	developmental and epileptic encephalopathy, 28	DEE28	dee
GARD:0016069	developmental and epileptic encephalopathy, 28	WOREE syndrome	syndrome
GARD:0016071	amelogenesis imperfecta type 1H	AI1H	ai
GARD:0016071	amelogenesis imperfecta type 1H	AI1H	h
GARD:0016072	osteogenesis imperfecta type 16	OI, type 16	type
GARD:0016075	congenital contractures of the limbs and face, hypotonia, and developmental delay	CLIFAHDD syndrome	syndrome
GARD:0016076	amelogenesis imperfecta type 1F	AI1F	ai
GARD:0016076	amelogenesis imperfecta type 1F	AI1F	f
GARD:0016083	congenital myasthenic syndrome 2C	CMS2C	c
GARD:0016084	congenital myasthenic syndrome 3A	CMS3A	a
GARD:0016085	congenital myasthenic syndrome 3B	CMS3B	b
GARD:0016086	congenital myasthenic syndrome 3C	CMS3C	c
GARD:0016087	congenital myasthenic syndrome 4B	CMS4B	b
GARD:0016089	congenital myasthenic syndrome 11	CMS1E	e
GARD:0016090	maturity-onset diabetes of the young type 13	MODY type 13	type
GARD:0016090	maturity-onset diabetes of the young type 13	MODY, type 13	type
GARD:0016092	developmental and epileptic encephalopathy, 29	DEE29	dee
GARD:0016093	developmental and epileptic encephalopathy, 30	DEE30	dee
GARD:0016094	developmental and epileptic encephalopathy, 31A	DEE31A	dee
GARD:0016094	developmental and epileptic encephalopathy, 31A	DEE31A	a
GARD:0016094	developmental and epileptic encephalopathy, 31A	DEE31	dee
GARD:0016096	developmental and epileptic encephalopathy, 32	DEE32	dee
GARD:0016099	congenital stationary night blindness 1G	CSNB1G	g
GARD:0016106	developmental and epileptic encephalopathy, 33	DEE33	dee
GARD:0016121	Bethlem myopathy 2	myopathic EDS	myopathic
GARD:0016125	cone-rod dystrophy 21	CORD21	cord
GARD:0016129	achromatopsia 7	ATF6 achromatopsia	achromatopsia
GARD:0016141	immunodeficiency, common variable, 12	NFKB1 deficiency	deficiency
GARD:0016147	developmental and epileptic encephalopathy, 34	DEE34	dee
GARD:0016164	brachydactyly type A1D	BDA1D	d
GARD:0016168	immunodeficiency-centromeric instability-facial anomalies syndrome 3	ICF syndrome 3	syndrome
GARD:0016169	immunodeficiency-centromeric instability-facial anomalies syndrome 4	ICF syndrome 4	syndrome
GARD:0016173	spermatogenic failure 15	SYCE1 azoospermia	syce
GARD:0016173	spermatogenic failure 15	SYCE1 azoospermia	azoospermia
GARD:0016175	developmental and epileptic encephalopathy, 38	DEE38	dee
GARD:0016177	congenital stationary night blindness 1H	CSNB1H	h
GARD:0016178	pontocerebellar hypoplasia, type 2f	PCH2F	f
GARD:0016182	developmental and epileptic encephalopathy, 40	DEE40	dee
GARD:0016190	developmental and epileptic encephalopathy, 41	DEE41	dee
GARD:0016191	developmental and epileptic encephalopathy, 42	DEE42	dee
GARD:0016192	developmental and epileptic encephalopathy, 43	DEE43	dee
GARD:0016198	developmental and epileptic encephalopathy, 44	DEE44	dee
GARD:0016201	aniridia 3	aniridia 3; AN3	aniridia
GARD:0016201	aniridia 3	aniridia 3; AN3	an
GARD:0016203	developmental and epileptic encephalopathy, 45	DEE45	dee
GARD:0016205	developmental and epileptic encephalopathy, 46	DEE46	dee
GARD:0016206	developmental and epileptic encephalopathy, 47	DEE47	dee
GARD:0016211	amelogenesis imperfecta, hypomaturation type, iia6	AI2A6	ai
GARD:0016211	amelogenesis imperfecta, hypomaturation type, iia6	AI2A6	a
GARD:0016218	developmental and epileptic encephalopathy, 48	DEE48	dee
GARD:0016220	amelogenesis imperfecta, type 1J	AI1J	ai
GARD:0016220	amelogenesis imperfecta, type 1J	AI1J	j
GARD:0016223	developmental and epileptic encephalopathy, 52	DEE52	dee
GARD:0016224	developmental and epileptic encephalopathy, 53	DEE53	dee
GARD:0016225	developmental and epileptic encephalopathy, 54	DEE54	dee
GARD:0016241	developmental and epileptic encephalopathy, 55	DEE55	dee
GARD:0016256	ehlers-danlos syndrome, arthrochalasia type, 2	EDS 7B	b
GARD:0016258	developmental and epileptic encephalopathy 92	DEE92	dee
GARD:0016259	developmental and epileptic encephalopathy, 58	DEE58	dee
GARD:0016270	developmental and epileptic encephalopathy, 60	DEE60	dee
GARD:0016271	developmental and epileptic encephalopathy, 62	DEE62	dee
GARD:0016283	developmental and epileptic encephalopathy, 65	DEE65	dee
GARD:0016285	developmental and epileptic encephalopathy 93	DEE93	dee
GARD:0016289	pontocerebellar hypoplasia, type 1d	PCH1D	d
GARD:0016293	polydactyly, postaxial, type a8	PAPA8	papa
GARD:0016295	developmental and epileptic encephalopathy, 67	DEE67	dee
GARD:0016305	cardiomyopathy, dilated, 2c	CMD2C	c
GARD:0016310	developmental and epileptic encephalopathy, 68	DEE68	dee
GARD:0016336	developmental and epileptic encephalopathy, 70	DEE70	dee
GARD:0016349	developmental and epileptic encephalopathy, 74	DEE74	dee
GARD:0016351	arthrogryposis, distal, type 2b2	DA2B2	da
GARD:0016351	arthrogryposis, distal, type 2b2	DA2B2	b
GARD:0016352	developmental and epileptic encephalopathy, 75	DEE75	dee
GARD:0016355	developmental and epileptic encephalopathy, 76	DEE76	dee
GARD:0016363	developmental and epileptic encephalopathy, 77	DEE77	dee
GARD:0016364	night blindness, congenital stationary, type1i	CSNB1I	i
GARD:0016365	developmental and epileptic encephalopathy, 78	DEE78	dee
GARD:0016366	developmental and epileptic encephalopathy, 79	DEE79	dee
GARD:0016370	usher syndrome, type 1m	USH1M	ush
GARD:0016370	usher syndrome, type 1m	USH1M	m
GARD:0016382	juvenile arthritis due to defect in LACC1	JUVENILE ARTHRITIS	juvenile
GARD:0016382	juvenile arthritis due to defect in LACC1	JUVENILE ARTHRITIS	arthritis
GARD:0016391	developmental and epileptic encephalopathy, 86	DEE86	dee
GARD:0016393	developmental and epileptic encephalopathy, 87	DEE87	dee
GARD:0016398	developmental and epileptic encephalopathy, 88	DEE88	dee
GARD:0016403	coenzyme q10 deficiency, primary, 9	COQ10D9	d
GARD:0016421	arthrogryposis, distal, type 1c	DA1C	da
GARD:0016421	arthrogryposis, distal, type 1c	DA1C	c
GARD:0016422	coach syndrome 2	COACH2	coach
GARD:0016423	coach syndrome 3	COACH3	coach
GARD:0016424	developmental and epileptic encephalopathy 89	DEE89	dee
GARD:0016441	pontocerebellar hypoplasia, type 1e	PCH1E	e
GARD:0016442	pontocerebellar hypoplasia, type 1f	PCH1F	f
GARD:0016445	developmental and epileptic encephalopathy 96	DEE96	dee
GARD:0016449	cone dystrophy 4	COD4	cod
GARD:0016452	xeroderma pigmentosum group D	XP-D	d
GARD:0016453	lymphatic malformation 2	LMPH1B	b
GARD:0016456	lymphatic malformation 3	LMPH1C	c
GARD:0016459	intellectual disability, autosomal dominant 9	NESCAV syndrome	syndrome
GARD:0016468	lymphatic malformation 4	LMPH1D	d
GARD:0016484	iridogoniodysgenesis	IRID	irid
GARD:0016487	C3 glomerulonephritis	CFHR5 deficiency	deficiency
GARD:0016489	complement component 3 deficiency	C3 deficiency	c
GARD:0016489	complement component 3 deficiency	C3 deficiency	deficiency
GARD:0016507	Alzheimer disease 5	Alzheimer disease-5	disease
GARD:0016510	Alzheimer disease 7	Alzheimer disease-7	disease
GARD:0016511	Alzheimer disease 4	Alzheimer disease-4	disease
GARD:0016514	Alzheimer disease 10	ad10	ad
GARD:0016514	Alzheimer disease 10	Alzheimer disease-10	disease
GARD:0016515	Alzheimer disease 11	Alzheimer disease-11	disease
GARD:0016515	Alzheimer disease 11	ad11	ad
GARD:0016516	Alzheimer disease 12	ad12	ad
GARD:0016517	Alzheimer disease 13	AD13	ad
GARD:0016517	Alzheimer disease 13	Alzheimer disease-13	disease
GARD:0016518	Alzheimer disease 14	AD14	ad
GARD:0016518	Alzheimer disease 14	Alzheimer disease-14	disease
GARD:0016523	glycogen storage disease I	GSD type 1	type
GARD:0016524	focal facial dermal dysplasia type i	FFDD, type 1	type
GARD:0016526	Crigler-Najjar syndrome	UGT deficiency	deficiency
GARD:0016545	pseudohypoaldosteronism type 1	PHA1B	b
GARD:0016545	pseudohypoaldosteronism type 1	PHA type 1	type
GARD:0016550	Lown-Ganong-Levine syndrome	LGL syndrome	syndrome
GARD:0016556	sheldon-hall syndrome	DA2B	da
GARD:0016556	sheldon-hall syndrome	DA2B	b
GARD:0016561	mitochondrial complex V (ATP synthase) deficiency nuclear type 2	TMEM70 defect	defect
GARD:0016570	chromosome 13q14 deletion syndrome	del(13q14)	del
GARD:0016570	chromosome 13q14 deletion syndrome	del(13q14)	q
GARD:0016570	chromosome 13q14 deletion syndrome	monosomy 13q14	q
GARD:0016570	chromosome 13q14 deletion syndrome	deletion 13q14	deletion
GARD:0016570	chromosome 13q14 deletion syndrome	deletion 13q14	q
GARD:0016570	chromosome 13q14 deletion syndrome	Del(13)(q14)	del
GARD:0016570	chromosome 13q14 deletion syndrome	Del(13)(q14)	q
GARD:0016571	distal monosomy 13q	deletion 13q32	deletion
GARD:0016571	distal monosomy 13q	deletion 13q32	q
GARD:0016571	distal monosomy 13q	monosomy 13q32	q
GARD:0016571	distal monosomy 13q	13q32 deletion	q
GARD:0016571	distal monosomy 13q	13q32 deletion	deletion
GARD:0016572	chromosome 15q26-qter deletion syndrome	monosomy 15q26	q
GARD:0016573	chromosome 3q13.31 deletion syndrome	monosomy 3q13	q
GARD:0016573	chromosome 3q13.31 deletion syndrome	Del(3)(q13)	del
GARD:0016573	chromosome 3q13.31 deletion syndrome	Del(3)(q13)	q
GARD:0016585	46,XX ovotesticular disorder of sex development	ovotesticular DSD	ovotesticular
GARD:0016605	nonimmune chronic idiopathic neutropenia of adults	NI-CINA	ni
GARD:0016606	oculo-palato-cerebral syndrome	OPC dwarfism	dwarfism
GARD:0016613	phosphoenolpyruvate carboxykinase deficiency	PEPCK deficiency	deficiency
GARD:0016618	blepharophimosis - intellectual disability syndrome, SBBYS type	SBBYSS syndrome	syndrome
GARD:0016621	alpha-n-acetylgalactosaminidase deficiency	NAGA deficiency	naga
GARD:0016621	alpha-n-acetylgalactosaminidase deficiency	NAGA deficiency	deficiency
GARD:0016629	neurohypophyseal diabetes insipidus	AVP deficiency	deficiency
GARD:0016629	neurohypophyseal diabetes insipidus	ADH deficiency	deficiency
GARD:0016629	neurohypophyseal diabetes insipidus	hereditary CDI	hereditary
GARD:0016635	hemolytic anemia due to pyrimidine 5' nucleotidase deficiency	umph1 deficiency	umph
GARD:0016635	hemolytic anemia due to pyrimidine 5' nucleotidase deficiency	umph1 deficiency	deficiency
GARD:0016638	aldh18a1-related de barsy syndrome	ARCL3A	a
GARD:0016643	hereditary myopathy with lactic acidosis due to iscu deficiency	ISCU myopathy	myopathy
GARD:0016644	proximal renal tubular acidosis	Type 2 RTA	type
GARD:0016669	beta-ureidopropionase deficiency	UPB1D	d
GARD:0016686	split hand-foot malformation 1 with sensorineural hearing loss	SHFM1D	d
GARD:0016687	radio-ulnar synostosis-amegakaryocytic thrombocytopenia syndrome	ATRUS syndrome	syndrome
GARD:0016689	obesity due to prohormone convertase i deficiency	PCI deficiency	deficiency
GARD:0016689	obesity due to prohormone convertase i deficiency	PCSK1 Deficiency	deficiency
GARD:0016711	glycogen storage disease ixb	GSD9B	b
GARD:0016720	recessive dystrophic epidermolysis bullosa inversa	inverse RDEB	inverse
GARD:0016720	recessive dystrophic epidermolysis bullosa inversa	RDEB-I	i
GARD:0016721	oculocutaneous albinism type 1a	OCA1A	a
GARD:0016723	maculopapular cutaneous mastocytosis	UP/MPCM	up
GARD:0016724	cholesterol-ester transfer protein deficiency	CEPT deficiency	deficiency
GARD:0016724	cholesterol-ester transfer protein deficiency	CETP deficiency	deficiency
GARD:0016737	craniometadiaphyseal dysplasia, wormian bone type	CRANIOMETADIAPHYSEAL dysplasia	dysplasia
GARD:0016746	BRESEK syndrome	BRESHECK syndrome	syndrome
GARD:0016758	benign adult familial myoclonic epilepsy	FAME	fame
GARD:0016761	Alport syndrome-intellectual disability-midface hypoplasia-elliptocytosis syndrome	AMME syndrome	syndrome
GARD:0016761	Alport syndrome-intellectual disability-midface hypoplasia-elliptocytosis syndrome	AMME complex	complex
GARD:0016761	Alport syndrome-intellectual disability-midface hypoplasia-elliptocytosis syndrome	ats-mr	mr
GARD:0016764	myeloproliferative neoplasm, unclassifiable	MPN, U	u
GARD:0016764	myeloproliferative neoplasm, unclassifiable	CMPD, U	u
GARD:0016764	myeloproliferative neoplasm, unclassifiable	CMPD-U	u
GARD:0016764	myeloproliferative neoplasm, unclassifiable	MPN-U	u
GARD:0016772	autosomal dominant progressive nephropathy with hypertension	nephropathy-hypertension	nephropathy
GARD:0016772	autosomal dominant progressive nephropathy with hypertension	nephropathy-hypertension	hypertension
GARD:0016775	pseudohypoaldosteronism type 2a	PHA2A	a
GARD:0016776	pseudohypoaldosteronism type 2b	PHA2B	b
GARD:0016777	pseudohypoaldosteronism type 2c	PHA2C	c
GARD:0016779	dystrophic epidermolysis bullosa pruriginosa	DEB-Pr	deb
GARD:0016780	norman-roberts syndrome	LIS2	lis
GARD:0016793	hypothyroidism due to tsh receptor mutations	TSH resistance	resistance
GARD:0016806	fragile x-associated tremor/ataxia syndrome	FXTAS syndrome	syndrome
GARD:0016817	postaxial polydactyly type a	PAPA	papa
GARD:0016826	autosomal recessive proximal renal tubular acidosis	AR pRTA	ar
GARD:0016838	lissencephaly due to lis1 mutation	LIS1	lis
GARD:0016845	chromosome 6pter-p24 deletion syndrome	monosomy 6p25	p
GARD:0016847	monosomy 13q34	Del(13)(q34)	del
GARD:0016847	monosomy 13q34	Del(13)(q34)	q
GARD:0016848	maternal uniparental disomy of chromosome 14	UPD(14)mat	mat
GARD:0016849	maternal uniparental disomy of chromosome 20	UPD(20)mat	mat
GARD:0016849	maternal uniparental disomy of chromosome 20	maternal UPD(20)	maternal
GARD:0016861	Prader-Willi syndrome due to maternal uniparental disomy of chromosome 15	UPD(15)mat	mat
GARD:0016862	alpha thalassemia-intellectual disability syndrome type 1	atr-16 syndrome	syndrome
GARD:0016864	desquamative interstitial pneumonia	ILD, desquamative	desquamative
GARD:0016871	myofibrillar myopathy 3	LGMD1A	a
GARD:0016901	familial medullary thyroid carcinoma	familial MTC	familial
GARD:0016915	leukocyte adhesion deficiency 3	LAD1V	lad
GARD:0016915	leukocyte adhesion deficiency 3	LAD1V	v
GARD:0016915	leukocyte adhesion deficiency 3	LAD3	lad
GARD:0016915	leukocyte adhesion deficiency 3	lad-1 variant	lad
GARD:0016915	leukocyte adhesion deficiency 3	lad-1 variant	variant
GARD:0016915	leukocyte adhesion deficiency 3	lad-III	lad
GARD:0016915	leukocyte adhesion deficiency 3	LAD1 variant	lad
GARD:0016915	leukocyte adhesion deficiency 3	LAD1 variant	variant
GARD:0016920	precursor b-cell acute lymphoblastic leukemia	B-ALL	b
GARD:0016920	precursor b-cell acute lymphoblastic leukemia	B-ALL	all
GARD:0016925	Charcot-Marie-Tooth disease type 2A2	HMSN2A2	a
GARD:0016925	Charcot-Marie-Tooth disease type 2A2	CMT2A2	a
GARD:0016926	atypical teratoid rhabdoid tumor	AT/RT	at
GARD:0016928	complex regional pain syndrome type 1	CRPS I	i
GARD:0016929	abeta amyloidosis, dutch type	HCHWA-D	d
GARD:0016930	ACys amyloidosis	amyloidosis VI	amyloidosis
GARD:0016933	hereditary angioedema type 1	HAE-I	i
GARD:0016937	porphyria due to ala dehydratase deficiency	porphyria, ALAD	porphyria
GARD:0016937	porphyria due to ala dehydratase deficiency	ALAD deficiency	deficiency
GARD:0016948	leukoencephalopathy-ataxia-hypodontia-hypomyelination syndrome	4H syndrome	h
GARD:0016948	leukoencephalopathy-ataxia-hypodontia-hypomyelination syndrome	4H syndrome	syndrome
GARD:0016952	17q11.2 microduplication syndrome	dup(17)(q11.2)	dup
GARD:0016952	17q11.2 microduplication syndrome	dup(17)(q11.2)	q
GARD:0016952	17q11.2 microduplication syndrome	trisomy 17q11.2	trisomy
GARD:0016952	17q11.2 microduplication syndrome	trisomy 17q11.2	q
GARD:0016958	hereditary sensory and autonomic neuropathy type 1b	HSAN1B	b
GARD:0016991	epidermolysis bullosa simplex 5c, with pyloric atresia	EBS-PA	pa
GARD:0016997	cortical dysplasia-focal epilepsy syndrome	CDFE syndrome	syndrome
GARD:0016999	2p21 microdeletion syndrome	Del(2)(p21)	del
GARD:0016999	2p21 microdeletion syndrome	Del(2)(p21)	p
GARD:0016999	2p21 microdeletion syndrome	monosomy 2p21	p
GARD:0017004	PCWH syndrome	WS4 plus	plus
GARD:0017010	developmental and epileptic encephalopathy, 8	DEE8	dee
GARD:0017019	von Willebrand disease 1	VWD, type 1	type
GARD:0017019	von Willebrand disease 1	VWD type 1	type
GARD:0017020	von Willebrand disease 2	VWD type 2	type
GARD:0017020	von Willebrand disease 2	VWD, type 2	type
GARD:0017025	von Willebrand disease 3	VWD type 3	type
GARD:0017025	von Willebrand disease 3	VWD, type 3	type
GARD:0017045	Cernunnos-XLF deficiency	NHEJ1 deficiency	deficiency
GARD:0017045	Cernunnos-XLF deficiency	Nhej1 syndrome	syndrome
GARD:0017046	combined immunodeficiency due to cd3gamma deficiency	CD3 deficiency	deficiency
GARD:0017049	immunodeficiency due to cd25 deficiency	CD25 deficiency	deficiency
GARD:0017051	T-B+ severe combined immunodeficiency due to IL-7Ralpha deficiency	IL-7R	r
GARD:0017052	T-B+ severe combined immunodeficiency due to CD45 deficiency	CD45 deficiency	deficiency
GARD:0017054	primary cd59 deficiency	CD59 deficiency	deficiency
GARD:0017066	lissencephaly due to tuba1a mutation	LIS3	lis
GARD:0017083	obesity due to leptin receptor gene deficiency	LEPR Deficiency	deficiency
GARD:0017094	endocrine-cerebro-osteodysplasia syndrome	endocrine-CEREBROOSTEODYSPLASIA	endocrine
GARD:0017094	endocrine-cerebro-osteodysplasia syndrome	ECO syndrome	syndrome
GARD:0017118	mucopolysaccharidosis type 2, severe form	MPS2A	a
GARD:0017119	mucopolysaccharidosis type 2, attenuated form	MPS2B	b
GARD:0017120	RIN2 syndrome	RIN2 deficiency	deficiency
GARD:0017120	RIN2 syndrome	MACS syndrome	syndrome
GARD:0017121	chromosome 17q21.31 duplication syndrome	trisomy 17q21.31	trisomy
GARD:0017121	chromosome 17q21.31 duplication syndrome	trisomy 17q21.31	q
GARD:0017121	chromosome 17q21.31 duplication syndrome	dup(17)(q21.31)	dup
GARD:0017121	chromosome 17q21.31 duplication syndrome	dup(17)(q21.31)	q
GARD:0017122	chromosome 17p13.3 duplication syndrome	trisomy 17p13.3	trisomy
GARD:0017122	chromosome 17p13.3 duplication syndrome	trisomy 17p13.3	p
GARD:0017122	chromosome 17p13.3 duplication syndrome	dup(17)(p13.3)	dup
GARD:0017122	chromosome 17p13.3 duplication syndrome	dup(17)(p13.3)	p
GARD:0017128	dilated cardiomyopathy 1J	CMD1J	j
GARD:0017140	cutis laxa with severe pulmonary, gastrointestinal and urinary anomalies	ARCL1C	c
GARD:0017141	familial infantile bilateral striatal necrosis	familial IBSN	familial
GARD:0017147	autosomal dominant charcot-marie-tooth disease type 2m	CMT2M	m
GARD:0017152	neuronal ceroid lipofuscinosis 8	CLN8 disease	disease
GARD:0017175	atypical hypotonia-cystinuria syndrome	atypical HCS	atypical
GARD:0017179	isolated thyrotropin-releasing hormone deficiency	TRH deficiency	deficiency
GARD:0017180	mammary-digital-nail syndrome	MDN syndrome	syndrome
GARD:0017181	chromosome 4q21 deletion syndrome	monosomy 4q21	q
GARD:0017181	chromosome 4q21 deletion syndrome	Del(4)(q21)	del
GARD:0017181	chromosome 4q21 deletion syndrome	Del(4)(q21)	q
GARD:0017183	progressive supranuclear palsy-parkinsonism syndrome	PSP-p	p
GARD:0017183	progressive supranuclear palsy-parkinsonism syndrome	atypical PSP	atypical
GARD:0017183	progressive supranuclear palsy-parkinsonism syndrome	PSP-parkinsonism	parkinsonism
GARD:0017184	Nijmegen breakage syndrome-like disorder	rad50 deficiency	rad
GARD:0017184	Nijmegen breakage syndrome-like disorder	rad50 deficiency	deficiency
GARD:0017195	mullerian aplasia and hyperandrogenism	wnt4 deficiency	deficiency
GARD:0017204	2q33.1 microdeletion syndrome	Del(2)(q33.1)	del
GARD:0017204	2q33.1 microdeletion syndrome	Del(2)(q33.1)	q
GARD:0017204	2q33.1 microdeletion syndrome	monosomy 2q33.1	q
GARD:0017212	distal arthrogryposis type 10	DA10	da
GARD:0017230	deafness-encephaloneuropathy-obesity-valvulopathy syndrome	COQ10D2	d
GARD:0017241	chromosome 14q11-q22 deletion syndrome	Del(14)(q11.2)	del
GARD:0017241	chromosome 14q11-q22 deletion syndrome	Del(14)(q11.2)	q
GARD:0017241	chromosome 14q11-q22 deletion syndrome	monosomy 14q11.2	q
GARD:0017242	15q14 microdeletion syndrome	monosomy 15q14	q
GARD:0017242	15q14 microdeletion syndrome	Del(15)(q14)	del
GARD:0017242	15q14 microdeletion syndrome	Del(15)(q14)	q
GARD:0017254	glycogen storage disease xv	GSD type 15	type
GARD:0017254	glycogen storage disease xv	Gyg1 deficiency	deficiency
GARD:0017257	acute necrotizing encephalopathy of childhood	isolated ANE	isolated
GARD:0017262	autoimmune lymphoproliferative syndrome type 4	ALPS type 4	type
GARD:0017263	classic maple syrup urine disease	classic MSUD	classic
GARD:0017264	intermediate maple syrup urine disease	Intermediate MSUD	intermediate
GARD:0017265	intermittent maple syrup urine disease	intermittent MSUD	intermittent
GARD:0017275	multiple endocrine neoplasia type 4	MEN4	men
GARD:0017278	goiter, multinodular 1, with or without sertoli-leydig cell tumors	familial MNG	familial
GARD:0017281	Ogden syndrome	NAT1 deficiency	nat
GARD:0017281	Ogden syndrome	NAT1 deficiency	deficiency
GARD:0017290	microform holoprosencephaly	holoprosencephaly-like	like
GARD:0017290	microform holoprosencephaly	HPE-L	l
GARD:0017291	Pelizaeus-Merzbacher disease, connatal form	severe PMD	severe
GARD:0017291	Pelizaeus-Merzbacher disease, connatal form	connatal PMD	connatal
GARD:0017294	hypomyelinating leukodystrophy 4	mitchap60 disease	disease
GARD:0017295	familial steroid-resistant nephrotic syndrome with sensorineural deafness	COQ10D6	d
GARD:0017299	occipital pachygyria and polymicrogyria	occipital MCD	occipital
GARD:0017302	syndromic recessive x-linked ichthyosis	syndromic RXLI	syndromic
GARD:0017310	chromosome 8q21.11 deletion syndrome	Del(8)(q21.11)	del
GARD:0017310	chromosome 8q21.11 deletion syndrome	Del(8)(q21.11)	q
GARD:0017310	chromosome 8q21.11 deletion syndrome	deletion 8q21.11	deletion
GARD:0017310	chromosome 8q21.11 deletion syndrome	deletion 8q21.11	q
GARD:0017310	chromosome 8q21.11 deletion syndrome	monosomy 8q21.11	q
GARD:0017312	autosomal recessive spinocerebellar ataxia 11	SCAR11	scar
GARD:0017313	autosomal recessive spinocerebellar ataxia 12	SCAR12	scar
GARD:0017314	autosomal recessive spinocerebellar ataxia 10	SCAR10	scar
GARD:0017319	vitamin D-dependent rickets, type 1	VDDR-I	i
GARD:0017321	adenosine kinase deficiency	ADK deficiency	deficiency
GARD:0017322	methylmalonate semialdehyde dehydrogenase deficiency	MMSDH deficiency	deficiency
GARD:0017323	familial vesicoureteral reflux	familial VUR	familial
GARD:0017328	dysmorphism-conductive hearing loss-heart defect syndrome	TYSHCHENKO syndrome	syndrome
GARD:0017332	neonatal glycine encephalopathy	neonatal NKH	neonatal
GARD:0017333	infantile glycine encephalopathy	infantile NKH	infantile
GARD:0017334	atypical glycine encephalopathy	atypical NKA	atypical
GARD:0017340	pycr1-related de barsy syndrome	PYCR1 deficiency	deficiency
GARD:0017340	pycr1-related de barsy syndrome	ARCL3B	b
GARD:0017344	congenital dyserythropoietic anemia type 4	CDA, type 4	type
GARD:0017344	congenital dyserythropoietic anemia type 4	CDA type 4	type
GARD:0017349	edict syndrome	EDICT	edict
GARD:0017357	zygodactyly type 1	SD1a	a
GARD:0017358	synpolydactyly type 1	SD2a	a
GARD:0017359	synpolydactyly type 2	SD2b	b
GARD:0017360	synpolydactyly type 3	SD2c	c
GARD:0017362	bone fragility with contractures, arterial rupture, and deafness	LH3 deficiency	deficiency
GARD:0017368	autosomal systemic lupus erythematosus type 16	SLEB16	sleb
GARD:0017368	autosomal systemic lupus erythematosus type 16	autosomal SLE	autosomal
GARD:0017368	autosomal systemic lupus erythematosus type 16	familial SLE	familial
GARD:0017372	pseudohypoaldosteronism type 2d	PHA2D	d
GARD:0017373	pseudohypoaldosteronism type 2e	PHA2E	e
GARD:0017390	methylmalonic acidemia due to methylmalonyl-coa epimerase deficiency	MCEE deficiency	deficiency
GARD:0017401	pancreatic triacylglycerol lipase deficiency	PL deficiency	deficiency
GARD:0017411	retinal dystrophy, optic nerve edema, splenomegaly, anhidrosis, and migraine headache syndrome	ROSAH syndrome	syndrome
GARD:0017414	12p12.1 microdeletion syndrome	Del(12)(p12.1)	del
GARD:0017414	12p12.1 microdeletion syndrome	Del(12)(p12.1)	p
GARD:0017414	12p12.1 microdeletion syndrome	monosomy 12p12.1	p
GARD:0017424	distal tetrasomy 15q	tetrasomy 15q26	tetrasomy
GARD:0017424	distal tetrasomy 15q	tetrasomy 15q26	q
GARD:0017426	neuronal ceroid lipofuscinosis 11	CLN11 disease	disease
GARD:0017427	parkinsonism due to ATP13A2 deficiency	CLN12 disease	disease
GARD:0017430	combined immunodeficiency due to stk4 deficiency	STK4 deficiency	deficiency
GARD:0017430	combined immunodeficiency due to stk4 deficiency	MST1 deficiency	deficiency
GARD:0017449	Fanconi anemia complementation group D1	fad1	fad
GARD:0017450	inherited acute myeloid leukemia	familial AML	familial
GARD:0017461	autosomal dominant mendelian susceptibility to mycobacterial diseases due to partial ifngammar1 deficiency	immunodeficiency 27B	b
GARD:0017461	autosomal dominant mendelian susceptibility to mycobacterial diseases due to partial ifngammar1 deficiency	IMD27B	b
GARD:0017462	Mendelian susceptibility to mycobacterial diseases due to partial STAT1 deficiency	IMD31A	a
GARD:0017462	Mendelian susceptibility to mycobacterial diseases due to partial STAT1 deficiency	immunodeficiency 31A	a
GARD:0017463	Mendelian susceptibility to mycobacterial diseases due to partial IRF8 deficiency	IMD32A	a
GARD:0017463	Mendelian susceptibility to mycobacterial diseases due to partial IRF8 deficiency	immunodeficiency 32A	a
GARD:0017470	encephalopathy-hypertrophic cardiomyopathy-renal tubular disease syndrome	COQ10D5	d
GARD:0017479	spastic paraplegia, optic atropy, and neuropathy	SPOAN syndrome	syndrome
GARD:0017481	autosomal recessive spinocerebellar ataxia 13	SCAR13	scar
GARD:0017505	chromosome 5p13 duplication syndrome	trisomy 5p13	trisomy
GARD:0017505	chromosome 5p13 duplication syndrome	trisomy 5p13	p
GARD:0017505	chromosome 5p13 duplication syndrome	dup(5)(p13)	dup
GARD:0017505	chromosome 5p13 duplication syndrome	dup(5)(p13)	p
GARD:0017507	non-immunoglobulin-mediated membranoproliferative glomerulonephritis	C3 glomerulopathy	c
GARD:0017512	immunodeficiency due to masp-2 deficiency	MASP2 deficiency	deficiency
GARD:0017513	immunodeficiency due to ficolin3 deficiency	Fcn3 deficiency	deficiency
GARD:0017514	immunodeficiency 35	TYK2 deficiency	deficiency
GARD:0017516	autosomal recessive spinocerebellar ataxia 14	SCAR14	scar
GARD:0017519	autosomal recessive limb-girdle muscular dystrophy type 2u	LGMD2U	u
GARD:0017520	autism spectrum disorder due to auts2 deficiency	AUTS2 syndrome	syndrome
GARD:0017526	cobblestone lissencephaly without muscular or ocular involvement	LIS5	lis
GARD:0017527	neuronal ceroid lipofuscinosis 13	CLN13 disease	disease
GARD:0017532	developmental and epileptic encephalopathy, 39	AGC1 deficiency	deficiency
GARD:0017532	developmental and epileptic encephalopathy, 39	DEE39	dee
GARD:0017542	chromosome 19p13.13 deletion syndrome	Del(19)(p13.13)	del
GARD:0017542	chromosome 19p13.13 deletion syndrome	Del(19)(p13.13)	p
GARD:0017542	chromosome 19p13.13 deletion syndrome	monosomy 19p13.13	p
GARD:0017546	autosomal recessive cutis laxa type 2, classic type	ARCL2A	a
GARD:0017549	severe combined immunodeficiency due to CARD11 deficiency	CARD11 immunodeficiency	card
GARD:0017549	severe combined immunodeficiency due to CARD11 deficiency	IMD11A	a
GARD:0017549	severe combined immunodeficiency due to CARD11 deficiency	immunodeficiency 11A	a
GARD:0017555	multiple mitochondrial dysfunctions syndrome 3	IBA57 deficiency	iba
GARD:0017555	multiple mitochondrial dysfunctions syndrome 3	IBA57 deficiency	deficiency
GARD:0017557	autosomal recessive spinocerebellar ataxia 18	SCAR18	scar
GARD:0017562	hypohidrosis-enamel hypoplasia-palmoplantar keratoderma-intellectual disability syndrome	SHAHEEN syndrome	syndrome
GARD:0017576	Koolen-de Vries syndrome due to 17q21.31 microdeletion syndrome	Del(17)(q21.31)	del
GARD:0017576	Koolen-de Vries syndrome due to 17q21.31 microdeletion syndrome	Del(17)(q21.31)	q
GARD:0017576	Koolen-de Vries syndrome due to 17q21.31 microdeletion syndrome	monosomy 17q21.31	q
GARD:0017578	Charcot-Marie-Tooth disease type 4B3	CMT4B3	b
GARD:0017584	multiple congenital anomalies-hypotonia-seizures syndrome 3	MCAHS type 3	type
GARD:0017585	congenital neutropenia-myelofibrosis-nephromegaly syndrome	vps45 deficiency	deficiency
GARD:0017586	congenital sideroblastic anemia-b-cell immunodeficiency-periodic fever-developmental delay syndrome	SIFD syndrome	syndrome
GARD:0017593	microcornea-myopic chorioretinal atrophy	MMCAT syndrome	syndrome
GARD:0017601	peripheral primitive neuroectodermal tumor	peripheral PNET	peripheral
GARD:0017602	STT3A-congenital disorder of glycosylation	CDG1W	w
GARD:0017603	STT3B-congenital disorder of glycosylation	CDG1X	x
GARD:0017606	congenital muscular dystrophy with intellectual disability	CMD-MR	mr
GARD:0017609	hypotonia, infantile, with psychomotor retardation and characteristic facies	IHPRF syndrome	syndrome
GARD:0017610	multicentric osteolysis-nodulosis-arthropathy spectrum	MONA spectrum	mona
GARD:0017610	multicentric osteolysis-nodulosis-arthropathy spectrum	MONA spectrum	spectrum
GARD:0017612	immunodeficiency 31b	IMD31B	b
GARD:0017612	immunodeficiency 31b	STAT1 deficiency	deficiency
GARD:0017616	Charcot-Marie-Tooth disease type 4K	CMT4K	k
GARD:0017624	Feingold syndrome type 1	MMT type 1	type
GARD:0017625	Feingold syndrome type 2	MMT type 2	type
GARD:0017632	foveal hypoplasia - optic nerve decussation defect - anterior segment dysgenesis syndrome	FHONDA syndrome	syndrome
GARD:0017633	short stature-auditory canal atresia-mandibular hypoplasia-skeletal anomalies syndrome	SAMS syndrome	syndrome
GARD:0017636	autosomal recessive spinocerebellar ataxia 20	SCAR20	scar
GARD:0017638	Charcot-Marie-Tooth disease axonal type 2U	CMT2U	u
GARD:0017641	severe combined immunodeficiency due to IKK2 deficiency	immunodeficiency 15B	b
GARD:0017661	multiple mitochondrial dysfunctions syndrome 1	NFU1 deficiency	deficiency
GARD:0017662	multiple mitochondrial dysfunctions syndrome 2	BOLA3 deficiency	bola
GARD:0017662	multiple mitochondrial dysfunctions syndrome 2	BOLA3 deficiency	deficiency
GARD:0017666	mend syndrome	MEND	mend
GARD:0017670	familial bicuspid aortic valve	familial BAV	familial
GARD:0017676	global developmental delay - lung cysts - overgrowth - Wilms tumor syndrome	GLOW	glow
GARD:0017677	spinocerebellar ataxia, autosomal recessive 23	SCAR23	scar
GARD:0017678	autosomal recessive spinocerebellar ataxia 15	SCAR15	scar
GARD:0017684	late-onset Parkinson disease	PARK	park
GARD:0017688	facial dysmorphism-lens dislocation-anterior segment abnormalities-spontaneous filtering blebs syndrome	FDLAB syndrome	syndrome
GARD:0017689	autosomal recessive spinocerebellar ataxia 16	SCAR16	scar
GARD:0017701	riddle syndrome	RNF168 deficiency	deficiency
GARD:0017704	mucolipidosis type III, alpha/beta	mucolipidosis 3A	a
GARD:0017704	mucolipidosis type III, alpha/beta	ML 3 A	a
GARD:0017705	GNPTG-mucolipidosis	ML 3 gamma	gamma
GARD:0017705	GNPTG-mucolipidosis	mucolipidosis 3C	c
GARD:0017705	GNPTG-mucolipidosis	ML 3C	c
GARD:0017706	progressive myoclonic epilepsy type 8	PME type 8	type
GARD:0017708	autosomal recessive limb-girdle muscular dystrophy type 2y	LGMD2Y	y
GARD:0017710	combined immunodeficiency due to ox40 deficiency	OX40 deficiency	ox
GARD:0017710	combined immunodeficiency due to ox40 deficiency	OX40 deficiency	deficiency
GARD:0017714	Charcot-Marie-Tooth disease type 2Y	CMT2Y	y
GARD:0017715	progressive myoclonic epilepsy type 7	PME type 7	type
GARD:0017720	congenital disorder of glycosylation, type iiq	CDG2Q	q
GARD:0017720	congenital disorder of glycosylation, type iiq	COG2-CDG	cog
GARD:0017732	autosomal recessive primary immunodeficiency with defective spontaneous natural killer cell cytotoxicity	CD16 deficiency	deficiency
GARD:0017733	ketoacidosis due to monocarboxylate transporter-1 deficiency	MCT1D	d
GARD:0017749	sporadic porphyria cutanea tarda	PCT, type 1	type
GARD:0017750	familial porphyria cutanea tarda	PCT, type 2	type
GARD:0017751	Charcot-Marie-Tooth disease axonal type 2S	CMT2S	s
GARD:0017754	classic stiff person syndrome	classic SPS	classic
GARD:0017766	autoimmune hemolytic anemia-autoimmune thrombocytopenia-primary immunodeficiency syndrome	TPPII deficiency	deficiency
GARD:0017770	autosomal recessive complex spastic paraplegia type 9B	SPG9B	b
GARD:0017774	tremor-ataxia-central hypomyelination syndrome	TACH syndrome	tach
GARD:0017774	tremor-ataxia-central hypomyelination syndrome	TACH syndrome	syndrome
GARD:0017777	Charcot-Marie-Tooth disease axonal type 2V	CMT2V	v
GARD:0017780	lichtenstein-knorr syndrome	SCAR19	scar
GARD:0017786	autosomal recessive spinocerebellar ataxia 17	SCAR17	scar
GARD:0017788	acquired creutzfeldt-jakob disease	sporadic CJD	sporadic
GARD:0017788	acquired creutzfeldt-jakob disease	acquired CJD	acquired
GARD:0017795	predisposition to invasive fungal disease due to card9 deficiency	CARD9 deficiency	card
GARD:0017795	predisposition to invasive fungal disease due to card9 deficiency	CARD9 deficiency	deficiency
GARD:0017795	predisposition to invasive fungal disease due to card9 deficiency	CARD9 immunodeficiency	card
GARD:0017796	neonatal encephalomyopathy-cardiomyopathy-respiratory distress syndrome	COQ10D7	d
GARD:0017801	progressive myoclonic epilepsy type 9	PME type 9	type
GARD:0017806	developmental and epileptic encephalopathy, 35	DEE35	dee
GARD:0017816	spastic paraplegia-severe developmental delay-epilepsy syndrome	SPPRS syndrome	syndrome
GARD:0017822	familial cavitary optic disk anomaly	familial CODA	familial
GARD:0017822	familial cavitary optic disk anomaly	familial CODA	coda
GARD:0017822	familial cavitary optic disk anomaly	CODA	coda
GARD:0017825	TMEM199-CDG	CDG2P	p
GARD:0017829	Charcot-Marie-Tooth disease axonal type 2Z	CMT2Z	z
GARD:0017830	Charcot-Marie-Tooth disease axonal type 2X	CMT2X	x
GARD:0017830	Charcot-Marie-Tooth disease axonal type 2X	ARCMT2X	x
GARD:0017833	acute infantile liver failure-cerebellar ataxia-peripheral sensory motor neuropathy syndrome	SCAR21	scar
GARD:0017834	autosomal recessive limb-girdle muscular dystrophy type 2W	LGMD2W	w
GARD:0017836	seizures-scoliosis-macrocephaly syndrome	SSM syndrome	syndrome
GARD:0017843	isolated anhidrosis with normal sweat glands	ITPR2 anhidrosis	anhidrosis
GARD:0017844	colobomatous macrophthalmia-microcornea syndrome	MACOM syndrome	syndrome
GARD:0017845	CCDC115-CDG	CDG2O	o
GARD:0017846	SLC39A8-CDG	CDG2N	n
GARD:0017847	autosomal recessive limb-girdle muscular dystrophy type 2X	LGMD2X	x
GARD:0017851	charcot-marie-tooth disease, demyelinating, type 1g	CMT1G	g
GARD:0017852	IL21-related infantile inflammatory bowel disease	IL21 deficiency	deficiency
GARD:0017853	glutamate pyruvate transaminase 2 deficiency	gpt2 deficiency	deficiency
GARD:0017869	autosomal recessive limb-girdle muscular dystrophy type 2R1	LGMD2Z	z
GARD:0017875	pseudo-torch syndrome 2	USP18 deficiency	deficiency
GARD:0017890	14q32 duplication syndrome	trisomy 14q32	trisomy
GARD:0017890	14q32 duplication syndrome	trisomy 14q32	q
GARD:0017891	autosomal dominant charcot-marie-tooth disease type 2w	CMT2W	w
GARD:0017894	transketolase deficiency	TKT deficiency	deficiency
GARD:0017909	Charcot-Marie-Tooth disease type 2T	CMT2T	t
GARD:0017920	Hao-Fountain syndrome due to 16p13.2 microdeletion	Del(16)(p13.2)	del
GARD:0017920	Hao-Fountain syndrome due to 16p13.2 microdeletion	Del(16)(p13.2)	p
GARD:0017920	Hao-Fountain syndrome due to 16p13.2 microdeletion	monosomy 16p13.2	p
GARD:0017922	multinucleated neurons-anhydramnios-renal dysplasia-cerebellar hypoplasia-hydranencephaly syndrome	MARCH	march
GARD:0017922	multinucleated neurons-anhydramnios-renal dysplasia-cerebellar hypoplasia-hydranencephaly syndrome	MARCH syndrome	march
GARD:0017922	multinucleated neurons-anhydramnios-renal dysplasia-cerebellar hypoplasia-hydranencephaly syndrome	MARCH syndrome	syndrome
GARD:0017937	cerebellar ataxia with neuropathy and bilateral vestibular areflexia syndrome	CABV syndrome	syndrome
GARD:0017937	cerebellar ataxia with neuropathy and bilateral vestibular areflexia syndrome	CANVAS	canvas
GARD:0017967	helix syndrome	HELIX	helix
GARD:0017979	lymphoproliferative syndrome 1	ITK deficiency	deficiency
GARD:0017983	auditory neuropathy-optic atrophy syndrome	ANOA	anoa
GARD:0017988	developmental and epileptic encephalopathy, 73	DEE73	dee
GARD:0017994	developmental and epileptic encephalopathy, 71	DEE71	dee
GARD:0017995	heme oxygenase 1 deficiency	HMOX1D	d
GARD:0018003	nephrotic syndrome, type 24	idiopathic SRNS	idiopathic
GARD:0018004	multiple mitochondrial dysfunctions syndrome 6	PMPCB deficiency	deficiency
GARD:0018007	lissencephaly 9 with complex brainstem malformation	LIS9	lis
GARD:0018008	blepharophimosis-ptosis-epicanthus inversus syndrome type 1	BPES type 1	type
GARD:0018012	neurodevelopmental disorder, mitochondrial, with abnormal movements and lactic acidosis, with or without seizures	WARS2 deficiency	deficiency
GARD:0018020	cerebellar hypoplasia-intellectual disability-congenital microcephaly-dystonia-anemia-growth retardation syndrome	CIMDAG syndrome	syndrome
GARD:0018021	coloboma, osteopetrosis, microphthalmia, macrocephaly, albinism, and deafness	COMMAD syndrome	syndrome
GARD:0018024	oculogastrointestinal-neurodevelopmental syndrome	OGIN Syndrome	syndrome
GARD:0018025	spondyloepiphyseal dysplasia, sensorineural hearing loss, impaired intellectual development, and leber congenital amaurosis	SHILCA syndrome	syndrome
GARD:0018082	epilepsy, familial adult myoclonic, 1	FAME1	fame
GARD:0018083	epilepsy, familial adult myoclonic, 2	FAME2	fame
GARD:0018084	epilepsy, familial adult myoclonic, 3	FAME3	fame
GARD:0018085	epilepsy, familial adult myoclonic, 4	FAME4	fame
GARD:0018086	epilepsy, familial adult myoclonic, 5	FAME5	fame
GARD:0018091	neuropathy, hereditary motor and sensory, type 6A	HMSN 6A	a
GARD:0018091	neuropathy, hereditary motor and sensory, type 6A	HMSN6A	a
GARD:0018092	neuropathy, hereditary motor and sensory, type 6B	HMSN 6B	b
GARD:0018092	neuropathy, hereditary motor and sensory, type 6B	CMT6B	b
GARD:0018092	neuropathy, hereditary motor and sensory, type 6B	HMSN6B	b
GARD:0018093	hypotrichosis 2	CDSN hypotrichosis	hypotrichosis
GARD:0018094	hypotrichosis 3	KRT74 hypotrichosis	hypotrichosis
GARD:0018099	autosomal dominant nonsyndromic hearing loss 2A	DFNA2A	a
GARD:0018100	autosomal dominant nonsyndromic hearing loss 4A	DFNA4A	a
GARD:0018130	autosomal dominant nonsyndromic hearing loss 3B	DFNA3B	b
GARD:0018131	autosomal dominant nonsyndromic hearing loss 2B	DFNA2B	b
GARD:0018136	autosomal dominant nonsyndromic hearing loss 4B	DFNA4B	b
GARD:0018169	vitamin d-dependent rickets, type 2a	Pddr 2A	a
GARD:0018169	vitamin d-dependent rickets, type 2a	VDDR2A	a
GARD:0018170	vitamin D-dependent rickets, type 2B	VDDR2B	b
GARD:0018172	polydactyly, postaxial, type a5	PAPA5	papa
GARD:0018173	polydactyly, postaxial, type a2	PAPA2	papa
GARD:0018174	polydactyly, postaxial, type a3	papa3	papa
GARD:0018175	polydactyly, postaxial, type a4	Papa4	papa
GARD:0018176	polydactyly, postaxial, type a6	PAPA6	papa
GARD:0018177	polydactyly, postaxial, type a9	PAPA9	papa
GARD:0018178	polydactyly, postaxial, type a10	PAPA10	papa
GARD:0018189	thyroid dyshormonogenesis 2a	TDH2A	a
GARD:0018217	corneal dystrophy, fuchs endothelial, 2	Fcd1 locus	locus
GARD:0018218	corneal dystrophy, fuchs endothelial, 3	Fcd2 locus	locus
GARD:0018220	corneal dystrophy, fuchs endothelial, 5	Fcd3 locus	locus
GARD:0018222	corneal dystrophy, fuchs endothelial, 7	Fcd4 locus	locus
GARD:0018224	glaucoma 3A	GLC3A	a
GARD:0018225	glaucoma 3, primary congenital, c	GLC3C	c
GARD:0018226	glaucoma 3, primary congenital, d	GLC3D	d
GARD:0018227	glaucoma 3, primary congenital, e	GLC3E	e
GARD:0018228	glaucoma 1, open angle, j	GLC1J	j
GARD:0018228	glaucoma 1, open angle, j	JOAG1J	j
GARD:0018229	glaucoma 1, open angle, k	GLC1K	k
GARD:0018229	glaucoma 1, open angle, k	JOAG1K	k
GARD:0018230	glaucoma 1, open angle, m	GLC1M	m
GARD:0018230	glaucoma 1, open angle, m	JOAG1M	m
GARD:0018231	glaucoma 1, open angle, n	JOAG1N	n
GARD:0018231	glaucoma 1, open angle, n	GLC1N	n
GARD:0018258	amelogenesis imperfecta type 3B	AI3B	ai
GARD:0018258	amelogenesis imperfecta type 3B	AI3B	b
GARD:0018262	neuronopathy, distal hereditary motor, type 2A	HMN2A	a
GARD:0018262	neuronopathy, distal hereditary motor, type 2A	HMN 2A	a
GARD:0018263	neuronopathy, distal hereditary motor, type 2B	HMN 2B	b
GARD:0018263	neuronopathy, distal hereditary motor, type 2B	HMN2B	b
GARD:0018264	neuronopathy, distal hereditary motor, type 2C	HMN2C	c
GARD:0018264	neuronopathy, distal hereditary motor, type 2C	HMN 2C	c
GARD:0018265	neuronopathy, distal hereditary motor, type 2D	HMN 2D	d
GARD:0018265	neuronopathy, distal hereditary motor, type 2D	HMN2D	d
GARD:0018266	neuronopathy, distal hereditary motor, type 5A	HMN 5A	a
GARD:0018266	neuronopathy, distal hereditary motor, type 5A	dHMN 5A	a
GARD:0018266	neuronopathy, distal hereditary motor, type 5A	HMN5A	a
GARD:0018267	neuronopathy, distal hereditary motor, type 5B	dHMN 5B	b
GARD:0018267	neuronopathy, distal hereditary motor, type 5B	HMN 5B	b
GARD:0018267	neuronopathy, distal hereditary motor, type 5B	HMN5B	b
GARD:0018268	neuronopathy, distal hereditary motor, type 5C	DHMN5C	c
GARD:0018268	neuronopathy, distal hereditary motor, type 5C	HMN5C	c
GARD:0018269	neuronopathy, distal hereditary motor, type 7A	Dhmn7A	a
GARD:0018269	neuronopathy, distal hereditary motor, type 7A	HMN7A	a
GARD:0018269	neuronopathy, distal hereditary motor, type 7A	HMN 7A	a
GARD:0018270	neuronopathy, distal hereditary motor, type 7B	HMN7B	b
GARD:0018270	neuronopathy, distal hereditary motor, type 7B	Dhmn7B	b
GARD:0018270	neuronopathy, distal hereditary motor, type 7B	HMN 7B	b
GARD:0018289	thrombocytopenia 4	CYCS thrombocytopenia	thrombocytopenia
GARD:0018290	complement component 7 deficiency	C7 deficiency	c
GARD:0018290	complement component 7 deficiency	C7 deficiency	deficiency
GARD:0018291	complement component 6 deficiency	C6 deficiency	c
GARD:0018291	complement component 6 deficiency	C6 deficiency	deficiency
GARD:0018292	complement component 9 deficiency	C9 deficiency	c
GARD:0018292	complement component 9 deficiency	C9 deficiency	deficiency
GARD:0018296	immunodeficiency 19	CD3D	d
GARD:0018300	immunodeficiency 73c with defective neutrophil chemotaxis and hypogammaglobulinemia	IMD73C	c
GARD:0018316	combined osteogenesis imperfecta and ehlers-danlos syndrome 1	OIEDS Syndrome 1	syndrome
GARD:0018317	combined osteogenesis imperfecta and ehlers-danlos syndrome 2	OIEDS Syndrome 2	syndrome
GARD:0018318	rhabdoid tumor predisposition syndrome 1	At/RT	at
GARD:0018341	hypercholanemia, familial, 2	NTCP Deficiency	deficiency
GARD:0018348	pontocerebellar hypoplasia type 2E	PCH2E	e
GARD:0018378	coenzyme q10 deficiency, primary, 1	COQ10D1	d
GARD:0018379	coenzyme q10 deficiency, primary, 3	COQ10D3	d
GARD:0018386	glycogen storage disease ixa1	GSD9A1	a
GARD:0018386	glycogen storage disease ixa1	GSD9A	a
GARD:0018387	glycogen storage disease ixc	GSD9C	c
GARD:0018389	preeclampsia/eclampsia 1	PEE1	pee
GARD:0018390	preeclampsia/eclampsia 2	PEE2	pee
GARD:0018391	preeclampsia/eclampsia 3	PEE3	pee
GARD:0018392	preeclampsia/eclampsia 4	PEE4	pee
GARD:0018393	preeclampsia/eclampsia 5	PEE5	pee
GARD:0018401	spermatogenic failure 10	SEPT12 azoospermia	sept
GARD:0018401	spermatogenic failure 10	SEPT12 azoospermia	azoospermia
GARD:0018415	vitamin d hydroxylation-deficient rickets, type 1b	VDDR1B	b
GARD:0018461	juvenile onset Parkinson disease 19A	PARK19	park
GARD:0018461	juvenile onset Parkinson disease 19A	Park19, formerly	park
GARD:0018461	juvenile onset Parkinson disease 19A	Park19, formerly	formerly
GARD:0018461	juvenile onset Parkinson disease 19A	PARK19A	park
GARD:0018461	juvenile onset Parkinson disease 19A	PARK19A	a
GARD:0018462	early-onset Parkinson disease 20	PARK20	park
GARD:0018469	immunodeficiency 15a	IMD15A	a
GARD:0018474	autosomal dominant Parkinson disease 1	PARK1	park
GARD:0018475	autosomal dominant Parkinson disease 4	PARK4	park
GARD:0018476	autosomal dominant Parkinson disease 8	PARK8	park
GARD:0018478	Parkinson disease 17	PARK17	park
GARD:0018480	Parkinson disease 21	PARK21	park
GARD:0018505	monosomy 7 myelodysplasia and leukemia syndrome 1	M7MLS1	m
GARD:0018506	monosomy 7 myelodysplasia and leukemia syndrome 2	M7MLS2	m
GARD:0018508	vertebral, cardiac, renal, and limb defects syndrome 1	3-hydroxyanthranilic acidemia	acidemia
GARD:0018534	neurodevelopmental disorder with microcephaly, impaired language, and gait abnormalities	NEDMILG, AR	ar
GARD:0018535	neurodevelopmental disorder with microcephaly, impaired language, epilepsy, and gait abnormalities	NEDMILEG, AD	ad
GARD:0018591	ectodermal dysplasia 10a, hypohidrotic/hair/nail type, autosomal dominant	ECTD10A	a
GARD:0018592	ectodermal dysplasia 11a, hypohidrotic/hair/tooth type, autosomal dominant	ECTD11A	a
GARD:0018604	parkinson disease 12	PARK12	park
GARD:0018605	autosomal recessive early-onset Parkinson disease 6	PARK6	park
GARD:0018606	autosomal recessive early-onset Parkinson disease 7	PARK7	park
GARD:0018607	parkinson disease 10	PARK10	park
GARD:0018610	autosomal recessive early-onset Parkinson disease 23	PARK23	park
GARD:0018614	hypercholesterolemia, familial, 4	FHCB1, formerly	formerly
GARD:0018614	hypercholesterolemia, familial, 4	FHCB2, formerly	formerly
GARD:0018616	myoclonic dystonia 11	dystonia-11, myoclonic	myoclonic
GARD:0018617	developmental and epileptic encephalopathy, 2	DEE2	dee
GARD:0018636	vitamin d-dependent rickets, type 1a	VDDR1A	a
GARD:0018636	vitamin d-dependent rickets, type 1a	PDDR 1A	a
GARD:0018643	autosomal recessive non-syndromic intellectual disability	NS-ARID	arid
GARD:0018643	autosomal recessive non-syndromic intellectual disability	AR-NSID	ar
GARD:0018653	Charcot-Marie-Tooth disease axonal type 2T	CMT2T	t
GARD:0018661	generalized epilepsy with febrile seizures plus, type 2	GEFS+, type 2	type
GARD:0018730	deletion 5q35	monosomy 5q35	q
GARD:0018730	deletion 5q35	Del (5)(q35)	del
GARD:0018730	deletion 5q35	Del (5)(q35)	q
GARD:0018739	distal trisomy 14q	trisomy 14qter	trisomy
GARD:0018740	distal trisomy 15q	trisomy 15qter	trisomy
GARD:0018742	distal trisomy 18q	trisomy 18qter	trisomy
GARD:0018743	distal trisomy 19q	trisomy 19qter	trisomy
GARD:0018745	distal trisomy 6p	trisomy 6pter	trisomy
GARD:0018747	45,X/46,XY mixed gonadal dysgenesis	XY/X0	x
GARD:0018792	tetrasomy 5p	Isochromosome 5p	p
GARD:0018794	distal trisomy 17q	trisomy 17qter	trisomy
GARD:0018823	familial cervical artery dissection	familial CAD	familial
GARD:0018823	familial cervical artery dissection	familial CAD	cad
GARD:0018823	familial cervical artery dissection	hereditary CAD	hereditary
GARD:0018823	familial cervical artery dissection	hereditary CAD	cad
GARD:0018838	acquired purpura fulminans	acquired PF	acquired
GARD:0018902	adult acute respiratory distress syndrome	adult ARDS	adult
GARD:0018902	adult acute respiratory distress syndrome	adult RDS	adult
GARD:0018912	cancer-associated retinopathy	CAR syndrome	car
GARD:0018912	cancer-associated retinopathy	CAR syndrome	syndrome
GARD:0018934	monosomy 9q22.3	microdeletion 9q22.3	q
GARD:0018941	myxofibrosarcoma	myxoid MFH	myxoid
GARD:0018982	classic phenylketonuria	classic PKU	classic
GARD:0018988	hereditary palmoplantar keratoderma	hereditary PPK	hereditary
GARD:0019027	mild hyperphenylalaninemia	mild HPA	mild
GARD:0019045	pelvis syndrome	LUMBAR syndrome	lumbar
GARD:0019045	pelvis syndrome	LUMBAR syndrome	syndrome
GARD:0019045	pelvis syndrome	SACRAL syndrome	sacral
GARD:0019045	pelvis syndrome	SACRAL syndrome	syndrome
GARD:0019085	idiopathic hemiconvulsion-hemiplegia syndrome	HHE syndrome	syndrome
GARD:0019101	mixed-type autoimmune hemolytic anemia	mixed AIHA	mixed
GARD:0019155	unspecified juvenile idiopathic arthritis	unspecified JIA	unspecified
GARD:0019186	type 2 collagenopathy	COL2A1	col
GARD:0019186	type 2 collagenopathy	COL2A1	a
GARD:0019186	type 2 collagenopathy	collagen II	collagen
GARD:0019236	laryngotracheoesophageal cleft type 1	LTEC I	i
GARD:0019255	hepatic porphyria	ALAD deficiency	deficiency
GARD:0019291	acquired central diabetes insipidus	acquired CDI	acquired
GARD:0019294	inherited primary ovarian failure	inherited POI	poi
GARD:0019303	distal trisomy 1p36	trisomy 1pter	trisomy
GARD:0019304	distal trisomy 2p	trisomy 2pter	trisomy
GARD:0019305	distal trisomy 3p	trisomy 3pter	trisomy
GARD:0019306	4p16.3 microduplication syndrome	trisomy 4pter	trisomy
GARD:0019307	distal trisomy 7p	trisomy 7pter	trisomy
GARD:0019309	8p inverted duplication/deletion syndrome	Invdupdel(8p)	p
GARD:0019310	distal trisomy 2q	trisomy 2qter	trisomy
GARD:0019311	3q26 microduplication syndrome	dup(3)(q26)	dup
GARD:0019311	3q26 microduplication syndrome	dup(3)(q26)	q
GARD:0019311	3q26 microduplication syndrome	trisomy 3q26	trisomy
GARD:0019311	3q26 microduplication syndrome	trisomy 3q26	q
GARD:0019312	distal trisomy 4q	trisomy 4qter	trisomy
GARD:0019313	distal trisomy 5q	trisomy 5qter	trisomy
GARD:0019314	distal trisomy 6q	trisomy 6qter	trisomy
GARD:0019315	distal trisomy 8q	trisomy 8qter	trisomy
GARD:0019316	distal trisomy 9q	trisomy 9qter	trisomy
GARD:0019317	distal trisomy 10q	trisomy 10qter	trisomy
GARD:0019318	distal trisomy 11q	trisomy 11qter	trisomy
GARD:0019319	distal trisomy 13q	trisomy 13qter	trisomy
GARD:0019320	distal trisomy 16q	trisomy 16qter	trisomy
GARD:0019321	distal trisomy 20q	trisomy 20qter	trisomy
GARD:0019322	distal trisomy 22q	trisomy 22qter	trisomy
GARD:0019331	maternal uniparental disomy of chromosome 2	UPD(2)mat	mat
GARD:0019332	maternal uniparental disomy of chromosome 4	UPD(4)mat	mat
GARD:0019333	maternal uniparental disomy of chromosome 6	UPD(6)mat	mat
GARD:0019334	silver-russell syndrome due to maternal uniparental disomy of chromosome 7	UPD(7)mat	mat
GARD:0019335	maternal uniparental disomy of chromosome 9	UPD(9)mat	mat
GARD:0019336	maternal uniparental disomy of chromosome 16	UPD(16)mat	mat
GARD:0019337	maternal uniparental disomy of chromosome 21	UPD(21)mat	mat
GARD:0019338	maternal uniparental disomy of chromosome 22	UPD(22)mat	mat
GARD:0019339	paternal uniparental disomy of chromosome 5	UPD(5)pat	pat
GARD:0019340	paternal uniparental disomy of chromosome 6	UPD(6)pat	pat
GARD:0019341	paternal uniparental disomy of chromosome 7	UPD(7)pat	pat
GARD:0019342	Beckwith-Wiedemann syndrome due to paternal uniparental disomy of chromosome 11	UPD(11)pat	pat
GARD:0019343	paternal uniparental disomy of chromosome 20	UPD(20)pat	pat
GARD:0019343	paternal uniparental disomy of chromosome 20	paternal UPD(20)	paternal
GARD:0019343	paternal uniparental disomy of chromosome 20	paternal UPD20	paternal
GARD:0019344	paternal uniparental disomy of chromosome 21	UPD(21)pat	pat
GARD:0019356	GRFoma	GRF tumor	tumor
GARD:0019360	bronchial endocrine tumor	bronchus NET	bronchus
GARD:0019360	bronchial endocrine tumor	bronchus NET	net
GARD:0019360	bronchial endocrine tumor	bronchial NET	bronchial
GARD:0019360	bronchial endocrine tumor	bronchial NET	net
GARD:0019361	thymic neuroendocrine tumor	thymus NET	thymus
GARD:0019361	thymic neuroendocrine tumor	thymus NET	net
GARD:0019375	unilateral multicystic dysplastic kidney	unilateral MCDK	unilateral
GARD:0019381	congenital renal artery stenosis	congenital RAS	congenital
GARD:0019381	congenital renal artery stenosis	congenital RAS	ras
GARD:0019382	maternal uniparental disomy of chromosome 13	UPD(13)mat	mat
GARD:0019578	Angelman syndrome due to paternal uniparental disomy of chromosome 15	UPD(15)pat	pat
GARD:0019582	childhood occipital visual epilepsy	COVE	cove
GARD:0019583	atypical chronic myeloid leukemia, bcr-abl1 negative	atypical CML	atypical
GARD:0019588	acute myeloid leukemia with minimal differentiation	AML M0	m
GARD:0019594	Hodgkin's lymphoma, lymphocytic depletion	adult HDLD	adult
GARD:0019594	Hodgkin's lymphoma, lymphocytic depletion	adult LDHD	adult
GARD:0019604	multiple system atrophy, parkinsonian type	MSA-p	p
GARD:0019664	inferior vena cava interruption	IVC interruption	interruption
GARD:0019678	paternal uniparental disomy of chromosome 13	UPD(13)pat	pat
GARD:0019694	precursor t-cell acute lymphoblastic leukemia	T-ALL	t
GARD:0019694	precursor t-cell acute lymphoblastic leukemia	T-ALL	all
GARD:0019709	streptococcal toxic-shock syndrome	streptococcal TSS	streptococcal
GARD:0019710	staphylococcal toxic-shock syndrome	staphylococcal TSS	staphylococcal
GARD:0019737	myelodysplastic syndrome with excess blasts-1	RAEB-I	i
GARD:0019741	mu-heavy chain disease	mu-HCD	mu
GARD:0019742	alpha-heavy chain disease	Alpha-HCD	alpha
GARD:0019749	neurogenic thoracic outlet syndrome	neurogenic TOS	neurogenic
GARD:0019750	gastric neuroendocrine neoplasm	stomach NET	stomach
GARD:0019750	gastric neuroendocrine neoplasm	stomach NET	net
GARD:0019754	neuroendocrine tumor of the appendix, well differentiated, low or intermediate grade	appendix NET	appendix
GARD:0019754	neuroendocrine tumor of the appendix, well differentiated, low or intermediate grade	appendix NET	net
GARD:0019755	colon neuroendocrine neoplasm	colon NET	colon
GARD:0019755	colon neuroendocrine neoplasm	colon NET	net
GARD:0019756	rectum neuroendocrine neoplasm	rectum NET	rectum
GARD:0019756	rectum neuroendocrine neoplasm	rectum NET	net
GARD:0019756	rectum neuroendocrine neoplasm	rectal NET	rectal
GARD:0019756	rectum neuroendocrine neoplasm	rectal NET	net
GARD:0019757	neuroendocrine tumor of the anal canal	anal NET	anal
GARD:0019757	neuroendocrine tumor of the anal canal	anal NET	net
GARD:0019758	laryngeal neuroendocrine neoplasm	larynx NET	larynx
GARD:0019758	laryngeal neuroendocrine neoplasm	larynx NET	net
GARD:0019761	gallbladder neuroendocrine tumor, grade 1/2	gallbladder NET	net
GARD:0019762	thyroid tumor	THYROID	thyroid
GARD:0019767	thymus neoplasm	THYMUS	thymus
GARD:0019822	pure hereditary spastic paraplegia	uncomplicated HSP	uncomplicated
GARD:0019822	pure hereditary spastic paraplegia	Pure HSP	pure
GARD:0019822	pure hereditary spastic paraplegia	uncomplicated SPG	uncomplicated
GARD:0019822	pure hereditary spastic paraplegia	Pure SPG	pure
GARD:0019823	complex hereditary spastic paraplegia	Complex HSP	complex
GARD:0019823	complex hereditary spastic paraplegia	Complex SPG	complex
GARD:0019823	complex hereditary spastic paraplegia	complicated HSP	complicated
GARD:0019823	complex hereditary spastic paraplegia	complicated SPG	complicated
GARD:0019832	multiple congenital anomalies/dysmorphic syndrome-intellectual disability	MCA/MR	mr
GARD:0019881	segmental outgrowth-lipomatosis-arteriovenous malformation-epidermal nevus syndrome	SOLAMEN syndrome	syndrome
GARD:0020031	acral dystrophic epidermolysis bullosa	DEB, acral	deb
GARD:0020031	acral dystrophic epidermolysis bullosa	DEB-ac	deb
GARD:0020032	dystrophic epidermolysis bullosa, nails only	DEB-na	deb
GARD:0020032	dystrophic epidermolysis bullosa, nails only	DEB-na	na
GARD:0020108	refractory anemia with excess blasts in transformation	RAEB-t	t
GARD:0020126	6q16 deletion syndrome	monosomy 6q16	q
GARD:0020126	6q16 deletion syndrome	Del(6)(q16)	del
GARD:0020126	6q16 deletion syndrome	Del(6)(q16)	q
GARD:0020144	isolated sternocostoclavicular hyperostosis	isolated SCCH	isolated
GARD:0020159	primary cutaneous marginal zone b-cell lymphoma	C-MALT	c
GARD:0020159	primary cutaneous marginal zone b-cell lymphoma	C-MALT	malt
GARD:0020390	qualitative or quantitative defects of alpha-sarcoglycan	alpha-sarcoglycanopathy	alpha
GARD:0020391	qualitative or quantitative defects of beta-sarcoglycan	beta-sarcoglycanopathy	beta
GARD:0020392	qualitative or quantitative defects of gamma-sarcoglycan	gamma-sarcoglycanopathy	gamma
GARD:0020393	qualitative or quantitative defects of delta-sarcoglycan	delta-sarcoglycanopathy	delta
GARD:0020546	mitochondrial oxidative phosphorylation disorder	OXPHOS disease	disease
GARD:0020549	sporadic infantile bilateral striatal necrosis	sporadic IBSN	sporadic
GARD:0020565	multiple system atrophy, cerebellar type	MSA-c	c
GARD:0020567	autoimmune polyendocrinopathy type 4	APS type 4	type
GARD:0020581	acquired pseudoxanthoma elasticum	acquired PXE	acquired
GARD:0020590	autoimmune hemolytic anemia, cold type	cold AIHA	cold
GARD:0020594	polyvalvular heart disease syndrome	PHD syndrome	syndrome
GARD:0020595	5q35 microduplication syndrome	trisomy 5q35	trisomy
GARD:0020595	5q35 microduplication syndrome	trisomy 5q35	q
GARD:0020595	5q35 microduplication syndrome	dup(5)(q35)	dup
GARD:0020595	5q35 microduplication syndrome	dup(5)(q35)	q
GARD:0020606	silver-russell syndrome due to maternal uniparental disomy of chromosome 11	UPD(11)mat	mat
GARD:0020621	aldosterone-producing adrenal cortex adenoma	Pure APAC	pure
GARD:0020652	biliary atresia with splenic malformation syndrome	BASM syndrome	syndrome
GARD:0020688	paternal uniparental disomy of chromosome 1	UPD(1)pat	pat
GARD:0020689	maternal uniparental disomy of chromosome 1	UPD(1)mat	mat
GARD:0020690	2q31.1 microdeletion syndrome	Del(2)(q31.1)	del
GARD:0020690	2q31.1 microdeletion syndrome	Del(2)(q31.1)	q
GARD:0020690	2q31.1 microdeletion syndrome	monosomy 2q31.1	q
GARD:0020691	6p22 microdeletion syndrome	Del(6)(p22)	del
GARD:0020691	6p22 microdeletion syndrome	Del(6)(p22)	p
GARD:0020691	6p22 microdeletion syndrome	monosomy 6p22	p
GARD:0020692	7q31 microdeletion syndrome	Del(7)(q31)	del
GARD:0020692	7q31 microdeletion syndrome	Del(7)(q31)	q
GARD:0020692	7q31 microdeletion syndrome	monosomy 7q31	q
GARD:0020693	8p11.2 deletion syndrome	Del(8)(p11.2)	del
GARD:0020693	8p11.2 deletion syndrome	Del(8)(p11.2)	p
GARD:0020693	8p11.2 deletion syndrome	monosomy 8p11.2	p
GARD:0020723	atypical choroid plexus papilloma	atypical CPP	atypical
GARD:0020729	desmoplastic infantile astrocytoma/ganglioglioma	DIA/DIG	dig
GARD:0020735	central nervous system teratoma	CNS teratoma	teratoma
GARD:0020771	14q12 microdeletion syndrome	monosomy 14q12	q
GARD:0020771	14q12 microdeletion syndrome	Del(14)(q12)	del
GARD:0020771	14q12 microdeletion syndrome	Del(14)(q12)	q
GARD:0020773	14q11.2 microduplication syndrome	trisomy 14q11.2	trisomy
GARD:0020773	14q11.2 microduplication syndrome	trisomy 14q11.2	q
GARD:0020773	14q11.2 microduplication syndrome	dup(14)(q11.2)	dup
GARD:0020773	14q11.2 microduplication syndrome	dup(14)(q11.2)	q
GARD:0020774	16p13.11 microdeletion syndrome	monosomy 16p13.11	p
GARD:0020774	16p13.11 microdeletion syndrome	Del(16)(p13.11)	del
GARD:0020774	16p13.11 microdeletion syndrome	Del(16)(p13.11)	p
GARD:0020775	16p13.11 microduplication syndrome	dup(16)(p13.11)	dup
GARD:0020775	16p13.11 microduplication syndrome	dup(16)(p13.11)	p
GARD:0020775	16p13.11 microduplication syndrome	trisomy 16p13.11	trisomy
GARD:0020775	16p13.11 microduplication syndrome	trisomy 16p13.11	p
GARD:0020778	20q13.33 microdeletion syndrome	monosomy 20q13.33	q
GARD:0020778	20q13.33 microdeletion syndrome	Del(20)(q13.33)	del
GARD:0020778	20q13.33 microdeletion syndrome	Del(20)(q13.33)	q
GARD:0020781	trisomy 1q	Duplication 1q	duplication
GARD:0020781	trisomy 1q	Duplication 1q	q
GARD:0020808	chromosome 4 short arm deletion	deletion 4p	deletion
GARD:0020808	chromosome 4 short arm deletion	deletion 4p	p
GARD:0020808	chromosome 4 short arm deletion	monosomy 4p	p
GARD:0020808	chromosome 4 short arm deletion	4p monosomy	p
GARD:0020808	chromosome 4 short arm deletion	4p deletion	p
GARD:0020808	chromosome 4 short arm deletion	4p deletion	deletion
GARD:0020817	chromosome 17p deletion	17p deletion	p
GARD:0020817	chromosome 17p deletion	17p deletion	deletion
GARD:0020817	chromosome 17p deletion	17p monosomy	p
GARD:0020817	chromosome 17p deletion	17p- syndrome	p
GARD:0020817	chromosome 17p deletion	17p- syndrome	syndrome
GARD:0020817	chromosome 17p deletion	del(17p)	del
GARD:0020817	chromosome 17p deletion	del(17p)	p
GARD:0020817	chromosome 17p deletion	monosomy 17p	p
GARD:0020817	chromosome 17p deletion	deletion 17p	deletion
GARD:0020817	chromosome 17p deletion	deletion 17p	p
GARD:0020818	chromosome 18p deletion syndrome	18p syndrome	p
GARD:0020818	chromosome 18p deletion syndrome	18p syndrome	syndrome
GARD:0020818	chromosome 18p deletion syndrome	18p-	p
GARD:0020818	chromosome 18p deletion syndrome	monosomy 18p	p
GARD:0020820	partial monosomy of the short arm of chromosome 20	20p deletion	p
GARD:0020820	partial monosomy of the short arm of chromosome 20	20p deletion	deletion
GARD:0020820	partial monosomy of the short arm of chromosome 20	20p monosomy	p
GARD:0020820	partial monosomy of the short arm of chromosome 20	deletion 20p	deletion
GARD:0020820	partial monosomy of the short arm of chromosome 20	deletion 20p	p
GARD:0020820	partial monosomy of the short arm of chromosome 20	monosomy 20p	p
GARD:0020831	partial deletion of the long arm of chromosome 11	del(11q)	del
GARD:0020831	partial deletion of the long arm of chromosome 11	del(11q)	q
GARD:0020831	partial deletion of the long arm of chromosome 11	monosomy 11q	q
GARD:0020831	partial deletion of the long arm of chromosome 11	11q monosomy	q
GARD:0020831	partial deletion of the long arm of chromosome 11	deletion 11q	deletion
GARD:0020831	partial deletion of the long arm of chromosome 11	deletion 11q	q
GARD:0020831	partial deletion of the long arm of chromosome 11	11q deletion	q
GARD:0020831	partial deletion of the long arm of chromosome 11	11q deletion	deletion
GARD:0020832	partial deletion of the long arm of chromosome 13	13q monosomy	q
GARD:0020832	partial deletion of the long arm of chromosome 13	del(13q)	del
GARD:0020832	partial deletion of the long arm of chromosome 13	del(13q)	q
GARD:0020832	partial deletion of the long arm of chromosome 13	monosomy 13q	q
GARD:0020832	partial deletion of the long arm of chromosome 13	13q deletion	q
GARD:0020832	partial deletion of the long arm of chromosome 13	13q deletion	deletion
GARD:0020832	partial deletion of the long arm of chromosome 13	deletion 13q	deletion
GARD:0020832	partial deletion of the long arm of chromosome 13	deletion 13q	q
GARD:0020834	partial deletion of the long arm of chromosome 15	15q deletion	q
GARD:0020834	partial deletion of the long arm of chromosome 15	15q deletion	deletion
GARD:0020834	partial deletion of the long arm of chromosome 15	deletion 15q	deletion
GARD:0020834	partial deletion of the long arm of chromosome 15	deletion 15q	q
GARD:0020834	partial deletion of the long arm of chromosome 15	monosomy 15q	q
GARD:0020834	partial deletion of the long arm of chromosome 15	15q monosomy	q
GARD:0020837	chromosome 18q deletion syndrome	18Q syndrome	q
GARD:0020837	chromosome 18q deletion syndrome	18Q syndrome	syndrome
GARD:0020837	chromosome 18q deletion syndrome	18q-syndrome	q
GARD:0020837	chromosome 18q deletion syndrome	18q-syndrome	syndrome
GARD:0020837	chromosome 18q deletion syndrome	monosomy 18q	q
GARD:0020837	chromosome 18q deletion syndrome	proximal 18q-	proximal
GARD:0020837	chromosome 18q deletion syndrome	proximal 18q-	q
GARD:0020837	chromosome 18q deletion syndrome	deletion 18q	deletion
GARD:0020837	chromosome 18q deletion syndrome	deletion 18q	q
GARD:0020837	chromosome 18q deletion syndrome	18Q- syndrome	q
GARD:0020837	chromosome 18q deletion syndrome	18Q- syndrome	syndrome
GARD:0020841	chromosome 22q deletion	deletion 22q	deletion
GARD:0020841	chromosome 22q deletion	deletion 22q	q
GARD:0020841	chromosome 22q deletion	monosomy 22q	q
GARD:0020841	chromosome 22q deletion	22q deletion	q
GARD:0020841	chromosome 22q deletion	22q deletion	deletion
GARD:0020841	chromosome 22q deletion	22q monosomy	q
GARD:0020866	trisomy 9p	9p trisomy	p
GARD:0020866	trisomy 9p	9p trisomy	trisomy
GARD:0020866	trisomy 9p	9p duplication	p
GARD:0020866	trisomy 9p	9p duplication	duplication
GARD:0020866	trisomy 9p	Duplication 9p	duplication
GARD:0020866	trisomy 9p	Duplication 9p	p
GARD:0020872	partial duplication of the long arm of chromosome 1	1q duplications	q
GARD:0020882	chromosome 11q trisomy	trisomy 11q	trisomy
GARD:0020882	chromosome 11q trisomy	trisomy 11q	q
GARD:0020882	chromosome 11q trisomy	11q duplication	q
GARD:0020882	chromosome 11q trisomy	11q duplication	duplication
GARD:0020882	chromosome 11q trisomy	11q trisomy	q
GARD:0020882	chromosome 11q trisomy	11q trisomy	trisomy
GARD:0020882	chromosome 11q trisomy	Duplication 11q	duplication
GARD:0020882	chromosome 11q trisomy	Duplication 11q	q
GARD:0020883	chromosome 13q trisomy	13q duplication	q
GARD:0020883	chromosome 13q trisomy	13q duplication	duplication
GARD:0020883	chromosome 13q trisomy	Duplication 13q	duplication
GARD:0020883	chromosome 13q trisomy	Duplication 13q	q
GARD:0020883	chromosome 13q trisomy	13q trisomy	q
GARD:0020883	chromosome 13q trisomy	13q trisomy	trisomy
GARD:0020883	chromosome 13q trisomy	trisomy 13q	trisomy
GARD:0020883	chromosome 13q trisomy	trisomy 13q	q
GARD:0020884	partial duplication of the long arm of chromosome 14	14q trisomy	q
GARD:0020884	partial duplication of the long arm of chromosome 14	14q trisomy	trisomy
GARD:0020884	partial duplication of the long arm of chromosome 14	Duplication 14q	duplication
GARD:0020884	partial duplication of the long arm of chromosome 14	Duplication 14q	q
GARD:0020884	partial duplication of the long arm of chromosome 14	trisomy 14q	trisomy
GARD:0020884	partial duplication of the long arm of chromosome 14	trisomy 14q	q
GARD:0020884	partial duplication of the long arm of chromosome 14	14q duplication	q
GARD:0020884	partial duplication of the long arm of chromosome 14	14q duplication	duplication
GARD:0020886	partial trisomy of the long arm of chromosome 16	Duplication 16q	duplication
GARD:0020886	partial trisomy of the long arm of chromosome 16	Duplication 16q	q
GARD:0020886	partial trisomy of the long arm of chromosome 16	16q duplication	q
GARD:0020886	partial trisomy of the long arm of chromosome 16	16q duplication	duplication
GARD:0020886	partial trisomy of the long arm of chromosome 16	16q trisomy	q
GARD:0020886	partial trisomy of the long arm of chromosome 16	16q trisomy	trisomy
GARD:0020886	partial trisomy of the long arm of chromosome 16	trisomy 16q	trisomy
GARD:0020886	partial trisomy of the long arm of chromosome 16	trisomy 16q	q
GARD:0020887	partial duplication of the long arm of chromosome 17	trisomy 17q	trisomy
GARD:0020887	partial duplication of the long arm of chromosome 17	trisomy 17q	q
GARD:0020887	partial duplication of the long arm of chromosome 17	17q duplication	q
GARD:0020887	partial duplication of the long arm of chromosome 17	17q duplication	duplication
GARD:0020887	partial duplication of the long arm of chromosome 17	17q trisomy	q
GARD:0020887	partial duplication of the long arm of chromosome 17	17q trisomy	trisomy
GARD:0020887	partial duplication of the long arm of chromosome 17	Duplication 17q	duplication
GARD:0020887	partial duplication of the long arm of chromosome 17	Duplication 17q	q
GARD:0020888	partial trisomy of the long arm of chromosome 18	18q duplication	q
GARD:0020888	partial trisomy of the long arm of chromosome 18	18q duplication	duplication
GARD:0020888	partial trisomy of the long arm of chromosome 18	18q trisomy	q
GARD:0020888	partial trisomy of the long arm of chromosome 18	18q trisomy	trisomy
GARD:0020888	partial trisomy of the long arm of chromosome 18	Duplication 18q	duplication
GARD:0020888	partial trisomy of the long arm of chromosome 18	Duplication 18q	q
GARD:0020888	partial trisomy of the long arm of chromosome 18	trisomy 18q	trisomy
GARD:0020888	partial trisomy of the long arm of chromosome 18	trisomy 18q	q
GARD:0020889	partial duplication of the long arm of chromosome 19	Duplication 19q	duplication
GARD:0020889	partial duplication of the long arm of chromosome 19	Duplication 19q	q
GARD:0020889	partial duplication of the long arm of chromosome 19	19q duplication	q
GARD:0020889	partial duplication of the long arm of chromosome 19	19q duplication	duplication
GARD:0020889	partial duplication of the long arm of chromosome 19	19q trisomy	q
GARD:0020889	partial duplication of the long arm of chromosome 19	19q trisomy	trisomy
GARD:0020889	partial duplication of the long arm of chromosome 19	trisomy 19q	trisomy
GARD:0020889	partial duplication of the long arm of chromosome 19	trisomy 19q	q
GARD:0020920	trisomy 8p	Duplication 8p	duplication
GARD:0020920	trisomy 8p	Duplication 8p	p
GARD:0021017	familial amyloid neuropathy	TTR amyloidosis	amyloidosis
GARD:0021056	adult-onset non-insulinoma persistent hyperinsulinemic hypoglycemia	NI-PHH	ni
GARD:0021073	Pelizaeus-Merzbacher disease, classic form	classic PMD	classic
GARD:0021074	Pelizaeus-Merzbacher disease, transitional form	transitional PMD	transitional
GARD:0021076	autoimmune pancreatitis type 1	AIP type 1	type
GARD:0021077	autoimmune pancreatitis type 2	AIP type 2	type
GARD:0021078	distal monosomy 12p	Del(12)(p13.33)	del
GARD:0021078	distal monosomy 12p	Del(12)(p13.33)	p
GARD:0021088	bullous diffuse cutaneous mastocytosis	bullous DCM	bullous
GARD:0021093	congenital pulmonary airway malformation type 0	CPAM type 0	type
GARD:0021094	congenital pulmonary airway malformation type 1	CCAM type 1	type
GARD:0021094	congenital pulmonary airway malformation type 1	CPAM type 1	type
GARD:0021095	congenital pulmonary airway malformation type 2	CPAM type 2	type
GARD:0021095	congenital pulmonary airway malformation type 2	CCAM type 2	type
GARD:0021096	congenital pulmonary airway malformation type 3	CCAM type 3	type
GARD:0021096	congenital pulmonary airway malformation type 3	CPAM type 3	type
GARD:0021097	congenital pulmonary airway malformation type 4	CPAM type 4	type
GARD:0021117	Xp22.13p22.2 duplication syndrome	Duplication Xp22	duplication
GARD:0021128	neonatal marfan syndrome	neonatal MFS	neonatal
GARD:0021142	microtriplication 11q24.1	tetrasomy 11q24.1	tetrasomy
GARD:0021142	microtriplication 11q24.1	tetrasomy 11q24.1	q
GARD:0021173	1p21.3 microdeletion syndrome	monosomy 1p21.3	p
GARD:0021214	zygodactyly type 2	SD1b	b
GARD:0021215	zygodactyly type 3	SD1c	c
GARD:0021216	zygodactyly type 4	SD1d	d
GARD:0021232	11p15.4 microduplication syndrome	trisomy 11p15.4	trisomy
GARD:0021232	11p15.4 microduplication syndrome	trisomy 11p15.4	p
GARD:0021247	primary cutaneous anaplastic large cell lymphoma	ALCL, cutaneous	cutaneous
GARD:0021247	primary cutaneous anaplastic large cell lymphoma	C-ALCL	c
GARD:0021249	hairy cell leukemia variant	hcl-v	v
GARD:0021251	ALK-positive anaplastic large cell lymphoma	ALK+ ALCL	alk
GARD:0021251	ALK-positive anaplastic large cell lymphoma	ALCL, ALK+	alk
GARD:0021252	ALK-negative anaplastic large cell lymphoma	ALK- ALCL	alk
GARD:0021252	ALK-negative anaplastic large cell lymphoma	ALCL, ALK-	alk
GARD:0021289	diffuse palmoplantar keratoderma	diffuse PPK	diffuse
GARD:0021294	focal palmoplantar keratoderma	focal PPK	focal
GARD:0021297	punctate palmoplantar keratoderma	punctate PPK	punctate
GARD:0021311	inborn glycerol kinase deficiency	GK deficiency	deficiency
GARD:0021311	inborn glycerol kinase deficiency	GK1 deficiency	deficiency
GARD:0021329	metachromatic leukodystrophy, juvenile form	ARSA deficiency	deficiency
GARD:0021360	20p13 microdeletion syndrome	monosomy 20p13	p
GARD:0021360	20p13 microdeletion syndrome	Del(20)(p13)	del
GARD:0021360	20p13 microdeletion syndrome	Del(20)(p13)	p
GARD:0021363	2q23.1 microduplication syndrome	dup(2)(q23.1)	dup
GARD:0021363	2q23.1 microduplication syndrome	dup(2)(q23.1)	q
GARD:0021363	2q23.1 microduplication syndrome	trisomy 2q23.1	trisomy
GARD:0021363	2q23.1 microduplication syndrome	trisomy 2q23.1	q
GARD:0021367	7p22.1 microduplication syndrome	trisomy 7p22.1	trisomy
GARD:0021367	7p22.1 microduplication syndrome	trisomy 7p22.1	p
GARD:0021367	7p22.1 microduplication syndrome	dup(7)(p22.1)	dup
GARD:0021367	7p22.1 microduplication syndrome	dup(7)(p22.1)	p
GARD:0021383	severe neonatal hypotonia-seizures-encephalopathy syndrome due to 5q31.3 microdeletion	Del(5)(q31.3)	del
GARD:0021383	severe neonatal hypotonia-seizures-encephalopathy syndrome due to 5q31.3 microdeletion	Del(5)(q31.3)	q
GARD:0021383	severe neonatal hypotonia-seizures-encephalopathy syndrome due to 5q31.3 microdeletion	monosomy 5q31.3	q
GARD:0021394	autosomal dominant proximal renal tubular acidosis	AD pRTA	ad
GARD:0021395	primary hypereosinophilic syndrome	HES-M	m
GARD:0021395	primary hypereosinophilic syndrome	HES-N	n
GARD:0021395	primary hypereosinophilic syndrome	primary HES	primary
GARD:0021396	secondary hypereosinophilic syndrome	HES-R	r
GARD:0021396	secondary hypereosinophilic syndrome	secondary HES	secondary
GARD:0021397	lymphocytic hypereosinophilic syndrome	HES-L	l
GARD:0021397	lymphocytic hypereosinophilic syndrome	lymphoid HES	lymphoid
GARD:0021402	autosomal dominant spastic ataxia	AD-SPAX	ad
GARD:0021403	autosomal recessive spastic ataxia	AR-SPAX	ar
GARD:0021404	chromosome 12p deletion	12p monosomy	p
GARD:0021404	chromosome 12p deletion	12p-	p
GARD:0021404	chromosome 12p deletion	del(12p)	del
GARD:0021404	chromosome 12p deletion	del(12p)	p
GARD:0021404	chromosome 12p deletion	12p del	p
GARD:0021404	chromosome 12p deletion	12p del	del
GARD:0021404	chromosome 12p deletion	12p deletion	p
GARD:0021404	chromosome 12p deletion	12p deletion	deletion
GARD:0021404	chromosome 12p deletion	monosomy 12p	p
GARD:0021404	chromosome 12p deletion	deletion 12p	deletion
GARD:0021404	chromosome 12p deletion	deletion 12p	p
GARD:0021437	9p13 microdeletion syndrome	monosomy 9p13	p
GARD:0021437	9p13 microdeletion syndrome	Del(9)(p13)	del
GARD:0021437	9p13 microdeletion syndrome	Del(9)(p13)	p
GARD:0021473	classic congenital lipoid adrenal hyperplasia due to star deficency	classic CLAH	classic
GARD:0021523	16q24.1 microdeletion syndrome	Del(16)(q24.1)	del
GARD:0021523	16q24.1 microdeletion syndrome	Del(16)(q24.1)	q
GARD:0021523	16q24.1 microdeletion syndrome	monosomy 16q24.1	q
GARD:0021526	neurodevelopmental disorder-craniofacial dysmorphism-cardiac defect-hip dysplasia syndrome due to 9q21 microdeletion	Del(9)(q21)	del
GARD:0021526	neurodevelopmental disorder-craniofacial dysmorphism-cardiac defect-hip dysplasia syndrome due to 9q21 microdeletion	Del(9)(q21)	q
GARD:0021535	arterial thoracic outlet syndrome	arterial TOS	arterial
GARD:0021536	venous thoracic outlet syndrome	Venous TOS	venous
GARD:0021556	20q11.2 microduplication syndrome	dup(20)(q11.2)	dup
GARD:0021556	20q11.2 microduplication syndrome	dup(20)(q11.2)	q
GARD:0021557	2p13.2 microdeletion syndrome	Del(2)(p13.2)	del
GARD:0021557	2p13.2 microdeletion syndrome	Del(2)(p13.2)	p
GARD:0021561	immune hydrops fetalis	immune HF	immune
GARD:0021564	ALK-positive large B-cell lymphoma	ALK+ LBCL	alk
GARD:0021564	ALK-positive large B-cell lymphoma	ALK-DLBCL	alk
GARD:0021597	ataxia - telangiectasia variant	v-AT	v
GARD:0021597	ataxia - telangiectasia variant	v-AT	at
GARD:0021601	qualitative or quantitative defects of alpha-dystroglycan	alpha-dystroglycanopathy	alpha
GARD:0021633	3q27.3 microdeletion syndrome	Del(3)(q27.3)	del
GARD:0021633	3q27.3 microdeletion syndrome	Del(3)(q27.3)	q
GARD:0021640	refractory celiac disease	refractory CD	refractory
GARD:0021641	Prader-Willi-like syndrome	PWS-like	like
GARD:0021645	neonatal autoimmune hemolytic anemia	neonatal AHA	neonatal
GARD:0021645	neonatal autoimmune hemolytic anemia	neonatal AHA	aha
GARD:0021645	neonatal autoimmune hemolytic anemia	neonatal AIHA	neonatal
GARD:0021646	neonatal dermatomyositis	neonatal DM	neonatal
GARD:0021647	neonatal lupus erythematosus	neonatal SLE	neonatal
GARD:0021659	secondary avascular necrosis	secondary AVN	secondary
GARD:0021660	traumatic avascular necrosis	traumatic AVN	traumatic
GARD:0021664	primary avascular necrosis	primary AVN	primary
GARD:0021665	idiopathic avascular necrosis	idiopathic AVN	idiopathic
GARD:0021729	polyarticular juvenile idiopathic arthritis	polyarticular JIA	polyarticular
GARD:0021735	proton-pump inhibitor-responsive esophageal eosinophilia	PPI-REE	ree
GARD:0021737	13q12.3 microdeletion syndrome	Del(13)(q12.3)	del
GARD:0021737	13q12.3 microdeletion syndrome	Del(13)(q12.3)	q
GARD:0021737	13q12.3 microdeletion syndrome	monosomy 13q12.3	q
GARD:0021744	secondary pulmonary alveolar proteinosis	secondary PAP	secondary
GARD:0021744	secondary pulmonary alveolar proteinosis	secondary PAP	pap
GARD:0021745	semicircular canal dehiscence syndrome	SCD syndrome	syndrome
GARD:0021813	3p25.3 microdeletion syndrome	monosomy 3p25.3	p
GARD:0021824	pediatric arterial ischemic stroke	pediatric AIS	pediatric
GARD:0021824	pediatric arterial ischemic stroke	childhood AIS	childhood
GARD:0021827	ALECT2 amyloidosis	LECT2 amyloidosis	amyloidosis
GARD:0021830	primary polyarteritis nodosa	primary PAN	primary
GARD:0021830	primary polyarteritis nodosa	primary PAN	pan
GARD:0021833	systemic polyarteritis nodosa	systemic PAN	systemic
GARD:0021833	systemic polyarteritis nodosa	systemic PAN	pan
GARD:0021852	nut midline carcinoma	NUT carcinoma	nut
GARD:0021852	nut midline carcinoma	NUT carcinoma	carcinoma
GARD:0021859	20q11.2 microdeletion syndrome	monosomy 20q11	q
GARD:0021859	20q11.2 microdeletion syndrome	Del(20)(q11.2)	del
GARD:0021859	20q11.2 microdeletion syndrome	Del(20)(q11.2)	q
GARD:0021875	19p13.3 microduplication syndrome	dup(19)(p13.13)	dup
GARD:0021875	19p13.3 microduplication syndrome	dup(19)(p13.13)	p
GARD:0021898	1p35.2 microdeletion syndrome	monosomy 1p35.2	p
GARD:0021898	1p35.2 microdeletion syndrome	Del(1)(p35.2)	del
GARD:0021898	1p35.2 microdeletion syndrome	Del(1)(p35.2)	p
GARD:0021898	1p35.2 microdeletion syndrome	deletion 1p35.2	deletion
GARD:0021898	1p35.2 microdeletion syndrome	deletion 1p35.2	p
GARD:0021902	Castleman-Kojima disease	TAFRO syndrome	syndrome
GARD:0021918	corpus callosum agenesis-macrocephaly-hypertelorism syndrome	dup(7)(q36.3)	dup
GARD:0021918	corpus callosum agenesis-macrocephaly-hypertelorism syndrome	dup(7)(q36.3)	q
GARD:0021995	isolated congenital hepatic fibrosis	isolated CHF	isolated
GARD:0022052	pancreatic neuroendocrine neoplasm	pancreatic NEN	pancreatic
GARD:0022056	pancreatic endocrine carcinoma	pancreatic NEC	pancreatic
GARD:0022058	esophageal neuroendocrine tumor	esophageal NEN	esophageal
GARD:0022058	esophageal neuroendocrine tumor	esophageal NET	esophageal
GARD:0022058	esophageal neuroendocrine tumor	esophageal NET	net
GARD:0022058	esophageal neuroendocrine tumor	esophagus NET	esophagus
GARD:0022058	esophageal neuroendocrine tumor	esophagus NET	net
GARD:0022058	esophageal neuroendocrine tumor	oesophagus NET	oesophagus
GARD:0022058	esophageal neuroendocrine tumor	oesophagus NET	net
GARD:0022071	congenital progressive bone marrow failure-b-cell immunodeficiency-skeletal dysplasia syndrome	MYSM1 deficiency	deficiency
GARD:0022198	chronic bilirubin encephalopathy	BIND	bind
GARD:0022202	17q24.2 microdeletion syndrome	Del(17)(q24)	del
GARD:0022202	17q24.2 microdeletion syndrome	Del(17)(q24)	q
GARD:0022216	Ehlers-Danlos syndrome, kyphoscoliotic type 1	EDS 6 (formerly)	formerly
GARD:0022216	Ehlers-Danlos syndrome, kyphoscoliotic type 1	kyphoscoliotic EDS	kyphoscoliotic
GARD:0022216	Ehlers-Danlos syndrome, kyphoscoliotic type 1	EDS VIA	via
GARD:0022251	autoimmune hepatitis type 1	type 1 AIH	type
GARD:0022252	autoimmune hepatitis type 2	type 2 AIH	type
GARD:0022253	seronegative autoimmune hepatitis	Seronegative AIH	seronegative
GARD:0022273	CEBPE-associated autoinflammation-immunodeficiency-neutrophil dysfunction syndrome	CAIN	cain
GARD:0022276	acute mast cell leukemia	Acute MCL	acute
GARD:0022277	chronic mast cell leukemia	Chronic MCL	chronic
GARD:0022286	idiopathic steroid-sensitive nephrotic syndrome with secondary steroid resistance	Secondary SRNS	secondary
GARD:0022300	warts-immunodeficiency-lymphedema-anogenital dysplasia syndrome	WILD syndrome	wild
GARD:0022300	warts-immunodeficiency-lymphedema-anogenital dysplasia syndrome	WILD syndrome	syndrome
GARD:0022312	blepharophimosis-ptosis-epicanthus inversus syndrome plus	BPES plus	plus
GARD:0022313	infantile-onset pulmonary alveolar proteinosis-hypogammaglobulinemia	OAS1 deficiency	deficiency
GARD:0022333	congenital infiltrating lipomatosis of the face	CIL-F	f
GARD:0022346	B-lymphoblastic leukemia/lymphoma with hypodiploidy	Hypodiploid ALL	all
GARD:0022380	Timothy syndrome type 1	LQT8 type 1	type
GARD:0022381	Timothy syndrome type 2	LQT8 type 2	type
GARD:0022382	Timothy syndrome, atypical type	Atypical LQT8	atypical
GARD:0022388	localized dystrophic epidermolysis bullosa	localised DEB	deb
GARD:0022388	localized dystrophic epidermolysis bullosa	localized DEB	deb
GARD:0022550	Rafiq syndrome	CDG2U	u
GARD:0022592	autosomal recessive nonsyndromic hearing loss 18A	DFNB18A	a
GARD:0022629	autosomal recessive nonsyndromic hearing loss 1B	DFNB1B	b
GARD:0022634	autosomal recessive nonsyndromic hearing loss 84A	DFNB84A	a
GARD:0022647	autosomal recessive nonsyndromic hearing loss 84B	DFNB84B	b
GARD:0022648	autosomal recessive nonsyndromic hearing loss 18B	DFNB18B	b
GARD:0022723	congenital myasthenic syndrome with tubular aggregates	CMS-TA	ta
GARD:0022724	GLUT1 deficiency syndrome	GLUT1DS	glut
GARD:0022761	digestive system neuroendocrine tumor, grade 1/2	gastroenteropancreatic NET	net
GARD:0022761	digestive system neuroendocrine tumor, grade 1/2	gastrointestinal NET	gastrointestinal
GARD:0022761	digestive system neuroendocrine tumor, grade 1/2	gastrointestinal NET	net
GARD:0022922	thyroid hormone resistance syndrome	TSH resistance	resistance
GARD:0022972	central nervous system leukemia	CNS leukemia	leukemia
GARD:0023052	malignant cardiac peripheral nerve sheath neoplasm	Cardiac MPNST	cardiac
GARD:0023052	malignant cardiac peripheral nerve sheath neoplasm	heart MPNST	heart
GARD:0023088	central nervous system sarcoma	CNS sarcoma	sarcoma
GARD:0023098	factor VII deficiency	F7 deficiency	f
GARD:0023098	factor VII deficiency	F7 deficiency	deficiency
GARD:0023143	photosensitive trichothiodystrophy	IBIDS syndrome	syndrome
GARD:0023145	ovarian neuroendocrine neoplasm	ovary NET	ovary
GARD:0023145	ovarian neuroendocrine neoplasm	ovary NET	net
GARD:0023146	breast neuroendocrine neoplasm	breast NET	breast
GARD:0023146	breast neuroendocrine neoplasm	breast NET	net
GARD:0023268	central nervous system rhabdomyosarcoma	CNS rhabdomyosarcoma	rhabdomyosarcoma
GARD:0023287	intestinal neuroendocrine neoplasm	intestine NET	intestine
GARD:0023287	intestinal neuroendocrine neoplasm	intestine NET	net
GARD:0023329	central nervous system angiosarcoma	CNS angiosarcoma	angiosarcoma
GARD:0023329	central nervous system angiosarcoma	CNS hemangiosarcoma	hemangiosarcoma
GARD:0023344	thymic large cell neuroendocrine carcinoma	thymic LCNEC	thymic
GARD:0023428	posterior pituitary gland neoplasm	PITUICYTOMA, benign	benign
GARD:0023465	central nervous system leiomyosarcoma	CNS leiomyosarcoma	leiomyosarcoma
GARD:0023555	adult acute lymphoblastic leukemia	adult ALL	adult
GARD:0023555	adult acute lymphoblastic leukemia	adult ALL	all
GARD:0023677	thyroid hyalinizing trabecular adenoma	PLAT	plat
GARD:0023713	central nervous system fibrosarcoma	CNS fibrosarcoma	fibrosarcoma
GARD:0023948	childhood malignant schwannoma	childhood MPNST	childhood
GARD:0023948	childhood malignant schwannoma	pediatric MPNST	pediatric
GARD:0024055	epithelioid malignant peripheral nerve sheath tumor	epithelioid MPNST	epithelioid
GARD:0024059	adult malignant schwannoma	adult MPNST	adult
GARD:0024069	malignant glandular tumor of peripheral nerve sheath	glandular MPNST	glandular
GARD:0024138	T-cell acute lymphoblastic leukemia	T-ALL	t
GARD:0024138	T-cell acute lymphoblastic leukemia	T-ALL	all
GARD:0024176	carcinoid tumor	NET G1	net
GARD:0024176	carcinoid tumor	NET G1	g
GARD:0024181	wet macular degeneration	wet AMD	wet
GARD:0024181	wet macular degeneration	wet ARMD	wet
GARD:0024188	visceral leishmaniasis	kala-azar	kala
GARD:0024190	lung neuroendocrine neoplasm	lung NET	lung
GARD:0024190	lung neuroendocrine neoplasm	lung NET	net
GARD:0024232	HIV-associated nephropathy	HIV nephropathy	nephropathy
GARD:0024247	myelophthisic anemia	anemia LEUKOERYTHROBLASTIC	anemia
GARD:0024247	myelophthisic anemia	anaemia LEUKOERYTHROBLASTIC	anaemia
GARD:0024276	pulmonary tuberculosis	lung TB	lung
GARD:0024276	pulmonary tuberculosis	pulmonary TB	pulmonary
GARD:0024282	adrenal gland myelolipoma	MYELOLIPOMA, benign	benign
GARD:0024299	breast diffuse large B-cell lymphoma	breast DLBCL	breast
GARD:0024357	low grade vulvar intraepithelial neoplasia	VIN grade 1	grade
GARD:0024357	low grade vulvar intraepithelial neoplasia	grade 1 VIN	grade
GARD:0024361	malignancy in giant cell tumor of bone	OSTEOCLASTOMA, malignant	malignant
GARD:0024425	tonsillar squamous cell carcinoma	tonsillar SCC	tonsillar
GARD:0024425	tonsillar squamous cell carcinoma	tonsil SCC	tonsil
GARD:0024429	undifferentiated pleomorphic sarcoma, inflammatory variant	inflammatory MFH	inflammatory
GARD:0024520	growth hormone secreting pituitary adenoma 1	PITA1	pita
GARD:0024527	arthrogryposis, distal, type 1a	DA1A	da
GARD:0024527	arthrogryposis, distal, type 1a	DA1A	a
GARD:0024530	alopecia, androgenetic, 1	AGA1	aga
GARD:0024535	branchiootorenal syndrome 1	BOR1	bor
GARD:0024539	cardiofaciocutaneous syndrome 1	CFC syndrome	syndrome
GARD:0024562	amelogenesis imperfecta, type 3A	AI3A	ai
GARD:0024562	amelogenesis imperfecta, type 3A	AI3A	a
GARD:0024593	holoprosencephaly 2	SIX3 holoprosencephaly	six
GARD:0024617	glaucoma 1, open angle, p	GLC1P	p
GARD:0024627	telangiectasia, hereditary hemorrhagic, type 1	ORW disease	disease
GARD:0024631	thrombophilia due to activated protein c resistance	resistance, APC	resistance
GARD:0024631	thrombophilia due to activated protein c resistance	APC resistance	resistance
GARD:0024644	peroxisome biogenesis disorder 1a (zellweger)	PBD1A	a
GARD:0024649	anemia, congenital dyserythropoietic, type 1a	CDAN1A	a
GARD:0024652	junctional epidermolysis bullosa, non-Herlitz type	JEB-I	i
GARD:0024694	mosaic variegated aneuploidy syndrome 1	MVA syndrome	syndrome
GARD:0024719	premature ovarian failure 2a	POF2A	a
GARD:0024721	premature ovarian failure 2b	POF2B	b
GARD:0024724	alopecia, androgenetic, 2	AGA2	aga
GARD:0024732	intellectual disability, X-linked 99, syndromic, female-restricted	MRXS99F	f
GARD:0024738	Aarskog-Scott syndrome, X-linked	MRXS16, included	included
GARD:0024741	immunodeficiency, x-linked, with deficiency of 115,000 dalton surface glycoprotein	Gpl115 deficiency	deficiency
GARD:0024768	neuronal intestinal dysplasia, type b	NID B	nid
GARD:0024768	neuronal intestinal dysplasia, type b	NID B	b
GARD:0024772	peroxisome biogenesis disorder 1b	PBD1B	b
GARD:0024782	hemochromatosis type 2A	HFE2A	a
GARD:0024783	branchiootic syndrome 1	BOS1	bos
GARD:0024798	ectrodactyly, ectodermal dysplasia, and cleft lip-palate syndrome 3	EEC syndrome 3	syndrome
GARD:0024806	hypotrichosis 1	APCDD1 hypotrichosis	hypotrichosis
GARD:0024818	muscular dystrophy-dystroglycanopathy type B5	MDC1C	c
GARD:0024837	platelet-type bleeding disorder 10	CD36 deficiency	deficiency
GARD:0024845	transposition of the great arteries, dextro-looped	D-TGA	d
GARD:0024846	muscular dystrophy-dystroglycanopathy type B6	MDC1D	d
GARD:0024871	corticosterone methyloxidase type 2 deficiency	18-oxidase deficiency	oxidase
GARD:0024871	corticosterone methyloxidase type 2 deficiency	18-oxidase deficiency	deficiency
GARD:0024895	heparin cofactor 2 deficiency	Hcf2 deficiency	deficiency
GARD:0024897	alopecia, androgenetic, 3	AGA3	aga
GARD:0024902	glaucoma 1, open angle, o	GLC1O	o
GARD:0024915	mitochondrial DNA depletion syndrome 4b	MTDPS4B	b
GARD:0024933	beta-thalassemia HBB/LCRB	beta-thalassemia	beta
GARD:0024934	lissencephaly 4	LIS4	lis
GARD:0024941	mannose-binding lectin deficiency	MBP deficiency	deficiency
GARD:0024941	mannose-binding lectin deficiency	MBL deficiency	deficiency
GARD:0024941	mannose-binding lectin deficiency	MBL2 deficiency	deficiency
GARD:0024963	immunodeficiency 28	Ifngr2 deficiency	deficiency
GARD:0024982	Alzheimer disease 18	AD18	ad
GARD:0024983	Alzheimer disease 19	AD19	ad
GARD:0024999	lissencephaly 6 with microcephaly	LIS6	lis
GARD:0025000	thrombocytopenia 5	ETV6 thrombocytopenia	thrombocytopenia
GARD:0025004	lissencephaly 7 with cerebellar hypoplasia	LIS7	lis
GARD:0025012	Parkinson disease 22, autosomal dominant	PARK22	park
GARD:0025013	primary coenzyme Q10 deficiency 8	COQ10D8	d
GARD:0025015	cerebral arteriopathy, autosomal dominant, with subcortical infarcts and leukoencephalopathy, type 2	CADASIL type 2	type
GARD:0025026	spinocerebellar ataxia, autosomal recessive 22	SCAR22	scar
GARD:0025027	developmental and epileptic encephalopathy, 37	DEE37	dee
GARD:0025031	congenital disorder of glycosylation, type iaa	CDG1AA	aa
GARD:0025035	spinocerebellar ataxia, autosomal recessive 24	SCAR24	scar
GARD:0025039	mitochondrial dna depletion syndrome 12a (cardiomyopathic type), autosomal dominant	MTDPS12A	a
GARD:0025044	lissencephaly 8	LIS8	lis
GARD:0025044	lissencephaly 8	lissencephaly 8; LIS8	lis
GARD:0025047	developmental and epileptic encephalopathy, 49	DEE49	dee
GARD:0025048	epilepsy, early-onset, vitamin B6-dependent	EPVB6D	d
GARD:0025055	developmental and epileptic encephalopathy, 51	DEE51	dee
GARD:0025056	gastric neuroendocrine tumor, well differentiated, low or intermediate grade	gastric NET	gastric
GARD:0025056	gastric neuroendocrine tumor, well differentiated, low or intermediate grade	gastric NET	net
GARD:0025057	neuroendocrine tumor of the colon, well differentiated, low or intermediate grade tumor	colonic NET	colonic
GARD:0025057	neuroendocrine tumor of the colon, well differentiated, low or intermediate grade tumor	colonic NET	net
GARD:0025063	herpes simplex virus keratitis	HSV keratitis	keratitis
GARD:0025137	adult nodular lymphocyte predominant Hodgkin lymphoma	adult NLPHD	adult
GARD:0025138	centripetalis recessive dystrophic epidermolysis bullosa	RDEB-Ce	ce
GARD:0025139	CREST syndrome	syndrome, CREST	syndrome
GARD:0025139	CREST syndrome	syndrome, CREST	crest
GARD:0025139	CREST syndrome	CRST syndrome	syndrome
GARD:0025140	ehlers-danlos syndrome, classic type, 1	EDS I	i
GARD:0025189	developmental and epileptic encephalopathy 91	DEE91	dee
GARD:0025209	ehlers-danlos syndrome, spondylodysplastic type, 1	XGPT deficiency	deficiency
GARD:0025229	proximal symphalangism 1A	SYM1A	a
GARD:0025232	ectodermal dysplasia and immunodeficiency 1	EDA-Id	id
GARD:0025232	ectodermal dysplasia and immunodeficiency 1	HED-Id	id
GARD:0025244	spinocerebellar ataxia, autosomal recessive, with axonal neuropathy 3	SCAN3	scan
GARD:0025245	spinocerebellar ataxia, autosomal recessive, with axonal neuropathy	SCAN	scan
GARD:0025287	congenital fibrosis of extraocular muscles type 1	Feom1 locus	locus
GARD:0025315	leukemia, myeloid, accelerated-phase	CML AGGRESSIVE	aggressive
GARD:0025315	leukemia, myeloid, accelerated-phase	CML ACCELERATED	accelerated
GARD:0025340	eyelid sebaceous gland carcinoma	eyelid SGC	eyelid
GARD:0025352	temporomandibular joint dysfunction syndrome	Syndrome, TMJ	syndrome
GARD:0025364	chromosome 13p duplication	Duplication 13p	duplication
GARD:0025364	chromosome 13p duplication	Duplication 13p	p
GARD:0025364	chromosome 13p duplication	trisomy 13p	trisomy
GARD:0025364	chromosome 13p duplication	trisomy 13p	p
GARD:0025365	chromosome 16p13.3 deletion syndrome	RSTS, Severe	severe
GARD:0025403	duodenal neuroendocrine neoplasm	duodenum NET	duodenum
GARD:0025403	duodenal neuroendocrine neoplasm	duodenum NET	net
GARD:0025407	aniridia 1	aniridia II	aniridia
GARD:0025414	myopathy, tubular aggregate, 1	TAM1	tam
GARD:0025418	glucocorticoid deficiency 1	ACTH resistance	resistance
GARD:0025429	D-2-hydroxyglutaric aciduria 1	D2HGA1	d
GARD:0025491	congenital disorder of glycosylation, type iir	CDG2R	r
GARD:0025497	Kleefstra syndrome 1	9q-syndrome	q
GARD:0025497	Kleefstra syndrome 1	9q-syndrome	syndrome
GARD:0025498	autosomal recessive cutis laxa type 2D	ARCL2D	d
GARD:0025499	autosomal recessive cutis laxa type 2C	ARCL2C	c
GARD:0025504	Usher syndrome, type 4	USH4	ush
GARD:0025512	lissencephaly 10	LIS10	lis
GARD:0025515	congenital disorder of glycosylation, type iit	CDG2T	t
GARD:0025523	mitchell syndrome	MITCH	mitch
GARD:0025526	developmental and epileptic encephalopathy 6b	DEE6B	dee
GARD:0025526	developmental and epileptic encephalopathy 6b	DEE6B	b
GARD:0025531	cardiomyopathy, dilated, 2d	CMD2D	d
GARD:0025534	spinocerebellar ataxia, autosomal recessive 29	SCAR29	scar
GARD:0025537	spinocerebellar ataxia, autosomal recessive 30	SCAR30	scar
GARD:0025538	spinocerebellar ataxia, autosomal recessive 31	SCAR31	scar
GARD:0025539	mitochondrial dna depletion syndrome 16b (neuroophthalmic type)	MTDPS16B	b
GARD:0025543	cutis laxa, autosomal recessive, type 2E	ARCL2E	e
GARD:0025545	myasthenic syndrome, congenital, 7b, presynaptic, autosomal recessive	CMS7B	b
GARD:0025554	cardiomyopathy, dilated, 2e	CMD2E	e
GARD:0025557	congenital disorder of glycosylation, type 2v	CDG2V	v
GARD:0025560	congenital disorder of glycosylation, type iiw	CDG2W	w
GARD:0025562	cone-rod dystrophy 22	CORD22	cord
GARD:0025564	developmental and epileptic encephalopathy 97	DEE97	dee
GARD:0025571	developmental and epileptic encephalopathy 98	DEE98	dee
GARD:0025572	developmental and epileptic encephalopathy 99	DEE99	dee
GARD:0025580	epidermolysis bullosa simplex 2a, generalized severe	EBS2A	a
GARD:0025593	epidermolysis bullosa simplex 2b, generalized intermediate	EBS2B	b
GARD:0025594	epidermolysis bullosa simplex 2c, localized	EBS2C	c
GARD:0025598	epidermolysis bullosa simplex 2d, generalized, intermediate or severe, autosomal recessive	EBS2D	d
GARD:0025607	Charcot-Marie-Tooth disease, demyelinating, IIA 1I	CMT1I	i
GARD:0025609	cardiomyopathy, dilated, 2f	CMD2F	f
GARD:0025612	Charcot-Marie-Tooth disease, demyelinating, IIA 1H	CMT1H	h
GARD:0025614	developmental and epileptic encephalopathy 100	DEE100	dee
GARD:0025619	anemia, congenital dyserythropoietic, type iiib, autosomal recessive	CDAN3B	b
GARD:0025626	developmental and epileptic encephalopathy 101	DEE101	dee
GARD:0025629	epidermolysis bullosa, junctional 2a, intermediate	JEB2A	a
GARD:0025630	epidermolysis bullosa, junctional 2b, severe	JEB2B	b
GARD:0025631	epidermolysis bullosa, junctional 3a, intermediate	JEB3A	a
GARD:0025632	epidermolysis bullosa, junctional 3b, severe	JEB3B	b
GARD:0025634	epidermolysis bullosa, junctional 5a, intermediate	JEB5A	a
GARD:0025649	developmental and epileptic encephalopathy 102	DEE102	dee
GARD:0025652	cardiomyopathy, dilated, 2g	CMD2G	g
GARD:0025667	developmental and epileptic encephalopathy 103	DEE103	dee
GARD:0025672	Waardenburg syndrome, IIa 2F	WS2F	f
GARD:0025677	developmental and epileptic encephalopathy 104	DEE104	dee
GARD:0025678	developmental and epileptic encephalopathy 105 with hypopituitarism	DEE105	dee
GARD:0025683	arthrogryposis, distal, IIa 11	DA11	da
GARD:0025685	developmental and epileptic encephalopathy 106	DEE106	dee
GARD:0025687	developmental and epileptic encephalopathy 107	DEE107	dee
GARD:0025693	amelogenesis imperfecta, IIa 1K	AI1K	ai
GARD:0025693	amelogenesis imperfecta, IIa 1K	AI1K	k
GARD:0025714	developmental and epileptic encephalopathy, 69	DEE69	dee
GARD:0025715	spinal muscular atrophy, lower extremity-predominant, 2b, prenatal onset, autosomal dominant	SMALED2B	b
GARD:0025724	spinocerebellar ataxia, autosomal recessive 27	SCAR27	scar
GARD:0025725	developmental and epileptic encephalopathy, 72	DEE72	dee
GARD:0025728	amelogenesis imperfecta, type 3C	AI3C	ai
GARD:0025728	amelogenesis imperfecta, type 3C	AI3C	c
GARD:0025733	arthrogryposis, distal, type 2b3	DA2B3	da
GARD:0025733	arthrogryposis, distal, type 2b3	DA2B3	b
GARD:0025745	neuropathy, hereditary motor and sensory, type vic, with optic atrophy	CMT 6C	c
GARD:0025745	neuropathy, hereditary motor and sensory, type vic, with optic atrophy	HMSN 6C	c
GARD:0025745	neuropathy, hereditary motor and sensory, type vic, with optic atrophy	HMSN6C	c
GARD:0025745	neuropathy, hereditary motor and sensory, type vic, with optic atrophy	CMT6C	c
GARD:0025754	developmental and epileptic encephalopathy, 80	DEE80	dee
GARD:0025760	developmental and epileptic encephalopathy, 81	DEE81	dee
GARD:0025765	developmental and epileptic encephalopathy, 82	DEE82	dee
GARD:0025765	developmental and epileptic encephalopathy, 82	Got2 Deficiency	got
GARD:0025765	developmental and epileptic encephalopathy, 82	Got2 Deficiency	deficiency
GARD:0025767	developmental and epileptic encephalopathy, 83	DEE83	dee
GARD:0025774	developmental and epileptic encephalopathy, 84	DEE84	dee
GARD:0025776	spinocerebellar ataxia, autosomal recessive 28	SCAR28	scar
GARD:0025786	spinocerebellar ataxia, autosomal recessive 25	SCAR25	scar
GARD:0025787	spinocerebellar ataxia, autosomal recessive 26	SCAR26	scar
GARD:0025795	developmental and epileptic encephalopathy, 56	DEE56	dee
GARD:0025796	developmental and epileptic encephalopathy, 57	DEE57	dee
GARD:0025797	developmental and epileptic encephalopathy, 59	DEE59	dee
GARD:0025798	developmental and epileptic encephalopathy, 61	DEE61	dee
GARD:0025799	developmental and epileptic encephalopathy, 63	DEE63	dee
GARD:0025808	immunodeficiency 73b with defective neutrophil chemotaxis and lymphopenia	IMD73B	b
GARD:0025831	latent tuberculosis infection	inactive TB	inactive
GARD:0025875	central nervous system lupus	CNS lupus	lupus
GARD:0025913	childhood myelodysplastic syndrome	childhood MDS	childhood
GARD:0025945	peroxisome biogenesis disorder 10b	PBD10B	b
GARD:0025954	pituitary adenoma 5, multiple types	PITA5	pita
GARD:0025957	pituitary adenoma 3, multiple types	PITA3	pita
GARD:0025965	blepharocheilodontic syndrome 1	BCD syndrome	syndrome
GARD:0025981	classic dopamine transporter deficiency syndrome	classic DTDS	classic
GARD:0025985	developmental and epileptic encephalopathy, 66	DEE66	dee
GARD:0025986	epilepsy, familial adult myoclonic, 6	FAME6	fame
GARD:0025987	epilepsy, familial adult myoclonic, 7	FAME7	fame
GARD:0025999	polydactyly, postaxial, type a7	PAPA7	papa
GARD:0026012	classic congenital adrenal hyperplasia	classic CAH	classic
GARD:0026014	secondary mast cell activation syndrome	secondary MACS	secondary
GARD:0026026	idiopathic mast cell activation syndrome	idiopathic MACS	idiopathic
GARD:0026032	tyrosine hydroxylase deficiency	TH deficiency	th
GARD:0026032	tyrosine hydroxylase deficiency	TH deficiency	deficiency
GARD:0026036	developmental and epileptic encephalopathy, 6	DEE6	dee
GARD:0026038	alpha-actinopathy	ACTA1 disease	acta
GARD:0026038	alpha-actinopathy	ACTA1 disease	disease
GARD:0026050	TPM3-related myopathy	TPM3 myopathy	myopathy
GARD:0026051	dry age related macular degeneration	dry ARMD	dry
GARD:0026051	dry age related macular degeneration	dry AMD	dry
GARD:0026069	COVID-19‚Äìassociated multisystem inflammatory syndrome in children	MIS-C	c
GARD:0026073	TTN-related myopathy	TTN myopathy	myopathy
GARD:0026075	immunodeficiency 102	SASH3 deficiency	sash
GARD:0026075	immunodeficiency 102	SASH3 deficiency	deficiency
GARD:0026079	TPM2-related myopathy	TPM2 myopathy	myopathy
GARD:0026086	A20 haploinsufficiency	HA20	ha
GARD:0026090	fatty acyl-CoA reductase 1 upregulation	FAR1 upregulation	far
GARD:0026098	46,xx sex reversal 1	ovotesticular DSD	ovotesticular
GARD:0026100	phytanoyl-CoA hydroxylase deficiency	PHYH deficiency	deficiency
GARD:0026115	glyceronephosphate O-acyltransferase deficiency	GNPAT deficiency	deficiency
GARD:0026116	alkylglycerone-phosphate synthase deficiency	AGPS deficiency	deficiency
GARD:0026117	fatty acyl-CoA reductase defects	FAR1 defect	far
GARD:0026117	fatty acyl-CoA reductase defects	FAR1 defect	defect
GARD:0026120	alanine glyoxylate aminotransferase deficiency	AGXT deficiency	deficiency
GARD:0026120	alanine glyoxylate aminotransferase deficiency	AGXT defect	defect
GARD:0026127	early T cell progenitor acute lymphoblastic leukemia	ETP ALL	all
GARD:0026127	early T cell progenitor acute lymphoblastic leukemia	ETP-ALL	all
GARD:0026134	bile acid CoA:amino acid N-acyltransferase deficiency	BAAT deficiency	deficiency
GARD:0026142	COVID-19‚Äìassociated multisystem inflammatory syndrome in adults	MIS-A	a
GARD:0026173	acute myeloid leukemia, Trisomy 8	AML, Trisomy 8	trisomy
GARD:0026173	acute myeloid leukemia, Trisomy 8	AML, tri8	tri
GARD:0026175	acute myeloid leukemia, t(2;12)	AML, t(2;12)	t
GARD:0026176	acute myeloid leukemia, t(11;17)	AML, t(11;17)	t
GARD:0026177	acute myeloid leukemia, t(8;16)	AML, t(8;16)	t
GARD:0026178	acute myeloid leukemia, t(1;22)	AML, t(1;22)	t
GARD:0026211	actb-associated syndromic thrombocytopenia	ACTB-AST	ast
GARD:0026212	Schwartz-Jampel syndrome type 1	SJA syndrome	syndrome
GARD:0026213	RPGR-related retinopathy	COD1	cod
GARD:0026215	glycogen storage disease IXa2	GSD9A2	a
GARD:0026216	GUCY2D-related dominant retinopathy	CORD6	cord
GARD:0026221	CNGB3-related retinopathy	ACHM1 (formerly)	formerly
GARD:0026221	CNGB3-related retinopathy	RMCH1 (formerly)	formerly
GARD:0026221	CNGB3-related retinopathy	CNGB3 achromatopsia	achromatopsia
GARD:0026221	CNGB3-related retinopathy	ACHM1, formerly	formerly
GARD:0026222	ATF6-related retinopathy	ATF6 achromatopsia	achromatopsia
GARD:0026223	RAB28-related retinopathy	CORD18	cord
GARD:0026223	RAB28-related retinopathy	RAB28 retinopathy	rab
GARD:0026225	CEP290-related ciliopathy	CEP290 ciliopathy	cep
GARD:0026227	GUCY2D-related recessive retinopathy	CORD6	cord
GARD:0026239	active tuberculosis	active TB	active
GARD:0026274	age-related clonal hematopoiesis	ARCH	arch
GARD:0026288	SSR3-CDG	SSR3 deficiency	deficiency
GARD:0026339	myopathy caused by variation in FKRP	FKRP myopathy	myopathy
GARD:0026340	myopathy caused by variation in FKTN	FKTN myopathy	myopathy
GARD:0026341	myopathy caused by variation in POMGNT1	POMGNT1 myopathy	myopathy
GARD:0026342	myopathy caused by variation in POMGNT2	POMGNT2 myopathy	myopathy
GARD:0026343	myopathy caused by variation in POMT1	POMT1 myopathy	myopathy
GARD:0026344	myopathy caused by variation in POMT2	POMT2 myopathy	myopathy
GARD:0026345	glutaric acidemia IIa	ETFA deficiency	deficiency
GARD:0026345	glutaric acidemia IIa	GA2A	ga
GARD:0026345	glutaric acidemia IIa	GA2A	a
GARD:0026346	glutaric acidemia IIb	GA2B	ga
GARD:0026346	glutaric acidemia IIb	GA2B	b
GARD:0026346	glutaric acidemia IIb	ETFB deficiency	deficiency
GARD:0026348	glutaric acidemia IIc	ETFDH deficiency	deficiency
GARD:0026348	glutaric acidemia IIc	GA2C	ga
GARD:0026348	glutaric acidemia IIc	GA2C	c
GARD:0026349	newborn respiratory distress syndrome	infant ARDS	infant
GARD:0026364	distal chromosome 18q deletion syndrome	distal 18q-	distal
GARD:0026364	distal chromosome 18q deletion syndrome	distal 18q-	q
GARD:0026372	atypical dopamine transporter deficiency syndrome	atypical DTDS	atypical
GARD:0026434	NMNAT1-related retinopathy	SHILCA Syndrome	syndrome
GARD:0026435	CNGA3-related retinopathy	CNGA3 achromatopsia	achromatopsia
GARD:0026438	persistent tachypnoe of infancy, aberrant	PTI, aberrant	aberrant
GARD:0026439	persistent tachypnoe of infancy, usual	PTI, usual	usual
GARD:0026478	arthrogryposis, distal, type 2B4	DA2B4	da
GARD:0026478	arthrogryposis, distal, type 2B4	DA2B4	b
GARD:0026483	fibrosis of extraocular muscles, congenital, 3b	CFEOM3B	b
GARD:0026484	glaucoma 1, open angle, l	GLC1L	l
GARD:0026488	glycogen storage disease Id	GSD1D	d
GARD:0026489	neuropathy, hereditary sensory and autonomic, type IId	HSAN2D	d
GARD:0026491	myoclonic epilepsy of lafora 2	EPM2B	b
GARD:0026503	cone-rod dystrophy 14	CORD14	cord
GARD:0026528	parkinson disease 19B, early-onset	PARK19B	park
GARD:0026528	parkinson disease 19B, early-onset	PARK19B	b
GARD:0026575	PRKAG2-related cardiomyopathy	PRKAG2 syndrome	syndrome
GARD:0026986	pyoderma gangrenosum-acne-hidradenitis suppurativa-ankylosing spondylitis syndrome	PASS syndrome	pass
GARD:0026986	pyoderma gangrenosum-acne-hidradenitis suppurativa-ankylosing spondylitis syndrome	PASS syndrome	syndrome
GARD:0026987	psoriatic arthritis-pyoderma gangrenosum-acne-hidradenitis suppurativa syndrome	PSAPASH syndrome	syndrome
GARD:0027059	GATA2 deficiency with susceptibility to MDS/AML	GATA2 deficiency	gata
GARD:0027059	GATA2 deficiency with susceptibility to MDS/AML	GATA2 deficiency	deficiency
GARD:0027116	EN1-related dorsoventral syndrome	ENDOVE syndrome	syndrome
GARD:0027146	POLR3-related leukodystrophy	4H leukodystrophy	h
