GardID	Name	Synonym	Matched Term
GARD:0000011	alternating hemiplegia of childhood	alternating hemiplegia	alternating
GARD:0000011	alternating hemiplegia of childhood	alternating hemiplegia	hemiplegia
GARD:0000031	serpiginous choroiditis	peripapillary choriopathy	peripapillary
GARD:0000031	serpiginous choroiditis	Choroiditis, Serpiginous	choroiditis
GARD:0000031	serpiginous choroiditis	Choroiditis, Serpiginous	serpiginous
GARD:0000031	serpiginous choroiditis	geographic choroiditis	geographic
GARD:0000045	congenital varicella syndrome	Varicella embryopathy	varicella
GARD:0000054	duodenal atresia	duodenal stenosis	duodenal
GARD:0000054	duodenal atresia	duodenal stenosis	stenosis
GARD:0000065	Galloway-Mowat syndrome	Galloway syndrome	galloway
GARD:0000068	Hypoglossia-hypodactyly syndrome	aglossia adactylia	aglossia
GARD:0000068	Hypoglossia-hypodactyly syndrome	aglossia adactylia	adactylia
GARD:0000093	monilethrix	nodose hair	nodose
GARD:0000093	monilethrix	nodose hair	hair
GARD:0000105	oculocerebral hypopigmentation syndrome, cross type	Cross syndrome	cross
GARD:0000109	progressive osseous heteroplasia	osteoma cutis	osteoma
GARD:0000109	progressive osseous heteroplasia	osteoma cutis	cutis
GARD:0000139	familial atrial myxoma	intracardiac myxoma	intracardiac
GARD:0000139	familial atrial myxoma	intracardiac myxoma	myxoma
GARD:0000140	atresia of small intestine	jejunal atresia	jejunal
GARD:0000143	hypertrichosis cubiti-short stature syndrome	hypertrichosis cubiti	hypertrichosis
GARD:0000143	hypertrichosis cubiti-short stature syndrome	hairy elbows	hairy
GARD:0000159	scalp-ear-nipple syndrome	Sen syndrome	sen
GARD:0000180	macrothrombocytopenia and granulocyte inclusions with or without nephritis or sensorineural hearing loss	matins	matins
GARD:0000180	macrothrombocytopenia and granulocyte inclusions with or without nephritis or sensorineural hearing loss	Sebastian syndrome	sebastian
GARD:0000181	Stargardt disease	fundus flavimaculatus	fundus
GARD:0000183	bubonic plague	black death	black
GARD:0000198	spinal muscular atrophy, type iii	sma 3	sma
GARD:0000207	alveolar echinococcosis	multilocular hydatid	multilocular
GARD:0000207	alveolar echinococcosis	multilocular hydatid	hydatid
GARD:0000213	axial mesodermal dysplasia spectrum	blastogenesis defect	blastogenesis
GARD:0000215	familial caudal dysgenesis	sacral agenesis	sacral
GARD:0000215	familial caudal dysgenesis	caudal regression	caudal
GARD:0000221	dilated cardiomyopathy	congestive cardiomyopathy	congestive
GARD:0000223	acoustic neuroma	neuroma, acoustic	neuroma
GARD:0000223	acoustic neuroma	acoustic neurinoma	neurinoma
GARD:0000223	acoustic neuroma	vestibular neurilemmoma	vestibular
GARD:0000225	radial hemimelia	radial clubhand	radial
GARD:0000225	radial hemimelia	radial clubhand	clubhand
GARD:0000232	medullary sponge kidney	sponge kidney	sponge
GARD:0000250	Schwartz-Jampel syndrome	burton syndrome	burton
GARD:0000250	Schwartz-Jampel syndrome	myotonic chondrodystrophy	myotonic
GARD:0000250	Schwartz-Jampel syndrome	myotonic chondrodystrophy	chondrodystrophy
GARD:0000296	short tarsus-absence of lower eyelashes syndrome	stale	stale
GARD:0000319	sacrococcygeal teratoma	presacral teratoma	presacral
GARD:0000328	wandering spleen	floating spleen	floating
GARD:0000328	wandering spleen	ptosis, splenic	ptosis
GARD:0000328	wandering spleen	splenoptosis	splenoptosis
GARD:0000329	Wells syndrome	eosinophilic cellulitis	cellulitis
GARD:0000351	dacryocystitis-osteopoikilosis syndrome	dacryocystitis osteopoikilosis	dacryocystitis
GARD:0000359	cranioectodermal dysplasia	Levin syndrome	levin
GARD:0000361	acalvaria	Acrania	acrania
GARD:0000363	acatalasia	catalase deficiency	catalase
GARD:0000364	arrhinia	Nose agenesia	nose
GARD:0000364	arrhinia	Nose agenesia	agenesia
GARD:0000364	arrhinia	isolated arrhinia	arrhinia
GARD:0000368	laryngo-onycho-cutaneous syndrome	logic syndrome	logic
GARD:0000373	Quinquaud's folliculitis decalvans	folliculitis decalvans	folliculitis
GARD:0000377	adactylia, unilateral	adactylia unilateral	adactylia
GARD:0000377	adactylia, unilateral	adactylia unilateral	unilateral
GARD:0000386	tetraamelia-multiple malformations syndrome	Zimmer phocomelia	phocomelia
GARD:0000390	autosomal dominant osteosclerosis, worth type	hyperostosis, endosteal	hyperostosis
GARD:0000390	autosomal dominant osteosclerosis, worth type	hyperostosis, endosteal	endosteal
GARD:0000391	osteomesopyknosis	axial osteosclerosis	axial
GARD:0000391	osteomesopyknosis	axial osteosclerosis	osteosclerosis
GARD:0000393	tungiasis	Tunga penetrans	tunga
GARD:0000393	tungiasis	Sarcopsylla penetrans	sarcopsylla
GARD:0000393	tungiasis	chigger flea	flea
GARD:0000396	tularemia	lemming fever	lemming
GARD:0000396	tularemia	rabbit fever	rabbit
GARD:0000396	tularemia	Yatobyo (Japan)	japan
GARD:0000418	pentosuria	essential pentosuria	pentosuria
GARD:0000425	tufted angioma	tufted hemangioma	tufted
GARD:0000427	ptosis-vocal cord paralysis syndrome	tucker syndrome	tucker
GARD:0000429	amniotic band syndrome	amniotic bands	amniotic
GARD:0000429	amniotic band syndrome	amputation, congenital	amputation
GARD:0000429	amniotic band syndrome	Adam Complex	adam
GARD:0000429	amniotic band syndrome	Adam Complex	complex
GARD:0000431	microtia	microtia, congenital	microtia
GARD:0000454	accessory pancreas	pancreas accessorium	pancreas
GARD:0000456	achalasia microcephaly syndrome	achalasia microcephaly	achalasia
GARD:0000465	isovaleric acidemia	isovaleric aciduria	isovaleric
GARD:0000467	propionic acidemia	propionic aciduria	propionic
GARD:0000467	propionic acidemia	prop	prop
GARD:0000491	Prata-Liberal-Goncalves syndrome	acrodysplasia scoliosis	scoliosis
GARD:0000502	hypertrichosis-acromegaloid facial appearance syndrome	haff	haff
GARD:0000508	Acroosteolysis dominant type	Cheney syndrome	cheney
GARD:0000522	acute lymphoblastic leukemia	lymphoblastic leukaemia	lymphoblastic
GARD:0000525	acute monocytic leukemia	monocytic leukaemia	monocytic
GARD:0000546	adenine phosphoribosyltransferase deficiency	urolithiasis, Dha	urolithiasis
GARD:0000594	oculocutaneous albinism type 1b	Yellow albinism	yellow
GARD:0000602	allergic bronchopulmonary aspergillosis	allergic aspergillosis	aspergillosis
GARD:0000614	alopecia universalis congenita	atrichia, generalised	atrichia
GARD:0000676	hereditary neurocutaneous angioma	hemangiomatosis, disseminated	hemangiomatosis
GARD:0000701	tooth ankylosis	molar 1 reinclusion	reinclusion
GARD:0000701	tooth ankylosis	dental ankylosis	dental
GARD:0000701	tooth ankylosis	dental ankylosis	ankylosis
GARD:0000705	annular pancreas	pancreas, annular	pancreas
GARD:0000705	annular pancreas	pancreas, annular	annular
GARD:0000713	matthew-wood syndrome	spear syndrome	spear
GARD:0000738	congenital aortopulmonary window	aortopulmonary fistula	fistula
GARD:0000774	arterial tortuosity syndrome	arterial tortuosity	arterial
GARD:0000774	arterial tortuosity syndrome	arterial tortuosity	tortuosity
GARD:0000777	arthrogryposis multiplex congenita	Otto syndrome	otto
GARD:0000809	balantidiasis	balantidiosis	balantidiosis
GARD:0000809	balantidiasis	Human balantidiasis	balantidiasis
GARD:0000809	balantidiasis	ciliary dysentery	ciliary
GARD:0000809	balantidiasis	ciliary dysentery	dysentery
GARD:0000842	diffuse idiopathic skeletal hyperostosis	dish	dish
GARD:0000844	myotonia congenita, autosomal recessive	Becker disease	becker
GARD:0000863	IgA glomerulonephritis	focal glomerulonephritis	focal
GARD:0000863	IgA glomerulonephritis	segmental glomerulonephritis	segmental
GARD:0000863	IgA glomerulonephritis	iga nephropathy	nephropathy
GARD:0000867	chronic beryllium disease	berylliosis	berylliosis
GARD:0000867	chronic beryllium disease	beryllium poisoning	beryllium
GARD:0000867	chronic beryllium disease	Subacute berylliosis	subacute
GARD:0000869	beta-mannosidosis	mannosidosis, beta	beta
GARD:0000871	beta thalassemia	erythroblastic anaemia	erythroblastic
GARD:0000871	beta thalassemia	Thalassemias, beta-	beta
GARD:0000894	biotinidase deficiency	biotin deficiency	biotin
GARD:0000916	Blount disease	tibia vara	tibia
GARD:0000916	Blount disease	tibia vara	vara
GARD:0000918	Brachymorphism-onychodysplasia-dysphalangism syndrome	Senior syndrome	senior
GARD:0000942	diphyllobothriasis	fish tapeworm	fish
GARD:0000942	diphyllobothriasis	fish tapeworm	tapeworm
GARD:0000942	diphyllobothriasis	Diphyllobothrium infection	diphyllobothrium
GARD:0000967	brachydactyly-arterial hypertension syndrome	Bilginturan brachydactyly	brachydactyly
GARD:0000972	brachydactyly-preaxial hallux varus syndrome	Christian brachydactyly	christian
GARD:0000972	brachydactyly-preaxial hallux varus syndrome	Christian brachydactyly	brachydactyly
GARD:0001019	brittle cornea syndrome	kyphoscoliosis type	kyphoscoliosis
GARD:0001058	X-linked calvarial hyperostosis	calvarial hyperostosis	hyperostosis
GARD:0001063	idiopathic camptocormia	bent spine	bent
GARD:0001063	idiopathic camptocormia	bent spine	spine
GARD:0001119	Carney complex	lamb	lamb
GARD:0001139	autosomal recessive palmoplantar keratoderma and congenital alopecia	cass	cass
GARD:0001160	cataract-glaucoma syndrome	cataract - glaucoma	glaucoma
GARD:0001164	caudal duplication	dipygus	dipygus
GARD:0001223	neuronal ceroid lipofuscinosis 5	Finnish Vlincl	finnish
GARD:0001237	char syndrome	char	char
GARD:0001292	chondrocalcinosis 2	calcium gout	calcium
GARD:0001292	chondrocalcinosis 2	calcium gout	gout
GARD:0001300	acromesomelic dysplasia 2a	Brazilian achondrogenesis	brazilian
GARD:0001300	acromesomelic dysplasia 2a	Grebe syndrome	grebe
GARD:0001301	ellis-van creveld syndrome	mesodermic dysplasia	mesodermic
GARD:0001303	chordoma	notochordal sarcoma	notochordal
GARD:0001359	chylous ascites	ascites, chylous	ascites
GARD:0001359	chylous ascites	ascites, chylous	chylous
GARD:0001410	COACH syndrome	gentile syndrome	gentile
GARD:0001436	coloboma of macula	macular coloboma	macular
GARD:0001436	coloboma of macula	macular coloboma	coloboma
GARD:0001437	coloboma of macula-brachydactyly type b syndrome	apical dystrophy	apical
GARD:0001446	colonic atresia	colon atresia	colon
GARD:0001481	congenital diaphragmatic hernia	diaphragmatic hernia	diaphragmatic
GARD:0001481	congenital diaphragmatic hernia	diaphragmatic hernia	hernia
GARD:0001487	congenital hypothyroidism	congenital goiter	goiter
GARD:0001493	congenital mesoblastic nephroma	mesoblastic nephroma	mesoblastic
GARD:0001500	congenital nephrotic syndrome, finnish type	nephrosis, congenital	nephrosis
GARD:0001513	continuous spikes and waves during sleep	epileptic aphasia	epileptic
GARD:0001513	continuous spikes and waves during sleep	epileptic aphasia	aphasia
GARD:0001544	congenitally corrected transposition of the great arteries	Double discordance	discordance
GARD:0001544	congenitally corrected transposition of the great arteries	ventricular inversion	ventricular
GARD:0001544	congenitally corrected transposition of the great arteries	ventricular inversion	inversion
GARD:0001555	pelviscapular dysplasia	cousin syndrome	cousin
GARD:0001564	cranio-osteoarthropathy	cranio osteoarthropathy	osteoarthropathy
GARD:0001609	creeping myiasis	migratory myiasis	migratory
GARD:0001614	cataract-nephropathy-encephalopathy syndrome	crome syndrome	crome
GARD:0001620	cryptogenic organizing pneumonia	constrictive bronchiolitis	constrictive
GARD:0001620	cryptogenic organizing pneumonia	constrictive bronchiolitis	bronchiolitis
GARD:0001629	cutaneous larva migrans	dew itch	itch
GARD:0001629	cutaneous larva migrans	creeping eruption	eruption
GARD:0001685	DOORS syndrome	door syndrome	door
GARD:0001802	demodicidosis	demodectic mange	demodectic
GARD:0001802	demodicidosis	demodectic mange	mange
GARD:0001806	dentin dysplasia type ii	pulpal dysplasia	pulpal
GARD:0001806	dentin dysplasia type ii	pulp stones	pulp
GARD:0001807	dentin dysplasia type i	rootless teeth	rootless
GARD:0001807	dentin dysplasia type i	rootless teeth	teeth
GARD:0001815	dermochondrocorneal dystrophy	Francois syndrome	francois
GARD:0001820	desmoid tumor	aggressive fibromatosis	aggressive
GARD:0001820	desmoid tumor	deep fibromatosis	deep
GARD:0001820	desmoid tumor	desmoid fibromatosis	desmoid
GARD:0001827	dextrocardia	dextrocardia (disease)	dextrocardia
GARD:0001851	diastematomyelia	diplomyelia	diplomyelia
GARD:0001854	hyperdibasic aminoaciduria type 1	dibasic aminoaciduria 1	dibasic
GARD:0001854	hyperdibasic aminoaciduria type 1	dibasic aminoaciduria 1	aminoaciduria
GARD:0001875	diphtheria	Corynebacterium infection	corynebacterium
GARD:0001876	diprosopus	craniofacial duplication	craniofacial
GARD:0001891	distomatosis	fluke infection	fluke
GARD:0001891	distomatosis	distomiasis	distomiasis
GARD:0001896	isolated cleft palate	cleft palate	palate
GARD:0001904	subcortical band heterotopia	band heterotopia	heterotopia
GARD:0001904	subcortical band heterotopia	Double cortex	cortex
GARD:0001904	subcortical band heterotopia	heterotopic cortex	heterotopic
GARD:0001975	duplication of urethra	urethral duplication	urethral
GARD:0001994	dyschondrosteosis-nephritis syndrome	dyschondrosteosis nephritis	nephritis
GARD:0002016	dysostosis, stanescu type	Stanescu osteosclerosis	osteosclerosis
GARD:0002027	early-onset generalized limb-onset dystonia	torsion dystonia 1	torsion
GARD:0002044	Leukomelanoderma-infantilism-intellectual disability-hypodontia-hypotrichosis syndrome	Berlin syndrome	berlin
GARD:0002068	ectrodactyly-polydactyly syndrome	ectrodactyly polydactyly	ectrodactyly
GARD:0002108	encephalocraniocutaneous lipomatosis	Fishman syndrome	fishman
GARD:0002155	pretibial dystrophic epidermolysis bullosa	Deb, pretibial	pretibial
GARD:0002168	epilepsy-telangiectasia syndrome	epilepsy telangiectasia	telangiectasia
GARD:0002197	esthesioneuroblastoma	olfactory neuroblastoma	olfactory
GARD:0002198	ethylmalonic encephalopathy	encephalopathy, ethylmalonic	encephalopathy
GARD:0002245	tetralogy of fallot	Fallot tetralogy	tetralogy
GARD:0002249	familial thoracic aortic aneurysm and aortic dissection	annuloaortic ectasia	ectasia
GARD:0002250	band heterotopia of brain	band heterotopia	heterotopia
GARD:0002258	familial porencephaly	hereditary porencephaly	porencephaly
GARD:0002361	formaldehyde poisoning	formaldehyde exposure	formaldehyde
GARD:0002361	formaldehyde poisoning	formaldehyde exposure	exposure
GARD:0002361	formaldehyde poisoning	formaldehyde toxicity	toxicity
GARD:0002361	formaldehyde poisoning	Formalin toxicity	formalin
GARD:0002397	diaphragmatic defect-limb deficiency-skull defect syndrome	froster syndrome	froster
GARD:0002408	upper limb mesomelic dysplasia	ulnar hypoplasia	ulnar
GARD:0002418	furuncular myiasis	furunculoid myiasis	furunculoid
GARD:0002418	furuncular myiasis	furunculous myiasis	furunculous
GARD:0002419	fused mandibular incisors	Double tooth	tooth
GARD:0002424	galactosemia	galactose intolerance	galactose
GARD:0002436	gastric mucosal hypertrophy	hypertrophic gastritis	gastritis
GARD:0002436	gastric mucosal hypertrophy	hypertrophic gastropathy	gastropathy
GARD:0002454	holoprosencephaly-craniosynostosis syndrome	Genoa syndrome	genoa
GARD:0002469	large congenital melanocytic nevus	nevus spilus	spilus
GARD:0002474	fibromatosis, gingival, 2	gingival fibromatosis, 2	gingival
GARD:0002475	fibromatosis, gingival, 4	gingival fibromatosis, 4	gingival
GARD:0002486	hereditary glaucoma	glaucoma, hereditary	glaucoma
GARD:0002491	glioblastoma	spongioblastoma multiforme	spongioblastoma
GARD:0002546	gonococcal conjunctivitis	conjunctivitis gonococcal	conjunctivitis
GARD:0002546	gonococcal conjunctivitis	conjunctivitis gonococcal	gonococcal
GARD:0002549	Goodman syndrome	Goodman camptodactyly	goodman
GARD:0002555	nonsyndromic congenital nail disorder 3	porcelain nails	porcelain
GARD:0002630	isolated hemihyperplasia	hemihypertrophy	hemihypertrophy
GARD:0002630	isolated hemihyperplasia	Hemicorporal hypertrophy	hypertrophy
GARD:0002637	hemimegalencephaly	unilateral megalencephaly	unilateral
GARD:0002651	liver mesenchymal hamartoma	biliary hamartoma	biliary
GARD:0002658	tyrosinemia type i	hepatorenal tyrosinemia	hepatorenal
GARD:0002659	hereditary methemoglobinemia	congenital methemoglobinemia	methemoglobinemia
GARD:0002684	congenital high-molecular-weight kininogen deficiency	Flaujeac trait	trait
GARD:0002714	Hodgkins lymphoma	Hodgkin disease	hodgkin
GARD:0002720	holoacardius amorphus	fetus anideus	fetus
GARD:0002720	holoacardius amorphus	amorphous globosus	amorphous
GARD:0002764	cystic echinococcosis	echinococcus granulosus	echinococcus
GARD:0002764	cystic echinococcosis	hydatid disease	hydatid
GARD:0002764	cystic echinococcosis	unilocular echinococcosis	unilocular
GARD:0002783	hydrops fetalis	fetal hydrops	hydrops
GARD:0002783	hydrops fetalis	fetal anasarca	anasarca
GARD:0002783	hydrops fetalis	fetal edema	edema
GARD:0002804	hypereosinophilic syndrome	eosinophilia	eosinophilia
GARD:0002826	epidermolytic palmoplantar keratoderma, 1	tylosis	tylosis
GARD:0002828	hyperlysinemia	lysine intolerance	lysine
GARD:0002833	hyperostosis corticalis generalisata	endosteal hyperostosis	endosteal
GARD:0002833	hyperostosis corticalis generalisata	endosteal hyperostosis	hyperostosis
GARD:0002835	primary hyperoxaluria type 1	glycolic aciduria	glycolic
GARD:0002836	primary hyperoxaluria type 2	glyceric aciduria	glyceric
GARD:0002858	familial hyperthyroidism due to mutations in tsh receptor	Nonautoimmune hyperthyroidism	hyperthyroidism
GARD:0002865	hypertrichosis lanuginosa congenita	hypertrichosis universalis	hypertrichosis
GARD:0002877	autosomal dominant hypocalcemia	hypocalcemia	hypocalcemia
GARD:0002926	congenital prothrombin deficiency	prothrombin deficiency	prothrombin
GARD:0002934	congenital hypothalamic hamartoma syndrome	hypothalamic hamartoma	hypothalamic
GARD:0002978	anterior segment dysgenesis 3	glaucoma iridogoniodysgenesia	glaucoma
GARD:0002998	infantile myofibromatosis	multicentric myofibromatosis	multicentric
GARD:0003056	gingival fibromatosis-progressive deafness syndrome	Jones syndrome	jones
GARD:0003065	juvenile polyposis syndrome	juvenile polyposis	polyposis
GARD:0003071	hypogonadotropic hypogonadism 1 with or without anosmia	anosmic hypogonadism	anosmic
GARD:0003109	Kerion celsi	Trichophyton infection	trichophyton
GARD:0003115	isolated cloverleaf skull syndrome	cloverleaf skull	cloverleaf
GARD:0003115	isolated cloverleaf skull syndrome	cloverleaf skull	skull
GARD:0003122	angioosteohypertrophic syndrome	haemangiectatic hypertrophy	hypertrophy
GARD:0003123	klumpke's paralysis	Klumpke Palsy	palsy
GARD:0003129	hereditary hyperekplexia	startle disease	startle
GARD:0003170	autosomal recessive congenital ichthyosis 1	collodion fetus	collodion
GARD:0003170	autosomal recessive congenital ichthyosis 1	collodion fetus	fetus
GARD:0003188	laryngotracheoesophageal cleft	laryngeal cleft	laryngeal
GARD:0003188	laryngotracheoesophageal cleft	tracheal cleft	tracheal
GARD:0003194	larynx atresia	laryngeal atresia	laryngeal
GARD:0003224	leri-weill dyschondrosteosis	Madelung deformity	deformity
GARD:0003321	filarial elephantiasis	Bancroftian filariasis	filariasis
GARD:0003321	filarial elephantiasis	Bancroftian elephantiasis	elephantiasis
GARD:0003321	filarial elephantiasis	eyelid elephantiasis	eyelid
GARD:0003324	lymphatic malformation 5	lymphedema praecox	praecox
GARD:0003329	lymphoblastic lymphoma	lymphoma, lymphoblastic	lymphoblastic
GARD:0003335	lysinuric protein intolerance	dibasic aminoaciduria 2	dibasic
GARD:0003335	lysinuric protein intolerance	dibasic aminoaciduria 2	aminoaciduria
GARD:0003342	macroglossia	enlarged tongue	enlarged
GARD:0003342	macroglossia	enlarged tongue	tongue
GARD:0003342	macroglossia	giant tongue	giant
GARD:0003371	malonic aciduria	malonic acidemia	malonic
GARD:0003413	maternal phenylketonuria	maternal hyperphenylalaninemia	maternal
GARD:0003475	myelomeningocele	meningomyelocele	meningomyelocele
GARD:0003520	skeletal dysplasia-intellectual disability syndrome	Christian syndrome	christian
GARD:0003553	Langer mesomelic dysplasia	dyschondrosteosis, homozygous	homozygous
GARD:0003635	congenital microcoria	microcoria, congenital	microcoria
GARD:0003635	congenital microcoria	pinhole pupils	pinhole
GARD:0003652	microscopic polyangiitis	microscopic polyarteritis	microscopic
GARD:0003652	microscopic polyangiitis	microscopic polyarteritis	polyarteritis
GARD:0003655	microsporidiosis	Microsporidia infection	microsporidia
GARD:0003668	Miller Fisher syndrome	syndrome, Fisher	fisher
GARD:0003685	mitral atresia disorder	mitral atresia	mitral
GARD:0003688	MVP1	barlow syndrome	barlow
GARD:0003701	orofaciodigital syndrome type II	mohr syndrome	mohr
GARD:0003726	chromosome 18 mosaic monosomy	Mosaic monosomy 18	mosaic
GARD:0003787	VIPoma	pancreatic cholera	cholera
GARD:0003829	multiple endocrine neoplasia type 1	men 1	men
GARD:0003862	mycetoma	Madura foot	foot
GARD:0003863	mycosis fungoides	granuloma fungoides	granuloma
GARD:0003865	ataxia-pancytopenia syndrome	myelocerebellar disorder	myelocerebellar
GARD:0003879	myoglobinuria, recurrent	myoglobinuria recurrent	recurrent
GARD:0003892	X-linked myopathy with excessive autophagy	vacuolar myopathy	vacuolar
GARD:0003896	inclusion body myositis	inflammatory myopathy	inflammatory
GARD:0003955	amyotrophic neuralgia	neuralgic amyotrophy	neuralgic
GARD:0003955	amyotrophic neuralgia	neuralgic amyotrophy	amyotrophy
GARD:0003956	chorea-acanthocytosis	Chac	chac
GARD:0003956	chorea-acanthocytosis	chorea acanthocytosis	chorea
GARD:0003972	mitochondrial dna depletion syndrome 6 (hepatocerebral type)	Navajo neurohepatopathy	navajo
GARD:0003976	hereditary sensory and autonomic neuropathy type 2	neurogenic acroosteolysis	neurogenic
GARD:0003986	familial multiple nevi flammei	capillary malformations	capillary
GARD:0004001	noma	gangrenous stomatitis	gangrenous
GARD:0004001	noma	gangrenous stomatitis	stomatitis
GARD:0004001	noma	noma neonatorum	noma
GARD:0004001	noma	oral gangrene	oral
GARD:0004001	noma	oral gangrene	gangrene
GARD:0004003	maternally-inherited diabetes and deafness	mitochondrial diabetes	mitochondrial
GARD:0004003	maternally-inherited diabetes and deafness	mitochondrial diabetes	diabetes
GARD:0004010	neuronal ceroid lipofuscinosis 8 northern epilepsy variant	Northern epilepsy	northern
GARD:0004014	port-wine nevi-mega cisterna magna-hydrocephalus syndrome	nova syndrome	nova
GARD:0004015	cleft larynx, posterior	stridor, congenital	stridor
GARD:0004054	odonto-onycho-dermal dysplasia	ectodermal dysplasia	ectodermal
GARD:0004085	poikiloderma with neutropenia	Prurigo Nodularis	prurigo
GARD:0004155	osteopetrosis	osteosclerosis fragilis	osteosclerosis
GARD:0004155	osteopetrosis	osteopetrosis (disease)	osteopetrosis
GARD:0004156	autosomal recessive osteopetrosis 6	intermediate osteopetrosis	intermediate
GARD:0004156	autosomal recessive osteopetrosis 6	intermediate osteopetrosis	osteopetrosis
GARD:0004218	paraomphalocele	Paraomphalocele, epigastric	epigastric
GARD:0004218	paraomphalocele	Paraomphalocele, hypogastric	hypogastric
GARD:0004219	hereditary spastic paraplegia 17	Silver syndrome	silver
GARD:0004264	peho syndrome	peho	peho
GARD:0004272	penile agenesis	micropenis	micropenis
GARD:0004272	penile agenesis	penis agenesia	agenesia
GARD:0004273	penoscrotal transposition	Prepenile scrotum	scrotum
GARD:0004344	piebaldism	piebald trait	piebald
GARD:0004344	piebaldism	piebald trait	trait
GARD:0004344	piebaldism	partial albinism	partial
GARD:0004357	late-onset retinal degeneration	pigmentary retinopathy	pigmentary
GARD:0004359	ringed hair disease	pili annulati	pili
GARD:0004359	ringed hair disease	ringed hair	ringed
GARD:0004359	ringed hair disease	ringed hair	hair
GARD:0004361	pili torti	twisted hair	hair
GARD:0004380	hypoplasminogenemia	ligneous conjunctivitis	ligneous
GARD:0004380	hypoplasminogenemia	ligneous conjunctivitis	conjunctivitis
GARD:0004414	polydactyly, postaxial, type a1	polydactyly, postaxial	postaxial
GARD:0004417	polydactyly of a biphalangeal thumb	thenar hypoplasia	thenar
GARD:0004446	cutaneous porphyria	erythropoietic porphyria	erythropoietic
GARD:0004454	postpoliomyelitis syndrome	postpolio sequelae	sequelae
GARD:0004457	choroiditis	posterior uveitis	posterior
GARD:0004475	familial male-limited precocious puberty	pubertas praecox	praecox
GARD:0004497	Fontaine progeroid syndrome	Petty syndrome	petty
GARD:0004500	acromelanosis	progressive acromelanosis	progressive
GARD:0004504	X-linked mixed hearing loss with perilymphatic gusher	perceptive deafness	perceptive
GARD:0004504	X-linked mixed hearing loss with perilymphatic gusher	Nance deafness	nance
GARD:0004509	proliferating trichilemmal cyst	Pilar tumor	pilar
GARD:0004509	proliferating trichilemmal cyst	Pilar cyst	cyst
GARD:0004542	pseudoachondroplastic dysplasia 2	recessive pseudoachondroplasia	recessive
GARD:0004553	pseudohypoaldosteronism type 2	Gordon syndrome	gordon
GARD:0004553	pseudohypoaldosteronism type 2	hypertensive hyperkalemia	hypertensive
GARD:0004593	congenital pulmonary sequestration	bronchopulmonary sequestration	bronchopulmonary
GARD:0004593	congenital pulmonary sequestration	bronchopulmonary sequestration	sequestration
GARD:0004599	congenital pulmonary venous return anomaly	scimitar anomaly	scimitar
GARD:0004610	pyknoachondrogenesis	camera syndrome	camera
GARD:0004612	Pyle disease	metaphyseal dysplasia	metaphyseal
GARD:0004614	pyomyositis	suppurative myositis	suppurative
GARD:0004614	pyomyositis	tropical pyomyositis	tropical
GARD:0004701	alveolar rhabdomyosarcoma	rhabdomyosarcoma, alveolar	alveolar
GARD:0004704	polymyalgia rheumatica	rhizomelic pseudopolyarthritis	rhizomelic
GARD:0004705	rhizomelic syndrome, urbach type	rhizomelic syndrome	rhizomelic
GARD:0004737	Mayer-Rokitansky-Kuster-Hauser syndrome type 1	Mullerian dysgenesis	mullerian
GARD:0004742	rubella	german measles	german
GARD:0004742	rubella	german measles	measles
GARD:0004742	rubella	Rubella infection	rubella
GARD:0004744	congenital rubella syndrome	Rubella, Congenital	rubella
GARD:0004767	schwannoma	neurinoma	neurinoma
GARD:0004774	succinyl-coa:3-ketoacid coa transferase deficiency	scot deficiency	scot
GARD:0004791	renal hypodysplasia/aplasia 1	renal aplasia	aplasia
GARD:0004792	testicular seminoma	testis seminoma	testis
GARD:0004818	shigellosis	Shigella gastroenteritis	shigella
GARD:0004818	shigellosis	Shigella gastroenteritis	gastroenteritis
GARD:0004818	shigellosis	Shigella dysentery	dysentery
GARD:0004818	shigellosis	japanese dysentery	japanese
GARD:0004818	shigellosis	bacillary dysentery	bacillary
GARD:0004877	solitary median maxillary central incisor syndrome	Fused incisors	fused
GARD:0004883	situs inversus	laterality sequence	laterality
GARD:0004883	situs inversus	situs ambiguus	situs
GARD:0004900	somatostatinoma	ampullary somatostatinoma	ampullary
GARD:0004908	inherited torticollis	congenital wryneck	wryneck
GARD:0004938	juvenile neuronal ceroid lipofuscinosis	batten disease	batten
GARD:0004945	spinal muscular atrophy, type ii	Sma 2	sma
GARD:0004971	spondyloarthropathy	seronegative spondyloarthropathy	seronegative
GARD:0004974	spondylocarpotarsal synostosis syndrome	spondylocarpotarsal synostosis	synostosis
GARD:0004997	familial spontaneous pneumothorax	spontaneous pneumothorax	spontaneous
GARD:0004997	familial spontaneous pneumothorax	spontaneous pneumothorax	pneumothorax
GARD:0005003	sebocystomatosis	steatocystoma multiplex	multiplex
GARD:0005012	sternal cleft	cleft sternum	sternum
GARD:0005021	otospondylomegaepiphyseal dysplasia, autosomal dominant	osmed, heterozygous	heterozygous
GARD:0005084	cenani-lenz syndactyly syndrome	Cenani syndactylism	syndactylism
GARD:0005100	syringocystadenoma papilliferum	papillary Syringadenoma	papillary
GARD:0005144	tetanus	clostridial tetanus	clostridial
GARD:0005144	tetanus	clostridial tetanus	tetanus
GARD:0005144	tetanus	lockjaw	lockjaw
GARD:0005148	tetra-amelia	total amelia	amelia
GARD:0005151	tetraploidy syndrome	tetraploidy	tetraploidy
GARD:0005153	duplication/inversion 15q11	idic(15)	idic
GARD:0005153	duplication/inversion 15q11	inverted duplication 15	inverted
GARD:0005186	diffuse nonepidermolytic palmoplantar keratoderma	tylosis	tylosis
GARD:0005194	autoimmune thrombocytopenic purpura	immune thrombocytopenia	immune
GARD:0005233	tracheal agenesis	tracheal absence	tracheal
GARD:0005233	tracheal agenesis	tracheal absence	absence
GARD:0005250	trichinellosis	trichinosis	trichinosis
GARD:0005250	trichinellosis	trichiniasis	trichiniasis
GARD:0005258	trichohepatoenteric syndrome	phenotypic diarrhea	phenotypic
GARD:0005270	trichothiodystrophy 1, photosensitive	trichothiodystrophy, photosensitive	photosensitive
GARD:0005295	triploidy	triploid syndrome	triploid
GARD:0005295	triploidy	triploidy syndrome	triploidy
GARD:0005332	chromosome 20 trisomy	mosaic trisomy 20	mosaic
GARD:0005392	galactose epimerase deficiency	gale deficiency	gale
GARD:0005443	vacterl/vater association	vacterl association	association
GARD:0005470	congenital velopharyngeal incompetence	palatopharyngeal incompetence	palatopharyngeal
GARD:0005488	congenital vertical talus	vertical talus	vertical
GARD:0005488	congenital vertical talus	vertical talus	talus
GARD:0005494	viral hemorrhagic fever	hemorrhagic fever	hemorrhagic
GARD:0005494	viral hemorrhagic fever	haemorrhagic fever	haemorrhagic
GARD:0005506	vitreoretinal degeneration	degenerative vitreoretinopathy	degenerative
GARD:0005525	Waardenburg syndrome	Mende syndrome	mende
GARD:0005597	isolated familial wooly hair disorder	woolly hair	hair
GARD:0005648	photosensitive epilepsy	photoparoxysmal response	response
GARD:0005648	photosensitive epilepsy	photogenic epilepsy	photogenic
GARD:0005653	gliosarcoma	sarcomatous glioblastoma	sarcomatous
GARD:0005657	PFAPA syndrome	Marshall syndrome	marshall
GARD:0005680	46,XY disorder of sex development due to 5-alpha-reductase 2 deficiency	micropenis	micropenis
GARD:0005692	partial androgen insensitivity syndrome	pais	pais
GARD:0005693	reactive arthritis	polyarthritis enterica	polyarthritis
GARD:0005693	reactive arthritis	venereal arthritis	venereal
GARD:0005693	reactive arthritis	venereal arthritis	arthritis
GARD:0005693	reactive arthritis	postdysenteric arthropathy	postdysenteric
GARD:0005693	reactive arthritis	postdysenteric arthropathy	arthropathy
GARD:0005695	retinopathy of prematurity	Terry syndrome	terry
GARD:0005695	retinopathy of prematurity	premature retinopathy	premature
GARD:0005697	fibrosclerosis, multifocal	multifocal fibrosclerosis	multifocal
GARD:0005699	rheumatic fever	inflammatory rheumatism	inflammatory
GARD:0005699	rheumatic fever	inflammatory rheumatism	rheumatism
GARD:0005700	rickets	nutritional rickets	nutritional
GARD:0005700	rickets	rachitis	rachitis
GARD:0005700	rickets	hypovitaminosis D	hypovitaminosis
GARD:0005708	idiopathic achalasia	primary achalasia	achalasia
GARD:0005714	glycogen storage disease ii	Aglucosidase alfa	alfa
GARD:0005717	acquired agranulocytosis	agranulocytic angina	angina
GARD:0005725	acromegaly	pituitary giant	giant
GARD:0005728	actinomycosis	Actinomyces israeli	actinomyces
GARD:0005728	actinomycosis	Actinomyces israeli	israeli
GARD:0005728	actinomycosis	actinomycotic mycetema	actinomycotic
GARD:0005728	actinomycosis	boil	boil
GARD:0005741	combined carcinoid and adenocarcinoma	composite carcinoid	composite
GARD:0005743	adenoid cystic carcinoma	cylindroid adenocarcinoma	cylindroid
GARD:0005743	adenoid cystic carcinoma	cylindroma	cylindroma
GARD:0005743	adenoid cystic carcinoma	cribriform carcinoma	cribriform
GARD:0005749	Holmes-Adie syndrome	tonic pupil	tonic
GARD:0005749	Holmes-Adie syndrome	tonic pupil	pupil
GARD:0005750	adiposis dolorosa	lipomatosis dolorosa	lipomatosis
GARD:0005774	Alexander disease	alexanders leukodystrophy	alexanders
GARD:0005775	alkaptonuria	hereditary ochronosis	ochronosis
GARD:0005775	alkaptonuria	homogentisic acidura	homogentisic
GARD:0005775	alkaptonuria	alkaptonuric ochronosis	alkaptonuric
GARD:0005785	Alport syndrome	hereditary nephritis	nephritis
GARD:0005802	otopalatodigital syndrome type 2	Andre syndrome	andre
GARD:0005803	androgen insensitivity syndrome	Morris syndrome	morris
GARD:0005803	androgen insensitivity syndrome	testicular feminization	feminization
GARD:0005808	anencephaly 1	anencephaly	anencephaly
GARD:0005813	liver angiosarcoma	Lias	lias
GARD:0005819	testicular agenesis	anorchia	anorchia
GARD:0005819	testicular agenesis	bilateral anorchia	bilateral
GARD:0005819	testicular agenesis	empty scrotum	empty
GARD:0005819	testicular agenesis	empty scrotum	scrotum
GARD:0005824	antiphospholipid syndrome	Hughes syndrome	hughes
GARD:0005828	aorta coarctation	aortic coarctation	aortic
GARD:0005828	aorta coarctation	aortic coarctation	coarctation
GARD:0005833	Apert syndrome	syndactylic oxycephaly	syndactylic
GARD:0005833	Apert syndrome	syndactylic oxycephaly	oxycephaly
GARD:0005839	arachnoiditis	adhesive arachnoiditis	adhesive
GARD:0005839	arachnoiditis	adhesive arachnoiditis	arachnoiditis
GARD:0005852	asbestosis	asbestos pneumoconiosis	asbestos
GARD:0005862	ataxia telangiectasia	ataxia - telangiectasia	telangiectasia
GARD:0005867	localized lipodystrophy	focal lipodystrophy	focal
GARD:0005878	babesiosis	babesiasis	babesiasis
GARD:0005878	babesiosis	piroplasmosis	piroplasmosis
GARD:0005881	bacterial meningitis	meningitis, bacterial	bacterial
GARD:0005885	Balo concentric sclerosis	concentric demyelination	concentric
GARD:0005885	Balo concentric sclerosis	Marburg variant	variant
GARD:0005888	congestive splenomegaly	fibrocongestive splenomegaly	splenomegaly
GARD:0005893	Bartter syndrome	Potassium wasting	potassium
GARD:0005893	Bartter syndrome	Potassium wasting	wasting
GARD:0005893	Bartter syndrome	hypokalemic alkalosis	alkalosis
GARD:0005896	migraine with brainstem aura	vertebrobasilar migraine	vertebrobasilar
GARD:0005896	migraine with brainstem aura	vertebrobasilar migraine	migraine
GARD:0005896	migraine with brainstem aura	basilar migraine	basilar
GARD:0005897	neuronal ceroid lipofuscinosis 3	batten disease	batten
GARD:0005900	Becker muscular dystrophy	Becker dystrophinopathy	becker
GARD:0005905	bejel	nonvenereal syphilis	nonvenereal
GARD:0005905	bejel	nonvenereal syphilis	syphilis
GARD:0005905	bejel	endemic syphilis	endemic
GARD:0005913	mucous membrane pemphigoid	mucosal pemphigoid	mucosal
GARD:0005913	mucous membrane pemphigoid	ocular pemphigus	ocular
GARD:0005913	mucous membrane pemphigoid	cicatricial pemphigoid	cicatricial
GARD:0005926	birdshot chorioretinopathy	birdshot chorioretinitis	chorioretinitis
GARD:0005926	birdshot chorioretinopathy	vitiliginous choroiditis	vitiliginous
GARD:0005926	birdshot chorioretinopathy	vitiliginous choroiditis	choroiditis
GARD:0005940	blue rubber bleb nevus	bean syndrome	bean
GARD:0005961	bronchiolitis obliterans syndrome	constrictive bronchiolitis	constrictive
GARD:0005961	bronchiolitis obliterans syndrome	constrictive bronchiolitis	bronchiolitis
GARD:0005961	bronchiolitis obliterans syndrome	organized pneumonia	organized
GARD:0005961	bronchiolitis obliterans syndrome	obliterative bronchiolitis	obliterative
GARD:0005966	brucellosis	Gibraltar fever	gibraltar
GARD:0005966	brucellosis	Maltese fever	maltese
GARD:0005966	brucellosis	Mediterranean fever	mediterranean
GARD:0005966	brucellosis	Rock fever	rock
GARD:0005966	brucellosis	undulant fever	undulant
GARD:0005969	thromboangiitis obliterans	presenile gangrene	presenile
GARD:0005969	thromboangiitis obliterans	presenile gangrene	gangrene
GARD:0005974	burning mouth syndrome	oral dysesthesia	oral
GARD:0005974	burning mouth syndrome	oral dysesthesia	dysesthesia
GARD:0005974	burning mouth syndrome	stomatodynia	stomatodynia
GARD:0005975	scleredema adultorum	scleredema	scleredema
GARD:0005978	C syndrome	trigonocephaly syndrome	trigonocephaly
GARD:0006004	cartilage cancer	cartilaginous cancer	cartilaginous
GARD:0006007	caudal regression sequence	caudal dysplasia	caudal
GARD:0006010	macrocystic lymphatic malformation	cavernous lymphangioma	cavernous
GARD:0006039	child syndrome	child nevus	child
GARD:0006040	childhood disintegrative disorder	disintegrative psychosis	psychosis
GARD:0006040	childhood disintegrative disorder	symbiotic psychosis	symbiotic
GARD:0006043	cholera	Vibrio cholerae	vibrio
GARD:0006047	chondroblastoma	chondroblastoma (disease)	chondroblastoma
GARD:0006051	cartilage development disorder	chondrodystrophy	chondrodystrophy
GARD:0006059	choriocarcinoma	chorionic carcinoma	chorionic
GARD:0006059	choriocarcinoma	chorioepithelioma	chorioepithelioma
GARD:0006059	choriocarcinoma	chorion carcinoma	chorion
GARD:0006060	chorioretinitis	chorioretinitis (disease)	chorioretinitis
GARD:0006111	eosinophilic granulomatosis with polyangiitis	allergic angiitis	angiitis
GARD:0006121	Coats disease	exudative retinopathy	exudative
GARD:0006121	Coats disease	retinal telangiectasis	telangiectasis
GARD:0006122	Cockayne syndrome	progeroid nanism	nanism
GARD:0006123	coffin-lowry syndrome	Coffin syndrome 1	coffin
GARD:0006140	common variable immunodeficiency	sporadic hypogammaglobulinemia	sporadic
GARD:0006141	compartment syndrome	compartmental syndrome	compartmental
GARD:0006148	hereditary antithrombin deficiency	Antithrombin Deficiency	antithrombin
GARD:0006183	congenital sucrase-isomaltase deficiency	disaccharide intolerance, 1	disaccharide
GARD:0006206	Crouzon syndrome	craniofacial dysostosis	craniofacial
GARD:0006218	cryptococcosis	European cryptococcosis	european
GARD:0006218	cryptococcosis	torulosis	torulosis
GARD:0006218	cryptococcosis	torula	torula
GARD:0006227	cutis laxa	loose skin	loose
GARD:0006229	cyclic hematopoiesis	cyclical neutropenia	cyclical
GARD:0006229	cyclic hematopoiesis	neutropenia, periodic	periodic
GARD:0006234	cystic hygroma	cystic lymphangioma	cystic
GARD:0006234	cystic hygroma	hygroma	hygroma
GARD:0006236	cystinosis	cystine diathesis	cystine
GARD:0006236	cystinosis	cystine diathesis	diathesis
GARD:0006237	cystinuria	cystinuria (disease)	cystinuria
GARD:0006243	Darier disease	keratosis follicularis	keratosis
GARD:0006254	dengue disease	classical dengue	dengue
GARD:0006254	dengue disease	hemorrhagic dengue	hemorrhagic
GARD:0006275	diastrophic dysplasia	diastrophic dwarfism	diastrophic
GARD:0006276	diencephalic syndrome	diencephalic cachexia	diencephalic
GARD:0006276	diencephalic syndrome	diencephalic cachexia	cachexia
GARD:0006276	diencephalic syndrome	Russell syndrome	russell
GARD:0006286	dracunculiasis	dracontiasis	dracontiasis
GARD:0006288	Duane retraction syndrome	Duane syndrome	duane
GARD:0006288	Duane retraction syndrome	retraction syndrome	retraction
GARD:0006313	Ebstein anomaly	Ebstein malformation	malformation
GARD:0006317	ectodermal dysplasia syndrome	ectodermal dysplasia	ectodermal
GARD:0006319	split hand-foot malformation	ectrodactyly	ectrodactyly
GARD:0006322	Ehlers-Danlos syndrome	elastic skin	elastic
GARD:0006332	encephalitis lethargica	epidemic encephalitis	epidemic
GARD:0006332	encephalitis lethargica	lethargic encephalitis	lethargic
GARD:0006333	isolated encephalocele	encephalocele	encephalocele
GARD:0006333	isolated encephalocele	craniocele	craniocele
GARD:0006333	isolated encephalocele	bifid cranium	bifid
GARD:0006333	isolated encephalocele	bifid cranium	cranium
GARD:0006337	infective endocarditis	endocarditis, infective	endocarditis
GARD:0006337	infective endocarditis	endocarditis, infective	infective
GARD:0006353	ependymoma	epithelial ependymoma	epithelial
GARD:0006359	epidermolysis bullosa	acantholysis bullosa	acantholysis
GARD:0006369	Erdheim-Chester disease	lipoid granulomatosis	lipoid
GARD:0006377	primary erythermalgia	erythromelalgia, familial	erythromelalgia
GARD:0006381	esophageal atresia/tracheoesophageal fistula	tracheoesophageal fistula	tracheoesophageal
GARD:0006381	esophageal atresia/tracheoesophageal fistula	tracheoesophageal fistula	fistula
GARD:0006389	Evans syndrome	Evan syndrome	evan
GARD:0006389	Evans syndrome	immune pancytopenia	immune
GARD:0006398	bladder exstrophy	ectopia vesicae	vesicae
GARD:0006400	Fabry disease	angiokeratoma, diffuse	angiokeratoma
GARD:0006408	classic familial adenomatous polyposis	polyposis coli	polyposis
GARD:0006408	classic familial adenomatous polyposis	polyposis coli	coli
GARD:0006421	familial mediterranean fever	periodic disease	periodic
GARD:0006427	farmer's lung disease	farmer lung	farmer
GARD:0006458	dystonia, focal, task-specific	occupational cramp	occupational
GARD:0006458	dystonia, focal, task-specific	occupational cramp	cramp
GARD:0006464	fragile x syndrome	marker 10 syndrome	marker
GARD:0006464	fragile x syndrome	fragile 10 syndrome	fragile
GARD:0006465	Fraser syndrome	cryptophthalmos syndrome	cryptophthalmos
GARD:0006465	Fraser syndrome	cyclopism	cyclopism
GARD:0006481	autoerythrocyte sensitization syndrome	psychogenic purpura	psychogenic
GARD:0006481	autoerythrocyte sensitization syndrome	Autoerythrocyte sensitization	sensitization
GARD:0006497	pemphigoid gestationis	gestational pemphigoid	gestational
GARD:0006498	gestational trophoblastic neoplasm	hydatidiform mole	hydatidiform
GARD:0006498	gestational trophoblastic neoplasm	molar pregnancy	pregnancy
GARD:0006506	pituitary gigantism	gigantism	gigantism
GARD:0006506	pituitary gigantism	hypophyseal gigantism	hypophyseal
GARD:0006509	fibromatosis, gingival, 1	gingival fibromatosis, 1	gingival
GARD:0006513	glioma	glial tumour	glial
GARD:0006513	glioma	neuroglial tumor	neuroglial
GARD:0006516	glomerulonephritis	glomerular nephritis	nephritis
GARD:0006517	focal segmental glomerulosclerosis	focal glomerulosclerosis	focal
GARD:0006521	glucose-galactose malabsorption	monosaccharide malabsorption	monosaccharide
GARD:0006522	glutaryl-coa dehydrogenase deficiency	glutaric acidemia 1	glutaric
GARD:0006523	multiple acyl-coa dehydrogenase deficiency	glutaric aciduria 2	glutaric
GARD:0006529	glycogen storage disease vi	hers disease	hers
GARD:0006542	gorham-stout disease	osteolysis, massive	osteolysis
GARD:0006542	gorham-stout disease	osteolysis, massive	massive
GARD:0006556	ornithine aminotransferase deficiency	gyrate atrophy	gyrate
GARD:0006556	ornithine aminotransferase deficiency	hoga	hoga
GARD:0006560	hairy cell leukemia	leukemic reticuloendotheliosis	leukemic
GARD:0006568	autosomal recessive congenital ichthyosis 4B	'Harlequin fetus'	harlequin
GARD:0006568	autosomal recessive congenital ichthyosis 4B	'Harlequin fetus'	fetus
GARD:0006591	hemophilia a	classic hemophilia	hemophilia
GARD:0006594	essential thrombocythemia	hemorrhagic thrombocythemia	hemorrhagic
GARD:0006621	hereditary elliptocytosis	Hashimoto Encephalopathy	encephalopathy
GARD:0006622	hereditary fructose intolerance	fructose intolerance	fructose
GARD:0006632	hereditary chronic pancreatitis	familial pancreatitis	pancreatitis
GARD:0006632	hereditary chronic pancreatitis	pancreatitis, calcific	calcific
GARD:0006643	Hermansky-Pudlak syndrome	Hepatopulmonary Syndrome	hepatopulmonary
GARD:0006649	herpes simplex encephalitis	herpetic encephalitis	herpetic
GARD:0006657	chronic hiccup	Hiccups, intractable	intractable
GARD:0006657	chronic hiccup	intractable singultus	singultus
GARD:0006657	chronic hiccup	persistent hiccups	persistent
GARD:0006660	Hirschsprung disease	congenital megacolon	megacolon
GARD:0006660	Hirschsprung disease	aganglionic megacolon	aganglionic
GARD:0006660	Hirschsprung disease	pelvirectal achalasia	pelvirectal
GARD:0006660	Hirschsprung disease	pelvirectal achalasia	achalasia
GARD:0006661	histidinemia	Hal deficiency	hal
GARD:0006667	classic homocystinuria	thrombosis, hyperhomocysteinemic	thrombosis
GARD:0006675	mucopolysaccharidosis type 2	Hunter syndrome	hunter
GARD:0006677	Huntington disease	Huntington chorea	chorea
GARD:0006703	hyperlipoproteinemia type 3	remnant hyperlipidemia	remnant
GARD:0006704	hyperlipoproteinemia type V	hyperlipemia mixed	hyperlipemia
GARD:0006731	dilution, pigmentary	albinism, partial	partial
GARD:0006734	hypophosphatasia	hypophosphatasia mild	mild
GARD:0006760	idiopathic juvenile osteoporosis	osteoporosis, juvenile	osteoporosis
GARD:0006763	pulmonary hemosiderosis	pulmonary siderosis	siderosis
GARD:0006763	pulmonary hemosiderosis	brown induration	brown
GARD:0006763	pulmonary hemosiderosis	brown induration	induration
GARD:0006768	thrombocytopenia due to immune destruction	immune thrombocytopenia	immune
GARD:0006769	imperforate anus	anal stenosis	stenosis
GARD:0006769	imperforate anus	anorectal malformations	anorectal
GARD:0006769	imperforate anus	anus, imperforate	anus
GARD:0006769	imperforate anus	anus, imperforate	imperforate
GARD:0006781	infective arthritis	septic arthritis	septic
GARD:0006781	infective arthritis	septic arthritis	arthritis
GARD:0006784	inflammatory breast carcinoma	mastitis carcinomatosa	mastitis
GARD:0006789	intestinal pseudo-obstruction	intestinal pseudoobstruction	intestinal
GARD:0006789	intestinal pseudo-obstruction	intestine pseudoobstruction	intestine
GARD:0006795	right atrial isomerism	right isomerism	isomerism
GARD:0006797	Japanese encephalitis	Encephalitis, Japanese	japanese
GARD:0006798	autosomal recessive spondylocostal dysostosis	costovertebral dysplasia	costovertebral
GARD:0006805	juvenile dermatomyositis	myositis	myositis
GARD:0006805	juvenile dermatomyositis	myoseptum inflammation	myoseptum
GARD:0006816	mucocutaneous lymph node syndrome	infantile polyarteritis	polyarteritis
GARD:0006817	kearns-sayre syndrome	mitochondrial Cytopathy	mitochondrial
GARD:0006830	bilirubin encephalopathy	hyperbilirubinemic encephalopathy	encephalopathy
GARD:0006835	Kimura disease	eosinophilic lymphogranuloma	lymphogranuloma
GARD:0006842	osteochondritis of tarsal/metatarsal bone	navicular Osteochondrosis	navicular
GARD:0006848	LADD syndrome	lard syndrome	lard
GARD:0006862	laryngeal carcinoma	larynx carcinoma	larynx
GARD:0006862	laryngeal carcinoma	laryngeal cancer	laryngeal
GARD:0006874	legg-calve-perthes disease	coxa plana	coxa
GARD:0006874	legg-calve-perthes disease	osteochondritis deformans	osteochondritis
GARD:0006877	Leigh syndrome	Leigh disease	leigh
GARD:0006882	Lemierre syndrome	postanginal sepsis	sepsis
GARD:0006882	Lemierre syndrome	human necrobacillosis	necrobacillosis
GARD:0006893	leukocyte adhesion deficiency 1	lad 1	lad
GARD:0006919	locked-in syndrome	Cerebromedullospinal disconnection	disconnection
GARD:0006958	Maffucci syndrome	hemangiomatosis Chondrodystrophica	hemangiomatosis
GARD:0006959	mal de Debarquement	disembarkment syndrome	disembarkment
GARD:0006964	malignant hyperthermia of anesthesia	malignant hyperpyrexia	hyperpyrexia
GARD:0006964	malignant hyperthermia of anesthesia	malignant hyperthermia	hyperthermia
GARD:0006966	carcinosarcoma	carcinosarcoma, malignant	carcinosarcoma
GARD:0006972	jaw-winking syndrome	Maxillopalpebral synkinesis	synkinesis
GARD:0006987	mastocytosis	urticaria pigmentosa	urticaria
GARD:0007004	medullary thyroid gland carcinoma	medullary carcinoma	medullary
GARD:0007005	medulloblastoma	brain medulloblastoma	brain
GARD:0007010	melkersson-rosenthal syndrome	cheilitis Granulomatosa	cheilitis
GARD:0007021	mercury poisoning	hydrargyria	hydrargyria
GARD:0007021	mercury poisoning	mercurialism	mercurialism
GARD:0007021	mercury poisoning	Mercury toxicity	mercury
GARD:0007021	mercury poisoning	Mercury toxicity	toxicity
GARD:0007033	methylmalonic acidemia	methylmalonic aciduria	methylmalonic
GARD:0007058	localized scleroderma	localised morphea	morphea
GARD:0007060	chromosome 16 trisomy	mosaic trisomy 16	mosaic
GARD:0007079	multiple system atrophy	hypotension, orthostatic	hypotension
GARD:0007079	multiple system atrophy	hypotension, orthostatic	orthostatic
GARD:0007096	mucopolysaccharidosis type 7	Gus deficiency	gus
GARD:0007103	multicentric reticulohistiocytosis	lipoid dermatoarthritis	lipoid
GARD:0007108	plasma cell myeloma	medullary plasmacytoma	medullary
GARD:0007108	plasma cell myeloma	myelomatosis	myelomatosis
GARD:0007108	plasma cell myeloma	myeloma	myeloma
GARD:0007122	myasthenia gravis	acquired myasthenia	myasthenia
GARD:0007137	myocarditis	myocardial inflammation	myocardial
GARD:0007137	myocarditis	myocardium inflammation	myocardium
GARD:0007146	inflammatory myofibroblastic tumor	inflammatory fibrosarcoma	inflammatory
GARD:0007162	narcolepsy-cataplexy syndrome	narcoleptic syndrome	narcoleptic
GARD:0007162	narcolepsy-cataplexy syndrome	narcolepsy type 1	narcolepsy
GARD:0007163	nasopharyngeal carcinoma	nasopharynx carcinoma	nasopharynx
GARD:0007163	nasopharyngeal carcinoma	nasopharyngeal cancer	nasopharyngeal
GARD:0007166	nevoid basal cell carcinoma syndrome	Gorlin syndrome	gorlin
GARD:0007170	Nelson syndrome	dermal Ridges	dermal
GARD:0007172	neonatal hemochromatosis	neonatal Hepatitis	hepatitis
GARD:0007182	Netherton syndrome	neth	neth
GARD:0007186	neurocutaneous melanocytosis	melanosis, neurocutaneous	melanosis
GARD:0007193	NF2-related schwannomatosis	vestibular schwannomatosis	vestibular
GARD:0007201	Nezelof syndrome	thymic aplasia	aplasia
GARD:0007206	Niemann-Pick disease type A	sphingomyelin lipidosis	sphingomyelin
GARD:0007210	nocardiosis	Nocardia infection	nocardia
GARD:0007210	nocardiosis	lung nocardiosis	nocardiosis
GARD:0007224	Norrie disease	pseudoglioma	pseudoglioma
GARD:0007224	Norrie disease	Episkopi blindness	blindness
GARD:0007231	ochronosis disorder	ochronosis	ochronosis
GARD:0007236	ocular melanoma	eye melanoma	eye
GARD:0007239	oculodentodigital dysplasia	odd syndrome	odd
GARD:0007252	onchocerciasis	onchocercosis	onchocercosis
GARD:0007252	onchocerciasis	River blindness	blindness
GARD:0007286	osteomyelitis	osteomyelitis (disease)	osteomyelitis
GARD:0007296	ovarian carcinosarcoma	ovary carcinosarcoma	carcinosarcoma
GARD:0007321	localized lichen myxedematosus	papular mucinosis	papular
GARD:0007323	paracoccidioidomycosis	lobo disease	lobo
GARD:0007323	paracoccidioidomycosis	paracoccidioidal mycosis	mycosis
GARD:0007323	paracoccidioidomycosis	Paracoccidioidal granuloma	granuloma
GARD:0007325	paramyotonia congenita of von eulenburg	paramyotonia congenita	paramyotonia
GARD:0007329	parathyroid gland carcinoma	parathyroid cancer	parathyroid
GARD:0007337	paroxysmal nocturnal hemoglobinuria	paroxysmal hemoglobinuria	paroxysmal
GARD:0007337	paroxysmal nocturnal hemoglobinuria	paroxysmal hemoglobinuria	hemoglobinuria
GARD:0007338	facial hemiatrophy	hemifacial atrophy	hemifacial
GARD:0007339	pars planitis	posterior cyclitis	posterior
GARD:0007339	pars planitis	posterior cyclitis	cyclitis
GARD:0007347	peeling skin syndrome	deciduous skin	deciduous
GARD:0007353	pemphigus and fogo selvagem	Brazilian pemphigus	brazilian
GARD:0007353	pemphigus and fogo selvagem	fogo selvagem	fogo
GARD:0007353	pemphigus and fogo selvagem	wildfire pemphigus	wildfire
GARD:0007353	pemphigus and fogo selvagem	wild fire	wild
GARD:0007359	pentalogy of cantrell	Cantrell deformity	deformity
GARD:0007359	pentalogy of cantrell	thoracoabdominal syndrome	thoracoabdominal
GARD:0007359	pentalogy of cantrell	Cantrell pentalogy	pentalogy
GARD:0007360	polyarteritis nodosa	panarteritis nodosa	panarteritis
GARD:0007360	polyarteritis nodosa	periarteritis	periarteritis
GARD:0007360	polyarteritis nodosa	polyarteritis	polyarteritis
GARD:0007378	peutz-jeghers syndrome	lentiginosis, perioral	perioral
GARD:0007383	phenylketonuria	phenylketonuria, maternal	maternal
GARD:0007383	phenylketonuria	phenylpyruvic oligophrenia	oligophrenia
GARD:0007396	tenosynovial giant cell tumor, diffuse type	villonodular synovitis	synovitis
GARD:0007396	tenosynovial giant cell tumor, diffuse type	villous tenosynovitis	villous
GARD:0007397	pinta disease	pinta	pinta
GARD:0007397	pinta disease	Tina	tina
GARD:0007397	pinta disease	Lota	lota
GARD:0007399	isolated growth hormone deficiency type ia	primordial dwarfism	primordial
GARD:0007411	POEMS syndrome	polyneuropathy organomegaly	polyneuropathy
GARD:0007413	poliomyelitis	polio	polio
GARD:0007417	relapsing polychondritis	recurrent polychondritis	recurrent
GARD:0007417	relapsing polychondritis	chondromalacia, systemic	chondromalacia
GARD:0007422	acquired polycythemia vera	polycythemia vera	vera
GARD:0007422	acquired polycythemia vera	proliferative polycythaemia	proliferative
GARD:0007459	primary biliary cholangitis	cholestatic cirrhosis	cirrhosis
GARD:0007465	Prinzmetal angina	angina inversa	angina
GARD:0007465	Prinzmetal angina	variant angina	variant
GARD:0007467	hutchinson-gilford progeria syndrome	progeria	progeria
GARD:0007473	prolidase deficiency	Peptidase deficiency	peptidase
GARD:0007482	butyrylcholinesterase deficiency	succinylcholine sensitivity	sensitivity
GARD:0007482	butyrylcholinesterase deficiency	apnea, postanesthetic	apnea
GARD:0007482	butyrylcholinesterase deficiency	apnea, postanesthetic	postanesthetic
GARD:0007482	butyrylcholinesterase deficiency	cholinesterase 2 deficiency	cholinesterase
GARD:0007488	pseudomyxoma peritonei	Myxoma peritonei	myxoma
GARD:0007488	pseudomyxoma peritonei	gelatinous ascites	gelatinous
GARD:0007488	pseudomyxoma peritonei	gelatinous ascites	ascites
GARD:0007488	pseudomyxoma peritonei	mucinous ascites	mucinous
GARD:0007492	ornithosis	psittacosis	psittacosis
GARD:0007515	Q fever	quadrilateral fever	quadrilateral
GARD:0007516	rabies	lyssa	lyssa
GARD:0007548	familial renal glucosuria	glycosuria, renal	glycosuria
GARD:0007548	familial renal glucosuria	renal diabetes	diabetes
GARD:0007548	familial renal glucosuria	renal glucosuria	glucosuria
GARD:0007551	renal osteodystrophy	osteodystrophy, renal	osteodystrophy
GARD:0007563	retinoblastoma	retinoblastoma, malignant	retinoblastoma
GARD:0007572	rhabdoid tumor	rhabdoid cancer	rhabdoid
GARD:0007578	Richter syndrome	Richter transformation	transformation
GARD:0007585	rocky mountain spotted fever	Tick typhus	tick
GARD:0007585	rocky mountain spotted fever	Brazilian spotted	brazilian
GARD:0007585	rocky mountain spotted fever	Brazilian spotted	spotted
GARD:0007597	sacral nerve plexus disorder	sacral plexopathy	sacral
GARD:0007607	sarcoidosis	sarcoid	sarcoid
GARD:0007615	scleromyxedema	mucinosis, papular	papular
GARD:0007617	kuru	kuru encephalopathy	encephalopathy
GARD:0007636	Shwartzman phenomenon	Shwartzman reaction	reaction
GARD:0007647	silicosis	chronic silicosis	silicosis
GARD:0007647	silicosis	accelerated silicosis	accelerated
GARD:0007647	silicosis	silica pneumoconiosis	silica
GARD:0007647	silicosis	experimental silicosis	experimental
GARD:0007652	sirenomelia	mermaid syndrome	mermaid
GARD:0007652	sirenomelia	symmelia	symmelia
GARD:0007652	sirenomelia	mermaid malformation	malformation
GARD:0007673	isolated spina bifida	cleft spine	spine
GARD:0007685	split hand-foot malformation 1	ectrodactyly	ectrodactyly
GARD:0007690	Gerstmann-Straussler-Scheinker syndrome	prion dementia	prion
GARD:0007704	gastric cancer	gastric neoplasm	gastric
GARD:0007706	sturge-weber syndrome	leptomeningeal angiomatosis	leptomeningeal
GARD:0007712	superior mesenteric artery syndrome	Cast syndrome	cast
GARD:0007721	synovial sarcoma	sarcoma, synovial	synovial
GARD:0007725	syringomyelia	hydromyelia	hydromyelia
GARD:0007731	Tangier disease	cholesterol thesaurismosis	cholesterol
GARD:0007737	tay-sachs disease	hexa deficiency	hexa
GARD:0007743	toxic epidermal necrolysis	toxic epidermolysis	toxic
GARD:0007743	toxic epidermal necrolysis	toxic epidermolysis	epidermolysis
GARD:0007754	tetrasomy X	tetra X	tetra
GARD:0007754	tetrasomy X	quadruple X	quadruple
GARD:0007777	Tolosa-Hunt syndrome	painful ophthalmoplegia	painful
GARD:0007777	Tolosa-Hunt syndrome	painful ophthalmoplegia	ophthalmoplegia
GARD:0007782	torsion dystonia 7	dystonia 7, torsion	torsion
GARD:0007784	Townes-Brocks syndrome	rear syndrome	rear
GARD:0007793	transient erythroblastopenia of childhood	erythroblastopenia, transient	transient
GARD:0007794	transitional cell carcinoma	transitional carcinoma	transitional
GARD:0007795	transposition of the great arteries	complete transposition	transposition
GARD:0007798	Treponema infectious disease	bejel	bejel
GARD:0007805	trigeminal neuralgia	trifocal neuralgia	trifocal
GARD:0007805	trigeminal neuralgia	trifacial neuralgia	trifacial
GARD:0007805	trigeminal neuralgia	Tic douloureux	tic
GARD:0007826	human African trypanosomiasis	African trypanosomiasis	african
GARD:0007826	human African trypanosomiasis	African trypanosomiasis	trypanosomiasis
GARD:0007826	human African trypanosomiasis	sleeping sickness	sickness
GARD:0007828	meningeal tuberculosis	tubercular meningitis	tubercular
GARD:0007830	tuberous sclerosis	tuberose sclerosis	tuberose
GARD:0007831	Turner syndrome	karyotype 45, X	karyotype
GARD:0007831	Turner syndrome	gonadal dysgenesis	gonadal
GARD:0007831	Turner syndrome	genital dwarfism	genital
GARD:0007848	variegate porphyria	porphyria variegate	variegate
GARD:0007851	cutaneous leukocytoclastic angiitis	leukocytoclastic angiitis	angiitis
GARD:0007851	cutaneous leukocytoclastic angiitis	hypersensitivity angiitis	hypersensitivity
GARD:0007854	vernal keratoconjunctivitis	Vernal Keratonconjunctivitis	vernal
GARD:0007854	vernal keratoconjunctivitis	Spring catarrh	spring
GARD:0007854	vernal keratoconjunctivitis	Spring catarrh	catarrh
GARD:0007864	glycogen storage disease due to glucose-6-phosphatase deficiency type ia	hepatorenal glycogenosis	hepatorenal
GARD:0007871	Wagner disease	erosive vitreoretinopathy	erosive
GARD:0007873	primary intestinal lymphangiectasia	lymphangiectasia, intestinal	intestinal
GARD:0007877	gastric antral vascular ectasia	watermelon stomach	watermelon
GARD:0007881	leptospirosis	leptospirosis icterohaemorrhagica	leptospirosis
GARD:0007881	leptospirosis	canicola fever	canicola
GARD:0007881	leptospirosis	swamp fever	swamp
GARD:0007881	leptospirosis	spirochetal jaundice	spirochetal
GARD:0007881	leptospirosis	spirochetal jaundice	jaundice
GARD:0007881	leptospirosis	harvest fever	harvest
GARD:0007881	leptospirosis	hemorrhagic jaundice	hemorrhagic
GARD:0007885	Werner syndrome	adult progeria	progeria
GARD:0007889	Whipple disease	intestinal lipodystrophy	intestinal
GARD:0007893	Wilson disease	Westphal pseudosclerosis	pseudosclerosis
GARD:0007893	Wilson disease	hepatolenticular degeneration	hepatolenticular
GARD:0007896	wolf-hirschhorn syndrome	Wolf syndrome	wolf
GARD:0007899	Wolman disease	familial xanthomatosis	xanthomatosis
GARD:0007906	X-linked lymphoproliferative disease due to SH2D1A deficiency	Duncan disease	duncan
GARD:0007910	xeroderma pigmentosum	atrophoderma pigmentosum	atrophoderma
GARD:0007910	xeroderma pigmentosum	Kaposi dermatosis	dermatosis
GARD:0007913	yaws	endemic treponematoses	endemic
GARD:0007913	yaws	frambesia tropica	frambesia
GARD:0007913	yaws	polypapilloma tropicum	polypapilloma
GARD:0007914	yellow fever	Yellow Jack	yellow
GARD:0007914	yellow fever	Yellow Jack	jack
GARD:0007914	yellow fever	bronze John	bronze
GARD:0008157	anthrax infection	anthrax	anthrax
GARD:0008169	IgG4-related mesenteritis	sclerosing mesenteritis	mesenteritis
GARD:0008169	IgG4-related mesenteritis	mesenteric lipogranuloma	mesenteric
GARD:0008173	Achondroplasia	Achondroplastic dwarfism	achondroplastic
GARD:0008173	Achondroplasia	chondrodystrophia	chondrodystrophia
GARD:0008173	Achondroplasia	Achondroplastic physique	physique
GARD:0008204	immunoglobulin a vasculitis	anaphylactoid purpura	anaphylactoid
GARD:0008204	immunoglobulin a vasculitis	vascular purpura	vascular
GARD:0008207	pineocytoma	benign pinealoma	pinealoma
GARD:0008211	neurofibrosarcoma	neurosarcoma	neurosarcoma
GARD:0008226	myeloid leukemia	leukaemia myelogenous	myelogenous
GARD:0008226	myeloid leukemia	myelocytic leukemia	myelocytic
GARD:0008232	hemangioblastoma	capillary hemangioblastoma	capillary
GARD:0008233	Gaucher disease	Gaucher splenomegaly	splenomegaly
GARD:0008259	Plummer-Vinson syndrome	dysphagia sideropenica	dysphagia
GARD:0008276	de sanctis-cacchione syndrome	xerodermic idiocy	xerodermic
GARD:0008276	de sanctis-cacchione syndrome	xerodermic idiocy	idiocy
GARD:0008310	myotonic dystrophy type 1	dystrophia myotonica 1	dystrophia
GARD:0008310	myotonic dystrophy type 1	Myotonic Dystrophy	myotonic
GARD:0008337	IgG4-related mediastinitis	fibrosing mediastinitis	mediastinitis
GARD:0008337	IgG4-related mediastinitis	mediastinal fibrosis	fibrosis
GARD:0008338	PHACE syndrome	Phaces association	association
GARD:0008359	graphite pneumoconiosis	carbon pneumoconiosis	carbon
GARD:0008359	graphite pneumoconiosis	graphite fibrosis	graphite
GARD:0008359	graphite pneumoconiosis	graphite fibrosis	fibrosis
GARD:0008372	silicosiderosis	hematite pneumoconiosis	hematite
GARD:0008374	mixed dust pneumoconiosis	labrador lung	labrador
GARD:0008380	arterial calcification of infancy	infantile arteriosclerosis	arteriosclerosis
GARD:0008391	ornithine carbamoyltransferase deficiency	valproate sensitivity	sensitivity
GARD:0008394	hypolipoproteinemia	lipoprotein deficiencies	lipoprotein
GARD:0008401	lactocele	galactocele	galactocele
GARD:0008401	lactocele	lacteal cyst	lacteal
GARD:0008401	lactocele	lacteal cyst	cyst
GARD:0008410	postaxial acrofacial dysostosis	postaxial acrodysostosis	postaxial
GARD:0008424	iminoglycinuria	iminoglycinuria, digenic	digenic
GARD:0008438	isolated anterior cervical hypertrichosis	hairy throat	hairy
GARD:0008472	muckle-wells syndrome	neutrophilic urticaria	neutrophilic
GARD:0008472	muckle-wells syndrome	neutrophilic urticaria	urticaria
GARD:0008495	African iron overload	Bantu siderosis	bantu
GARD:0008495	African iron overload	Bantu siderosis	siderosis
GARD:0008514	visceral steatosis, congenital	visceral steatosis	visceral
GARD:0008514	visceral steatosis, congenital	visceral steatosis	steatosis
GARD:0008520	syndromic X-linked intellectual disability 5	fried syndrome	fried
GARD:0008534	eosinophilic pustular folliculitis	eosinophilic folliculitis	folliculitis
GARD:0008535	central hypoventilation syndrome, congenital, 1, with or without Hirschsprung disease	Ondine curse	ondine
GARD:0008535	central hypoventilation syndrome, congenital, 1, with or without Hirschsprung disease	Ondine curse	curse
GARD:0008562	Seckel syndrome	nanocephalic Dwarfism	nanocephalic
GARD:0008568	acinar cell carcinoma	acinar adenocarcinoma	acinar
GARD:0008576	Balkan nephropathy	endemic nephropathy	endemic
GARD:0008576	Balkan nephropathy	endemic nephropathy	nephropathy
GARD:0008598	gastrointestinal stromal tumor	gist	gist
GARD:0008598	gastrointestinal stromal tumor	gant	gant
GARD:0008618	primary myelofibrosis	megakaryocytic myelosclerosis	myelosclerosis
GARD:0008618	primary myelofibrosis	myeloid metaplasia	metaplasia
GARD:0008618	primary myelofibrosis	aleukemic myelosis	aleukemic
GARD:0008620	vagus nerve paraganglioma	vagal paraganglioma	vagal
GARD:0008621	uveal melanoma	iris melanoma	iris
GARD:0008621	uveal melanoma	intraocular melanoma	intraocular
GARD:0008621	uveal melanoma	uvea melanoma	uvea
GARD:0008623	microcephaly-cleft palate syndrome	Halal syndrome	halal
GARD:0008625	reticular dysgenesis	reticular Dysgenesia	reticular
GARD:0008644	alveolar capillary dysplasia with misalignment of pulmonary veins	fetal circulation	circulation
GARD:0008650	undifferentiated (embryonal) sarcoma	undifferentiated sarcoma	undifferentiated
GARD:0008660	Gerstmann syndrome	Gerstmann tetrad	tetrad
GARD:0008661	gastroschisis	eventration	eventration
GARD:0008698	gnathodiaphyseal dysplasia	Levin syndrome 2	levin
GARD:0008706	lymphangiosarcoma	malignant lymphangioendothelioma	lymphangioendothelioma
GARD:0008706	lymphangiosarcoma	lymphangiosarcoma, malignant	lymphangiosarcoma
GARD:0008709	patella aplasia/hypoplasia	absent patella	absent
GARD:0008709	patella aplasia/hypoplasia	absent patella	patella
GARD:0008713	achondrogenesis type II	chondrogenesis imperfecta	chondrogenesis
GARD:0008720	axial spondylometaphyseal dysplasia	axial SmD	axial
GARD:0008729	neurosyphilis	late neurosyphilis	neurosyphilis
GARD:0008729	neurosyphilis	tertiary neurosyphilis	tertiary
GARD:0008730	tabes dorsalis	syphilitic myelopathy	syphilitic
GARD:0008730	tabes dorsalis	syphilitic myelopathy	myelopathy
GARD:0008731	syphilitic meningitis	meningeal syphilis	syphilis
GARD:0008731	syphilitic meningitis	meningitis, syphilitic	syphilitic
GARD:0008732	hemophilia b	Christmas disease	christmas
GARD:0008737	idiopathic hypersomnia	primary hypersomnia	hypersomnia
GARD:0008759	ocular cicatricial pemphigoid	ocular pemphigoid	ocular
GARD:0009131	infectious myositis	infective myositis	infective
GARD:0009142	eosinophilic gastroenteritis	eosinophilic enteritis	enteritis
GARD:0009142	eosinophilic gastroenteritis	eosinophilic gastroenterocolitis	gastroenterocolitis
GARD:0009143	retinoschisis of fovea	foveal retinoschisis	foveal
GARD:0009174	kufor-rakeb syndrome	park 9	park
GARD:0009176	pyogenic arthritis-pyoderma gangrenosum-acne syndrome	papa	papa
GARD:0009179	north carolina macular dystrophy	caped	caped
GARD:0009180	idiopathic membranous glomerulonephritis	glomerulonephritis, membranous	membranous
GARD:0009218	aurocephalosyndactyly	aural cephalosyndactyly	aural
GARD:0009228	renal agenesis	renal aplasia	aplasia
GARD:0009255	developmental and epileptic encephalopathy	infantile spasm	spasm
GARD:0009266	cutaneous neuroendocrine carcinoma	trabecular cancer	trabecular
GARD:0009286	gnathomiasis	Gnathostoma infection	gnathostoma
GARD:0009297	whim syndrome 1	whim syndrome	whim
GARD:0009298	pyridoxine-dependent epilepsy	pyridoxine dependency	dependency
GARD:0009334	hypopharynx cancer	hypopharyngeal cancer	hypopharyngeal
GARD:0009342	lip and oral cavity carcinoma	oral carcinoma	oral
GARD:0009348	vaginal carcinoma	vagina cancer	vagina
GARD:0009348	vaginal carcinoma	vaginal cancer	vaginal
GARD:0009349	vulvar carcinoma	vulvar cancer	vulvar
GARD:0009358	oropharynx cancer	oropharyngeal cancer	oropharyngeal
GARD:0009366	penile cancer	penile Ca	penile
GARD:0009390	urethra cancer	urethral cancer	urethral
GARD:0009398	botryoid rhabdomyosarcoma	botryoid sarcoma	botryoid
GARD:0009400	tako-tsubo cardiomyopathy	stress cardiomyopathy	stress
GARD:0009400	tako-tsubo cardiomyopathy	ballooning cardiomyopathy	ballooning
GARD:0009400	tako-tsubo cardiomyopathy	ampulla cardiomyopathy	ampulla
GARD:0009412	X-linked cerebral adrenoleukodystrophy	melanodermic leukodystrophy	melanodermic
GARD:0009433	inborn organic aciduria	organic acidemia	organic
GARD:0009450	familial juvenile hypertrophy of the breast	juvenile macromastia	macromastia
GARD:0009472	anaplastic oligodendroglioma	undifferentiated oligodendroglioma	undifferentiated
GARD:0009478	carcinoma of supraglottis	supraglottic carcinoma	supraglottic
GARD:0009486	isolated congenital anosmia	anosmia, congenital	anosmia
GARD:0009496	hereditary renal hypouricemia	Dalmatian hypouricemia	dalmatian
GARD:0009497	ichthyosis histrix, Lambert type	porcupine Man	porcupine
GARD:0009497	ichthyosis histrix, Lambert type	porcupine Man	man
GARD:0009501	hereditary geniospasm	trembling Chin	trembling
GARD:0009501	hereditary geniospasm	trembling Chin	chin
GARD:0009511	histiocytoid cardiomyopathy	myocardial hamartoma	myocardial
GARD:0009513	linear scleroderma	linear morphea	linear
GARD:0009513	linear scleroderma	linear morphea	morphea
GARD:0009514	benign breast phyllodes tumor	cystosarcoma phyllode	cystosarcoma
GARD:0009514	benign breast phyllodes tumor	cystosarcoma phyllode	phyllode
GARD:0009515	linear porokeratosis	Zosteriform porokeratosis	zosteriform
GARD:0009515	linear porokeratosis	Zosteriform porokeratosis	porokeratosis
GARD:0009515	linear porokeratosis	Porokeratosis, Linear	linear
GARD:0009525	coccidioidomycosis	California disease	california
GARD:0009525	coccidioidomycosis	Valley fever	valley
GARD:0009525	coccidioidomycosis	Coccidioides infection	coccidioides
GARD:0009525	coccidioidomycosis	desert fever	desert
GARD:0009525	coccidioidomycosis	desert rheumatism	rheumatism
GARD:0009546	melioidosis	pseudoglanders	pseudoglanders
GARD:0009547	meningococcal infection	meningococcal disease	meningococcal
GARD:0009557	rat-bite fever	spirillosis	spirillosis
GARD:0009560	toxic shock syndrome	toxic shock	toxic
GARD:0009560	toxic shock syndrome	toxic shock	shock
GARD:0009564	typhoid fever	typhoid	typhoid
GARD:0009564	typhoid fever	typhoidal salmonellosis	typhoidal
GARD:0009564	typhoid fever	typhoidal salmonellosis	salmonellosis
GARD:0009568	IgG4-related retroperitoneal fibrosis	retroperitoneal fibrosis	retroperitoneal
GARD:0009568	IgG4-related retroperitoneal fibrosis	retroperitoneal fibrosis	fibrosis
GARD:0009615	temporal arteritis	cranial arteritis	cranial
GARD:0009620	acute erythroid leukemia	erythroblastic leukemia	erythroblastic
GARD:0009621	polyembryoma	gonadal polyembryoma	gonadal
GARD:0009630	torsion dystonia 6	dystonia 6, torsion	torsion
GARD:0009642	autosomal recessive juvenile Parkinson disease 2	juvenile parkinsonism	parkinsonism
GARD:0009647	gelatinous drop-like corneal dystrophy	corneal amyloidosis	corneal
GARD:0009670	congenital factor xi deficiency	hemophilia C	hemophilia
GARD:0009683	chylomicron retention disease	Anderson disease	anderson
GARD:0009687	schistosomiasis	Bilharzia	bilharzia
GARD:0009687	schistosomiasis	snail fever	snail
GARD:0009687	schistosomiasis	bilharziasis	bilharziasis
GARD:0009697	monomelic amyotrophy	amyotrophy, monomelic	amyotrophy
GARD:0009707	familial cylindromatosis	turban tumour	turban
GARD:0009728	myotonic dystrophy type 2	ricker disease	ricker
GARD:0009728	myotonic dystrophy type 2	myotonic dystrophy 2	myotonic
GARD:0009728	myotonic dystrophy type 2	dystrophia myotonica 2	dystrophia
GARD:0009736	congenital non-bullous ichthyosiform erythroderma	alligator skin	alligator
GARD:0009744	atrophoderma vermiculata	atrophoderma vermiculatum	atrophoderma
GARD:0009744	atrophoderma vermiculata	honeycomb atrophy	honeycomb
GARD:0009744	atrophoderma vermiculata	folliculitis ulerythematosa	folliculitis
GARD:0009747	cercarial dermatitis	duck Itch	itch
GARD:0009747	cercarial dermatitis	lake Itch	lake
GARD:0009748	systemic sclerosis	Scleroderma	scleroderma
GARD:0009749	limited systemic sclerosis	Scleroderma, sine	sine
GARD:0009760	nonsyndromic congenital nail disorder 2	spoon nails	spoon
GARD:0009790	anterior ischemic optic neuropathy	aion	aion
GARD:0009798	auriculocondylar syndrome	dysgnathia complex	complex
GARD:0009806	autosomal dominant vibratory urticaria	dermodistortive urticaria	urticaria
GARD:0009806	autosomal dominant vibratory urticaria	angioedema, vibratory	vibratory
GARD:0009815	paragonimiasis	pulmonary paragonimiasis	paragonimiasis
GARD:0009857	inflammatory bowel disease 1	ulcerative colitis	ulcerative
GARD:0009857	inflammatory bowel disease 1	ulcerative colitis	colitis
GARD:0009857	inflammatory bowel disease 1	regional enteritis	regional
GARD:0009857	inflammatory bowel disease 1	regional enteritis	enteritis
GARD:0009890	autosomal dominant optic atrophy, classic form	optic atrophy 1	optic
GARD:0009911	fibromatosis, gingival, 3	gingival fibromatosis, 3	gingival
GARD:0009937	myopia 6	myopia type 6	myopia
GARD:0009941	facioscapulohumeral muscular dystrophy	facioscapulohumeral myopathy	facioscapulohumeral
GARD:0009952	congenital primary aphakia	congenital aphakia	aphakia
GARD:0009973	splenic infarction	splenic infarct	infarct
GARD:0009974	breast angiosarcoma	breast hemangiosarcoma	breast
GARD:0009987	severe combined immunodeficiency due to dclre1c deficiency	artemis deficiency	artemis
GARD:0010014	pellagra	niacin deficiency	niacin
GARD:0010026	piriformis syndrome	pyriformis syndrome	pyriformis
GARD:0010026	piriformis syndrome	wallet sciatica	wallet
GARD:0010026	piriformis syndrome	wallet sciatica	sciatica
GARD:0010035	prosopagnosia, hereditary	face blindness	face
GARD:0010035	prosopagnosia, hereditary	face blindness	blindness
GARD:0010035	prosopagnosia, hereditary	developmental prosopagnosia	developmental
GARD:0010047	inherited glutathione synthetase deficiency	pyroglutamic aciduria	pyroglutamic
GARD:0010071	pulmonic stenosis	pulmonary stenosis	stenosis
GARD:0010073	cerebral sarcoma	telencephalon sarcoma	telencephalon
GARD:0010074	nephropathic cystinosis	cystinosis, nephropathic	nephropathic
GARD:0010075	dermatitis herpetiformis	dermatosis herpetiformis	dermatosis
GARD:0010091	Sotos syndrome	cerebral gigantism	gigantism
GARD:0010096	hereditary leiomyomatosis and renal cell cancer	Reed syndrome	reed
GARD:0010138	torsion dystonia 4	whispering dysphonia	whispering
GARD:0010138	torsion dystonia 4	whispering dysphonia	dysphonia
GARD:0010140	bohring-opitz syndrome	Bos syndrome	bos
GARD:0010156	congenital chylothorax	chylothorax, congenital	chylothorax
GARD:0010156	congenital chylothorax	hydrothorax, congenital	hydrothorax
GARD:0010163	Curly hair - acral keratoderma - caries syndrome	Chac syndrome	chac
GARD:0010173	florid cemento-osseous dysplasia	Gigantiform cementoma	cementoma
GARD:0010186	bladder urachal adenocarcinoma	urachal adenocarcinoma	urachal
GARD:0010220	spondyloepiphyseal dysplasia with metatarsal shortening	Czech dysplasia	czech
GARD:0010223	isobutyryl-coa dehydrogenase deficiency	isobutyric aciduria	isobutyric
GARD:0010224	Zygomycosis	mucormycosis	mucormycosis
GARD:0010252	Sjogren syndrome	sicca syndrome	sicca
GARD:0010263	hydatidiform mole	molar pregnancy	pregnancy
GARD:0010263	hydatidiform mole	hydatid mole	hydatid
GARD:0010264	spinal meningioma	meningioma, spine	spine
GARD:0010291	linear nevus sebaceous syndrome	organoid Nevus	organoid
GARD:0010295	syndactyly-telecanthus-anogenital and renal malformations syndrome	star syndrome	star
GARD:0010299	22q11.2 deletion syndrome	catch 22	catch
GARD:0010299	22q11.2 deletion syndrome	Takao syndrome	takao
GARD:0010319	autosomal dominant prognathism	prognathism mandibular	prognathism
GARD:0010319	autosomal dominant prognathism	prognathism mandibular	mandibular
GARD:0010324	mild phenylketonuria	variant phenylketonuria	variant
GARD:0010335	mucopolysaccharidosis type 1	Hurler syndrome	hurler
GARD:0010346	gamma-heavy chain disease	Franklin disease	franklin
GARD:0010350	acquired hemophilia	hemophilia, acquired	hemophilia
GARD:0010353	inherited porphyria	porphyria	porphyria
GARD:0010363	nonsyndromic congenital nail disorder 1	nail Growth	nail
GARD:0010363	nonsyndromic congenital nail disorder 1	nail Growth	growth
GARD:0010363	nonsyndromic congenital nail disorder 1	sandpaper nails	sandpaper
GARD:0010372	diarrhea-vomiting due to trehalase deficiency	trehalase deficiency	trehalase
GARD:0010372	diarrhea-vomiting due to trehalase deficiency	trehalose intolerance	trehalose
GARD:0010401	retinitis pigmentosa 30	macular Degeneration	macular
GARD:0010414	goblet cell carcinoma	mucinous carcinoid	mucinous
GARD:0010419	myotonic dystrophy	myotonic disease	myotonic
GARD:0010427	X-linked hypohidrotic ectodermal dysplasia	ectodermal dysplasia 1	ectodermal
GARD:0010468	myocardial rupture	Heart Rupture	rupture
GARD:0010470	BK-virus nephropathy	Polyomavirus nephropathy	nephropathy
GARD:0010486	craniopharyngioma	cystoma	cystoma
GARD:0010494	meconium aspiration syndrome	aspiration, meconium	aspiration
GARD:0010494	meconium aspiration syndrome	aspiration, meconium	meconium
GARD:0010494	meconium aspiration syndrome	meconium inhalation	inhalation
GARD:0010504	craniorachischisis	cranial rachischisis	cranial
GARD:0010504	craniorachischisis	cranial rachischisis	rachischisis
GARD:0010505	cryptophthalmia	cryptophthalmos	cryptophthalmos
GARD:0010550	Mycobacterium xenopi infection	Mycobacterium xenopi	mycobacterium
GARD:0010559	primary interstitial lung disease specific to childhood	child	child
GARD:0010560	AA amyloidosis	reactive amyloidosis	reactive
GARD:0010560	AA amyloidosis	inflammatory amyloidosis	inflammatory
GARD:0010585	chronic neutrophilic leukemia	neutrophilic leukemia	neutrophilic
GARD:0010618	spondyloepimetaphyseal dysplasia, missouri type	metaphyseal anadysplasia 1	metaphyseal
GARD:0010630	congenital diarrhea 5 with tufting enteropathy	tufting enteropathy	tufting
GARD:0010630	congenital diarrhea 5 with tufting enteropathy	tufting enteropathy	enteropathy
GARD:0010634	anaplastic ependymoma	undifferentiated ependymoma	undifferentiated
GARD:0010634	anaplastic ependymoma	ependymal tumors	ependymal
GARD:0010704	pontocerebellar hypoplasia type 1	Norman disease	norman
GARD:0010708	pontocerebellar hypoplasia type 3	clam	clam
GARD:0010713	pudendal neuralgia	pudendal algia	pudendal
GARD:0010715	diploid-triploid mosaicism	Mosaic triploidy	mosaic
GARD:0010715	diploid-triploid mosaicism	Mosaic triploidy	triploidy
GARD:0010726	spondylocostal dysostosis 1, autosomal recessive	vertebral anomalies	vertebral
GARD:0010731	McLeod neuroacanthocytosis syndrome	McLeod phenotype	phenotype
GARD:0010744	malignant conjunctival melanoma	conjunctiva melanoma	conjunctiva
GARD:0010744	malignant conjunctival melanoma	conjunctival melanoma	conjunctival
GARD:0010747	lupus nephritis	nephritis, lupus	nephritis
GARD:0010763	Duane syndrome type 1	Duane anomaly	duane
GARD:0010763	Duane syndrome type 1	retraction syndrome	retraction
GARD:0010767	MOGS-congenital disorder of glycosylation	glucosidase 1 deficiency	glucosidase
GARD:0010768	familial or sporadic hemiplegic migraine	hemiplegic migraine	hemiplegic
GARD:0010768	familial or sporadic hemiplegic migraine	hemiplegic migraine	migraine
GARD:0010792	semantic dementia	dementia, frontotemporal	frontotemporal
GARD:0010792	semantic dementia	Pick Complex	complex
GARD:0010815	thrombophilia due to thrombin defect	prothrombin thrombophilia	prothrombin
GARD:0010815	thrombophilia due to thrombin defect	Venous thromboembolism	venous
GARD:0010815	thrombophilia due to thrombin defect	venous thrombosis	thrombosis
GARD:0010828	familial hypocalciuric hypercalcemia	hypocalciuric hypercalcemia	hypercalcemia
GARD:0010872	malignant peripheral nerve sheath tumor	neurogenic sarcoma	neurogenic
GARD:0010875	visceral heterotaxy	heterotaxia	heterotaxia
GARD:0010875	visceral heterotaxy	heterotaxy syndrome	heterotaxy
GARD:0010875	visceral heterotaxy	situs ambiguus	situs
GARD:0010875	visceral heterotaxy	heterotaxy, visceral	visceral
GARD:0010875	visceral heterotaxy	lateralization defect	lateralization
GARD:0010875	visceral heterotaxy	situs ambiguous	ambiguous
GARD:0010876	congenital radioulnar synostosis	radioulnar synostosis	synostosis
GARD:0010876	congenital radioulnar synostosis	radioulnar fusion	fusion
GARD:0010879	familial hyperphosphatemic tumoral calcinosis/hyperphosphatemic hyperostosis syndrome	hyperphosphatemia hyperostosis	hyperostosis
GARD:0010891	GM1 gangliosidosis	Landing syndrome	landing
GARD:0010915	X-linked lymphoproliferative syndrome	Duncan disease	duncan
GARD:0010925	la crosse encephalitis	California encephalitis	california
GARD:0010925	la crosse encephalitis	Californian encephalitis	californian
GARD:0010945	short stature-optic atrophy-Pelger-HuC+t anomaly syndrome	soph	soph
GARD:0010966	systemic-onset juvenile idiopathic arthritis	systemic polyarthritis	polyarthritis
GARD:0010985	left ventricular noncompaction	spongy myocardium	spongy
GARD:0010985	left ventricular noncompaction	spongy myocardium	myocardium
GARD:0011004	linear and whorled nevoid hypermelanosis	melanosis Neviformis	melanosis
GARD:0011004	linear and whorled nevoid hypermelanosis	zosteriform hyperpigmentation	zosteriform
GARD:0011004	linear and whorled nevoid hypermelanosis	zosteriform hyperpigmentation	hyperpigmentation
GARD:0011004	linear and whorled nevoid hypermelanosis	Becker Nevus	becker
GARD:0011890	peroxisome biogenesis disorder	Zellweger spectrum	spectrum
GARD:0011902	congenital myasthenic syndrome	congenital myasthenia	myasthenia
GARD:0011907	acute panmyelosis with myelofibrosis	acute myelosclerosis	myelosclerosis
GARD:0011915	cap myopathy	Cap disease	cap
GARD:0011970	infection due to clostridium perfringens	Clostridial Myonecrosis	clostridial
GARD:0011971	renal nutcracker syndrome	nutcracker syndrome	nutcracker
GARD:0011973	angioimmunoblastic t-cell lymphoma	immunoblastic lymphadenopathy	lymphadenopathy
GARD:0012015	lipoblastoma	embryonic lipoma	embryonic
GARD:0012048	immunotactoid glomerulopathy	fibrillary glomerulonephritis	fibrillary
GARD:0012062	visual snow syndrome	visual snow	visual
GARD:0012074	craniofacial microsomia	Laterofacial microsomia	microsomia
GARD:0012074	craniofacial microsomia	oculoauriculovertebral spectrum	spectrum
GARD:0012074	craniofacial microsomia	hemifacial microsomia	hemifacial
GARD:0012085	isolated anophthalmia-microphthalmia syndrome	primitive anophthalmia	anophthalmia
GARD:0012085	isolated anophthalmia-microphthalmia syndrome	clinical anophthalmia	clinical
GARD:0012117	autosomal recessive primary microcephaly	microcephaly vera	vera
GARD:0012117	autosomal recessive primary microcephaly	microcephalia vera	microcephalia
GARD:0012123	congenital absence of upper arm and forearm with hand present	phocomelia	phocomelia
GARD:0012151	Norwegian scabies	crusted scabies	scabies
GARD:0012174	spondylocostal dysostosis	costovertebral dysplasia	costovertebral
GARD:0012241	familial lipoprotein lipase deficiency	hypercholesterinaemic xanthomatosis	xanthomatosis
GARD:0012241	familial lipoprotein lipase deficiency	endogenous hypertriglyceridaemia	endogenous
GARD:0012244	new-onset refractory status epilepticus	Norse	norse
GARD:0012281	chronic atrial and intestinal dysrhythmia	caid syndrome	caid
GARD:0012311	congenital lactase deficiency	disaccharide intolerance 2	disaccharide
GARD:0012335	carcinosarcoma of the corpus uteri	uterine carcinosarcoma	carcinosarcoma
GARD:0012384	hypopigmentation-punctate palmoplantar keratoderma syndrome	guttate hypopigmentation	guttate
GARD:0012384	hypopigmentation-punctate palmoplantar keratoderma syndrome	cole disease	cole
GARD:0012469	glutaric acidemia type 3	glutaric aciduria 3	glutaric
GARD:0012480	tetrasomy 21	tetrasomy type 21	tetrasomy
GARD:0012494	aromatase excess syndrome	gynecomastia, hereditary	gynecomastia
GARD:0012521	IgG4-related disease	multifocal fibrosclerosis	multifocal
GARD:0012551	familial congenital mirror movements	bimanual synkinesis	bimanual
GARD:0012551	familial congenital mirror movements	bimanual synkinesis	synkinesis
GARD:0012559	Hurler syndrome	Hurler disease	hurler
GARD:0012590	congenital fibrosis of extraocular muscles	ophthalmoplegia, congenital	ophthalmoplegia
GARD:0012642	frontorhiny	frontonasal malformation	malformation
GARD:0012648	isolated congenital megalocornea	megalocornea	megalocornea
GARD:0012656	Castleman disease	lymphoid hamartoma	lymphoid
GARD:0012671	pernicious anemia	anemia pernicious	pernicious
GARD:0012673	actinic lichen planus	lichenoid melanodermatitis	lichenoid
GARD:0012704	osteochondrosis	epiphyseal necrosis	epiphyseal
GARD:0012704	osteochondrosis	epiphyseal necrosis	necrosis
GARD:0012704	osteochondrosis	osteochondritis	osteochondritis
GARD:0012704	osteochondrosis	apophysitis	apophysitis
GARD:0012704	osteochondrosis	epiphysitis	epiphysitis
GARD:0012724	periventricular nodular heterotopia	periventricular heterotopia	heterotopia
GARD:0012740	non-amyloid fibrillary glomerulopathy	Fibrillary Glomerulonephritis¬†	fibrillary
GARD:0012763	myeloid sarcoma	chloroma	chloroma
GARD:0012765	transient myeloproliferative syndrome	leukemia, transient	transient
GARD:0012771	Preaxial polydactyly of toes	bifid halluces	bifid
GARD:0012771	Preaxial polydactyly of toes	bifid hallux	hallux
GARD:0012779	familial retinal arterial macroaneurysm	Fram	fram
GARD:0012784	livedoid vasculopathy	livedo vasculitis	livedo
GARD:0012784	livedoid vasculopathy	white atrophy	white
GARD:0012796	dentinogenesis imperfecta type 2	Capdepont teeth	teeth
GARD:0012796	dentinogenesis imperfecta type 2	opalescent dentin	opalescent
GARD:0012796	dentinogenesis imperfecta type 2	opalescent dentin	dentin
GARD:0012889	childhood apraxia of speech	articulatory apraxia	articulatory
GARD:0012889	childhood apraxia of speech	articulatory apraxia	apraxia
GARD:0012924	preeclampsia	preeclampsia/eclampsia	eclampsia
GARD:0012924	preeclampsia	pregnancy toxemia	pregnancy
GARD:0012924	preeclampsia	pregnancy toxemia	toxemia
GARD:0012924	preeclampsia	gestational hypertension	gestational
GARD:0012924	preeclampsia	gestational hypertension	hypertension
GARD:0012925	familial multiple lipomatosis	lipoma	lipoma
GARD:0012925	familial multiple lipomatosis	lipomatosis, multiple	lipomatosis
GARD:0012927	sudden sensorineural hearing loss	sudden deafness	sudden
GARD:0012928	astrocytic tumor	astrocytoma	astrocytoma
GARD:0013020	microcystic lymphatic malformation	capillary lymphangioma	capillary
GARD:0013020	microcystic lymphatic malformation	superficial lymphangioma	superficial
GARD:0013047	testicular germ cell tumor	seminoma	seminoma
GARD:0013072	intestinal hypomagnesemia 1	hypomagnesemic tetany	tetany
GARD:0013072	intestinal hypomagnesemia 1	hypomagnesemia 1, intestinal	intestinal
GARD:0013073	nevus comedonicus syndrome	comedo Nevus	comedo
GARD:0013105	Dent disease	Dent disease 2	dent
GARD:0013108	mirage syndrome	mirage	mirage
GARD:0013131	hematohidrosis	Hematidrosis	hematidrosis
GARD:0013160	rhizomelic chondrodysplasia punctata	rhizomelic dwarfism	rhizomelic
GARD:0013169	spondyloepiphyseal dysplasia with congenital joint dislocations	Omani type	omani
GARD:0013202	3-hydroxyisobutyryl-coa hydrolase deficiency	methacrylic aciduria	methacrylic
GARD:0013206	chromosome 2q32-q33 deletion syndrome	glass syndrome	glass
GARD:0013209	pituitary stalk interruption syndrome	ectopic neurohypophysis	ectopic
GARD:0013209	pituitary stalk interruption syndrome	ectopic neurohypophysis	neurohypophysis
GARD:0013215	renal cell carcinoma	hypernephroma	hypernephroma
GARD:0013293	platelet-type bleeding disorder 11	glycoprotein 6 deficiency	glycoprotein
GARD:0013334	Niemann-Pick disease	lipoid histiocytosis	lipoid
GARD:0013334	Niemann-Pick disease	sphingomyelin lipidosis	sphingomyelin
GARD:0013337	idiopathic interstitial pneumonia	noninfectious pneumonia	noninfectious
GARD:0013354	morning glory syndrome	Ectasic coloboma	coloboma
GARD:0013388	Berardinelli-Seip congenital lipodystrophy	lipoatrophic diabetes	diabetes
GARD:0013446	plasmacytoma	anaplastic plasmacytoma	anaplastic
GARD:0013591	postural orthostatic tachycardia syndrome	irritable heart	irritable
GARD:0013591	postural orthostatic tachycardia syndrome	neurocirculatory asthenia	neurocirculatory
GARD:0013591	postural orthostatic tachycardia syndrome	neurocirculatory asthenia	asthenia
GARD:0013591	postural orthostatic tachycardia syndrome	orthostatic intolerance	orthostatic
GARD:0013629	drug rash with eosinophilia and systemic symptoms	dress	dress
GARD:0013639	classic galactosemia	galt deficiency	galt
GARD:0015003	protein-losing enteropathy	enteropathy, exudative	enteropathy
GARD:0015003	protein-losing enteropathy	enteropathy, exudative	exudative
GARD:0015012	autosomal recessive osteopetrosis	malignant osteopetrosis	osteopetrosis
GARD:0015015	achromatopsia	Pingelapese blindness	blindness
GARD:0015015	achromatopsia	monochromatism	monochromatism
GARD:0015040	nonsyndromic congenital nail disorder 6	anonychia, partial	partial
GARD:0015045	breasts and/or nipples, aplasia or hypoplasia of, 1	amazia	amazia
GARD:0015045	breasts and/or nipples, aplasia or hypoplasia of, 1	amastia	amastia
GARD:0015051	familial cold autoinflammatory syndrome 1	cold hypersensitivity	hypersensitivity
GARD:0015052	Lynch syndrome 1	Lynch 1 syndrome	lynch
GARD:0015059	digitotalar dysmorphism; ulnar drift, hereditary	digitotalar dysmorphism	dysmorphism
GARD:0015060	basal laminar drusen	cuticular drusen	cuticular
GARD:0015065	photoparoxysmal response 1	epilepsy, photogenic	photogenic
GARD:0015065	photoparoxysmal response 1	photosensitivity	photosensitivity
GARD:0015065	photoparoxysmal response 1	Photoconvulsive reaction	reaction
GARD:0015086	mirror movements 1	bimanual synergia	bimanual
GARD:0015086	mirror movements 1	bimanual synergia	synergia
GARD:0015090	Carney complex, type 1	lamb syndrome	lamb
GARD:0015091	narcolepsy 1	cataplexy	cataplexy
GARD:0015091	narcolepsy 1	narcoleptic syndrome 1	narcoleptic
GARD:0015107	brain small vessel disease 1 with or without ocular anomalies	infantile hemiparesis	hemiparesis
GARD:0015107	brain small vessel disease 1 with or without ocular anomalies	porencephaly 1	porencephaly
GARD:0015109	retinal aplasia	amaurosis congenita	amaurosis
GARD:0015113	spinal arachnoiditis	arachnoiditis, spinal	arachnoiditis
GARD:0015121	tuberous sclerosis 1	tuberose sclerosis	tuberose
GARD:0015129	neuropathy, hereditary sensory and autonomic, type 2A	acroosteolysis, neurogenic	neurogenic
GARD:0015143	Seckel syndrome 1	nanocephalic dwarfism	nanocephalic
GARD:0015143	Seckel syndrome 1	Seckel syndrome 3	seckel
GARD:0015152	choreatic disease	hereditary chorea	chorea
GARD:0015197	methemoglobinemia due to deficiency of methemoglobin reductase	methemoglobinemia, type 1	methemoglobinemia
GARD:0015199	galloway-mowat syndrome 1	Galloway syndrome	galloway
GARD:0015206	congenital myasthenic syndrome 10	myasthenic myopathy	myasthenic
GARD:0015214	spermatogenic failure 1	Oligosynaptic infertility	infertility
GARD:0015235	spermatogenic failure 4	spermatogenesis arrest	spermatogenesis
GARD:0015235	spermatogenic failure 4	spermatogenesis arrest	arrest
GARD:0015306	congenital stationary night blindness 1A	nyctalopia	nyctalopia
GARD:0015324	Fanconi anemia complementation group E	face	face
GARD:0015334	prostate cancer, hereditary, 1	prostate cancer 1	prostate
GARD:0015408	aortic aneurysm, familial thoracic 1	annuloaortic ectasia	ectasia
GARD:0015453	congenital myopathy 4b, autosomal recessive	nemaline myopathy 1	nemaline
GARD:0015454	congenital myopathy 23	nemaline myopathy 4	nemaline
GARD:0015457	Lynch syndrome 2	Lynch 2 syndrome	lynch
GARD:0015528	elliptocytosis 1	4.1- trait	trait
GARD:0015541	hypouricemia, renal, 2	gout susceptibility 2	gout
GARD:0015541	hypouricemia, renal, 2	gout susceptibility 2	susceptibility
GARD:0015672	agammaglobulinemia 2, autosomal recessive	lambda 5 deficiency	lambda
GARD:0015762	nonsyndromic congenital nail disorder 9	nail dysplasia	nail
GARD:0015783	narcolepsy 7	narcolepsy type 7	narcolepsy
GARD:0015808	porencephaly 2	porencephaly type 2	porencephaly
GARD:0016010	atrial fibrillation, familial, 15	atrial fibrillation 15	atrial
GARD:0016222	MYPN-related myopathy	nemaline myopathy 11	nemaline
GARD:0016523	glycogen storage disease I	hepatorenal glycogenosis	hepatorenal
GARD:0016527	ependymal tumor	ependymal neoplasm	ependymal
GARD:0016529	classic hodgkin lymphoma	Hodgkin disease	hodgkin
GARD:0016533	hypogonadotropic hypogonadism	gonadotropic deficiency	gonadotropic
GARD:0016540	omphalocele	eventration	eventration
GARD:0016540	omphalocele	congenital omphalocele	omphalocele
GARD:0016548	estrogen resistance syndrome	estrogen insensitivity	estrogen
GARD:0016548	estrogen resistance syndrome	estrogen insensitivity	insensitivity
GARD:0016552	46,xy sex reversal 11	anorchia, familial	anorchia
GARD:0016575	dentin dysplasia	dentinal dysplasia	dentinal
GARD:0016581	early myoclonic encephalopathy	myoclonus epilepsy	myoclonus
GARD:0016581	early myoclonic encephalopathy	myoclonic seizure	seizure
GARD:0016583	juvenile hyaline fibromatosis	mesenchymal dysplasia	mesenchymal
GARD:0016585	46,XX ovotesticular disorder of sex development	true hermaphroditism	hermaphroditism
GARD:0016586	nodular neuronal heterotopia	nodular heterotopia	heterotopia
GARD:0016596	congenital laryngeal web	subglottic Bar	subglottic
GARD:0016596	congenital laryngeal web	subglottic Bar	bar
GARD:0016596	congenital laryngeal web	Laryngeal web	laryngeal
GARD:0016598	macrocephaly-spastic paraplegia-dysmorphism syndrome	Fryns macrocephaly	macrocephaly
GARD:0016599	congenital macroglossia	macroglossia	macroglossia
GARD:0016626	isolated trigonocephaly	nonsyndromic trigonocephaly	trigonocephaly
GARD:0016628	hereditary xanthinuria	xanthic urolithiasis	xanthic
GARD:0016628	hereditary xanthinuria	xanthic urolithiasis	urolithiasis
GARD:0016628	hereditary xanthinuria	xanthinuria	xanthinuria
GARD:0016657	cornea plana	flat cornea	flat
GARD:0016657	cornea plana	flat cornea	cornea
GARD:0016660	adamantinoma	adamantinoma, malignant	adamantinoma
GARD:0016662	parietal foramina	catlin marks	catlin
GARD:0016667	childhood absence epilepsy	absence seizure	absence
GARD:0016667	childhood absence epilepsy	absence seizure	seizure
GARD:0016670	permanent neonatal diabetes mellitus-pancreatic and cerebellar agenesis syndrome	paca	paca
GARD:0016675	mucopolysaccharidosis type 9	hyaluronidase deficiency	hyaluronidase
GARD:0016706	familial progressive hyperpigmentation	universal melanosis	universal
GARD:0016706	familial progressive hyperpigmentation	universal melanosis	melanosis
GARD:0016723	maculopapular cutaneous mastocytosis	urticaria pigmentosa	urticaria
GARD:0016729	congenital malabsorptive diarrhea 4	enteric anendocrinosis	enteric
GARD:0016762	atrichia with papular lesions	papular atrichia	papular
GARD:0016762	atrichia with papular lesions	papular atrichia	atrichia
GARD:0016765	reticulum cell sarcoma	histiocytic lymphoma	histiocytic
GARD:0016768	blue color blindness	tritanopia	tritanopia
GARD:0016768	blue color blindness	blue colorblindness	blue
GARD:0016768	blue color blindness	colorblindness, tritanopic	tritanopic
GARD:0016772	autosomal dominant progressive nephropathy with hypertension	nephropathy, familial	nephropathy
GARD:0016773	hepatocellular carcinoma	hepatoma	hepatoma
GARD:0016785	familial pseudohyperkalemia	cryohydrocytosis, mild	mild
GARD:0016797	isolated cryptophthalmia	ankyloblepharon, simple	ankyloblepharon
GARD:0016798	ptosis, hereditary congenital, 1	congenital ptosis	ptosis
GARD:0016800	sclerocornea	sclerocornea (disease)	sclerocornea
GARD:0016836	Cayman type cerebellar ataxia	Cayman ataxia	cayman
GARD:0016850	growth hormone-producing pituitary gland adenoma	somatotropic adenoma	somatotropic
GARD:0016867	southeast asian ovalocytosis	Melanesian ovalocytosis	melanesian
GARD:0016875	coloboma of choroid and retina	retinochoroidal coloboma	coloboma
GARD:0016883	juvenile open angle glaucoma	juvenile glaucoma	glaucoma
GARD:0016884	pulverulent cataract	dusty cataract	dusty
GARD:0016896	congenital total pulmonary venous return anomaly	scimitar syndrome	scimitar
GARD:0016906	acetazolamide-responsive myotonia	painful myotonia	painful
GARD:0016907	cleft soft palate	cleft velum	velum
GARD:0016927	esophageal adenocarcinoma	oesophageal adenocarcinoma	oesophageal
GARD:0016936	renin-angiotensin-aldosterone system-blocker-induced angioedema	reactive angioendotheliomatosis	reactive
GARD:0016951	choanal atresia	imperforate nares	imperforate
GARD:0016951	choanal atresia	imperforate nares	nares
GARD:0016961	primary intraosseous venous malformation	hemangioma, intraosseous	intraosseous
GARD:0016968	second branchial cleft anomaly	branchial cysts	branchial
GARD:0016971	hemifacial hypertrophy	facial hemihypertrophy	facial
GARD:0016971	hemifacial hypertrophy	facial hemihypertrophy	hemihypertrophy
GARD:0016971	hemifacial hypertrophy	hemifacial hyperplasia	hemifacial
GARD:0016971	hemifacial hypertrophy	facial asymmetry	asymmetry
GARD:0016973	paramedian nasal cleft	cleft nose	nose
GARD:0016973	paramedian nasal cleft	alar cleft	alar
GARD:0016975	commissural facial cleft	macrostomia, isolated	macrostomia
GARD:0016982	hyperplastic polyposis syndrome	serrated polyposis	serrated
GARD:0016982	hyperplastic polyposis syndrome	serrated polyposis	polyposis
GARD:0016987	ane syndrome	anes	anes
GARD:0017028	hot water reflex epilepsy	bathing epilepsy	bathing
GARD:0017029	reading seizures	epilepsy, reading	reading
GARD:0017038	congenital enteropathy due to enteropeptidase deficiency	enterokinase deficiency	enterokinase
GARD:0017062	myofibrillar myopathy 5	muscle filaminopathy	muscle
GARD:0017102	adult-onset proximal spinal muscular atrophy, autosomal dominant	Finkel disease	finkel
GARD:0017109	spastic quadriplegic cerebral palsy	spastic quadriplegia	quadriplegia
GARD:0017137	clonic hemifacial spasm	facial hemispasm	facial
GARD:0017137	clonic hemifacial spasm	facial hemispasm	hemispasm
GARD:0017137	clonic hemifacial spasm	hemifacial spasm	hemifacial
GARD:0017137	clonic hemifacial spasm	hemifacial spasm	spasm
GARD:0017143	autosomal recessive optic atrophy, opa7 type	optic atrophy 7	optic
GARD:0017157	erythema palmare hereditarium	lane disease	lane
GARD:0017162	beta-thalassemia major	Mediterranean anaemia	mediterranean
GARD:0017172	15q11q13 microduplication syndrome	autism susceptibility 4	autism
GARD:0017172	15q11q13 microduplication syndrome	autism susceptibility 4	susceptibility
GARD:0017176	Chuvash polycythemia	Chuvash erythromatosis	chuvash
GARD:0017179	isolated thyrotropin-releasing hormone deficiency	hypothalamic hypothyroidism	hypothalamic
GARD:0017179	isolated thyrotropin-releasing hormone deficiency	tertiary hypothyroidism	tertiary
GARD:0017259	peeling skin syndrome 1	deciduous skin	deciduous
GARD:0017278	goiter, multinodular 1, with or without sertoli-leydig cell tumors	euthyroid goiter	goiter
GARD:0017279	hyperbiliverdinemia	green jaundice	jaundice
GARD:0017287	hereditary neutrophilia	neutrophilia, hereditary	neutrophilia
GARD:0017305	congenital reticular ichthyosiform erythroderma	erythrokeratoderma, reticular	reticular
GARD:0017330	glutathione synthetase deficiency with 5-oxoprolinuria	pyroglutamic aciduria	pyroglutamic
GARD:0017338	epithelial recurrent erosion dystrophy	dystrophia Helsinglandica	dystrophia
GARD:0017369	familial cold autoinflammatory syndrome 3	plaid	plaid
GARD:0017374	hypercalcemia, infantile	infantile hypercalcemia	hypercalcemia
GARD:0017416	gastric adenocarcinoma and proximal polyposis of the stomach	polyposis, gastric	polyposis
GARD:0017416	gastric adenocarcinoma and proximal polyposis of the stomach	polyposis, gastric	gastric
GARD:0017418	intestinal obstruction in the newborn due to guanylate cyclase 2c deficiency	meconium ileus	meconium
GARD:0017418	intestinal obstruction in the newborn due to guanylate cyclase 2c deficiency	meconium ileus	ileus
GARD:0017419	short stature-onychodysplasia-facial dysmorphism-hypotrichosis syndrome	soft	soft
GARD:0017444	myoclonus, familial	familial myoclonus	myoclonus
GARD:0017497	CAPN5-related vitreoretinopathy	proliferative vitreoretinopathy	proliferative
GARD:0017510	actinic prurigo	hydroa aestivale	hydroa
GARD:0017528	facial dysmorphism-immunodeficiency-livedo-short stature syndrome	fils syndrome	fils
GARD:0017544	hereditary retinoblastoma	familial retinoblastoma	retinoblastoma
GARD:0017591	aldosterone-producing adenoma with seizures and neurological abnormalities	Conn adenoma	conn
GARD:0017632	foveal hypoplasia - optic nerve decussation defect - anterior segment dysgenesis syndrome	foveal hypoplasia 2	foveal
GARD:0017676	global developmental delay - lung cysts - overgrowth - Wilms tumor syndrome	glow syndrome	glow
GARD:0017685	juvenile nephropathic cystinosis	intermediate cystinosis	intermediate
GARD:0017686	maternal riboflavin deficiency	riboflavin deficiency	riboflavin
GARD:0017692	primary failure of tooth eruption	dental noneruption	dental
GARD:0017692	primary failure of tooth eruption	dental noneruption	noneruption
GARD:0017705	GNPTG-mucolipidosis	mucolipidosis 3 gamma	gamma
GARD:0017709	X-linked colobomatous microphthalmia-microcephaly-intellectual disability-short stature syndrome	Maine microphthalmos	maine
GARD:0017709	X-linked colobomatous microphthalmia-microcephaly-intellectual disability-short stature syndrome	Maine microphthalmos	microphthalmos
GARD:0017715	progressive myoclonic epilepsy type 7	meak	meak
GARD:0017762	autoimmune interstitial lung disease-arthritis syndrome	copa syndrome	copa
GARD:0017766	autoimmune hemolytic anemia-autoimmune thrombocytopenia-primary immunodeficiency syndrome	triangle disease	triangle
GARD:0017932	oral cavity squamous cell carcinoma	mouth scc	mouth
GARD:0018045	TWIST1-related craniosynostosis	craniostenosis	craniostenosis
GARD:0018049	cornea plana 1, autosomal dominant	cornea plana 1	cornea
GARD:0018051	parietal foramina 1	parietal foramina	parietal
GARD:0018051	parietal foramina 1	catlin Marks	catlin
GARD:0018073	hyperpigmentation with or without hypopigmentation, familial progressive	melanosis, universal	melanosis
GARD:0018073	hyperpigmentation with or without hypopigmentation, familial progressive	melanosis, universal	universal
GARD:0018161	deafness, aminoglycoside-induced	streptomycin ototoxicity	streptomycin
GARD:0018224	glaucoma 3A	glaucoma, congenital	glaucoma
GARD:0018236	cataract 33	cortical cataract 33	cortical
GARD:0018286	epilepsy, hot water, 1	bathing epilepsy	bathing
GARD:0018357	fibromatosis, gingival, 5	gingival fibromatosis 5	gingival
GARD:0018365	hydatidiform mole, recurrent, 1	hydatidiform mole	hydatidiform
GARD:0018393	preeclampsia/eclampsia 5	corin preeclampsia	corin
GARD:0018418	vesicoureteral reflux 1	Vesicoureteral reflux	reflux
GARD:0018435	hypercalcemia, infantile, 2	hypercalcemia, infantile 2	hypercalcemia
GARD:0018493	chilblain lupus 1	chilblain lupus	chilblain
GARD:0018558	trigonocephaly 1	craniosynostosis, metopic	metopic
GARD:0018558	trigonocephaly 1	trigonocephaly type 1	trigonocephaly
GARD:0018559	trigonocephaly 2	trigonocephaly type 2	trigonocephaly
GARD:0018559	trigonocephaly 2	craniosynostosis, metopic	metopic
GARD:0018582	tumor predisposition syndrome 3	glioma susceptibility 9	susceptibility
GARD:0018615	dilated cardiomyopathy 1A	cardiomyopathy, congestive	congestive
GARD:0018676	amyloidosis	amyloid	amyloid
GARD:0018678	atresia of urethra	urethral atresia	urethral
GARD:0018694	keratosis pilaris atrophicans	ulerythema ophryogenesis	ulerythema
GARD:0018694	keratosis pilaris atrophicans	folliculitis ulerythematosa	folliculitis
GARD:0018694	keratosis pilaris atrophicans	honeycomb atrophy	honeycomb
GARD:0018694	keratosis pilaris atrophicans	keratosis pilaris	keratosis
GARD:0018695	systemic lupus erythematosus	Lupus	lupus
GARD:0018701	non-histaminic angioedema	angioneurotic edema	angioneurotic
GARD:0018701	non-histaminic angioedema	angioneurotic edema	edema
GARD:0018702	plague	pest	pest
GARD:0018702	plague	pestilential fever	pestilential
GARD:0018702	plague	black death	black
GARD:0018705	scleroderma	dermatosclerosis	dermatosclerosis
GARD:0018708	congenital toxoplasmosis	toxoplasmosis - congen.	toxoplasmosis
GARD:0018718	autosomal recessive cerebellar ataxia	arca	arca
GARD:0018720	isolated cerebellar hypoplasia/agenesis	Chiari 4 malformation	malformation
GARD:0018721	paroxysmal dyskinesia	paroxysmal choreoathetosis	paroxysmal
GARD:0018753	frontal encephalocele	anterior encephalocele	anterior
GARD:0018753	frontal encephalocele	anterior encephalocele	encephalocele
GARD:0018761	hemimelia	longitudinal meromelia	longitudinal
GARD:0018783	46,XX disorder of sex development	female pseudohermaphroditism	female
GARD:0018783	46,XX disorder of sex development	female pseudohermaphroditism	pseudohermaphroditism
GARD:0018795	Chagas disease	American trypanosomiasis	trypanosomiasis
GARD:0018815	neurometabolic disorder due to serine deficiency	serine deficiency	serine
GARD:0018822	gastric linitis plastica	linitis plastica	linitis
GARD:0018825	interstitial cystitis	ulcerative cystitis	ulcerative
GARD:0018825	interstitial cystitis	ulcerative cystitis	cystitis
GARD:0018828	serotonin syndrome	serotonin toxicity	toxicity
GARD:0018844	vasculitis	angiitis	angiitis
GARD:0018846	posterior cortical atrophy	Benson syndrome	benson
GARD:0018848	sarcocystosis	sarcosporidiosis	sarcosporidiosis
GARD:0018854	osteoblastoma	osteoblastoma (disease)	osteoblastoma
GARD:0018856	argyria	Silver staining	silver
GARD:0018856	argyria	Silver staining	staining
GARD:0018861	Oroya fever	Carrion disease	carrion
GARD:0018862	trench fever	fever, trench	trench
GARD:0018862	trench fever	quintan fever	quintan
GARD:0018864	pulmonary blastoma	lung blastoma	blastoma
GARD:0018866	IgG4-related thyroid disease	Riedel thyroiditis	thyroiditis
GARD:0018887	inborn mitochondrial metabolism disorder	mitochondrial disease	mitochondrial
GARD:0018900	radiation proctitis	Proctitis	proctitis
GARD:0018914	psychogenic movement disorders	psychogenic dystonia	psychogenic
GARD:0018916	inherited retinal dystrophy	fundus dystrophy	fundus
GARD:0018924	myiasis	maggot infestation	maggot
GARD:0018924	myiasis	maggot infestation	infestation
GARD:0018929	Loeffler endocarditis	eosinophilic endocarditis	endocarditis
GARD:0018935	inherited obesity	genetic obesity	obesity
GARD:0018935	inherited obesity	monogenic obesity	monogenic
GARD:0018939	sympathetic ophthalmia	sympathetic uveitis	sympathetic
GARD:0018941	myxofibrosarcoma	fibromyxosarcoma	fibromyxosarcoma
GARD:0018989	porokeratosis	porokeratosis (disease)	porokeratosis
GARD:0019017	premature aging syndrome	premature aging	premature
GARD:0019017	premature aging syndrome	premature aging	aging
GARD:0019022	pemphigus erythematosus	seborrheic pemphigus	seborrheic
GARD:0019026	pili gemini	pili multigemini	pili
GARD:0019028	autoimmune bullous skin disease	bullous dermatosis	bullous
GARD:0019028	autoimmune bullous skin disease	bullous dermatosis	dermatosis
GARD:0019030	rickettsialpox	vesicular rickettsiosis	vesicular
GARD:0019031	boutonneuse fever	marseilles fever	marseilles
GARD:0019032	epidemic louse-borne typhus	epidemic typhus	epidemic
GARD:0019032	epidemic louse-borne typhus	sylvatic typhus	sylvatic
GARD:0019033	endemic typhus	murine typhus	murine
GARD:0019033	endemic typhus	shop typhus	shop
GARD:0019033	endemic typhus	urban typhus	urban
GARD:0019035	scrub typhus	tropical typhus	tropical
GARD:0019036	regional odontodysplasia	ghost teeth	ghost
GARD:0019036	regional odontodysplasia	ghost teeth	teeth
GARD:0019038	narcolepsy without cataplexy	narcolepsy type 2	narcolepsy
GARD:0019039	solitary bone cyst	solitary cyst	cyst
GARD:0019042	Colorado tick fever	Mountain fever	mountain
GARD:0019043	progressive rubella panencephalitis	rubella panencephalitis	rubella
GARD:0019073	non-amyloid monoclonal immunoglobulin deposition disease	Randall disease	randall
GARD:0019099	radiation myelitis	radiation myelopathy	myelopathy
GARD:0019104	Gaisbock syndrome	stress polycythemia	stress
GARD:0019104	Gaisbock syndrome	polycythemia, emotional	emotional
GARD:0019129	pressure-induced localized lipoatrophy	semicircular lipoatrophy	semicircular
GARD:0019162	pineal region germinoma	pineal germinoma	pineal
GARD:0019182	ulnar hemimelia	ulnar clubhand	ulnar
GARD:0019182	ulnar hemimelia	ulnar clubhand	clubhand
GARD:0019186	type 2 collagenopathy	cartilage collagen	cartilage
GARD:0019186	type 2 collagenopathy	cartilage collagen	collagen
GARD:0019203	lysosomal storage disease with skeletal involvement	dysostosis multiplex	multiplex
GARD:0019225	ALys amyloidosis	lysozyme amyloidosis	lysozyme
GARD:0019235	epispadias	epispadias (disease)	epispadias
GARD:0019257	acute adrenal insufficiency	adrenocortical crisis	crisis
GARD:0019257	acute adrenal insufficiency	Addisonian crisis	addisonian
GARD:0019259	mesocardia	mesocardia (disease)	mesocardia
GARD:0019324	monosomy 22	deletion 22	deletion
GARD:0019370	postencephalitic Parkinson disease	postencephalitic parkinsonism	postencephalitic
GARD:0019370	postencephalitic Parkinson disease	postencephalitic parkinsonism	parkinsonism
GARD:0019519	stromal corneal dystrophy	stromal dystrophy	stromal
GARD:0019544	oculomotor nerve paralysis	oculomotor palsy	oculomotor
GARD:0019544	oculomotor nerve paralysis	oculomotor palsy	palsy
GARD:0019546	supranuclear oculomotor palsy	gaze palsy	gaze
GARD:0019546	supranuclear oculomotor palsy	gaze palsy	palsy
GARD:0019549	uveitis	uvea inflammation	uvea
GARD:0019585	myelodysplastic syndrome with single lineage dysplasia	refractory anaemia	refractory
GARD:0019585	myelodysplastic syndrome with single lineage dysplasia	aregenerative anaemia	aregenerative
GARD:0019590	intravascular large b-cell lymphoma	intravascular lymphomatosis	intravascular
GARD:0019590	intravascular large b-cell lymphoma	intravascular lymphomatosis	lymphomatosis
GARD:0019630	shone complex	shone syndrome	shone
GARD:0019687	bifid uvula	uvula, cleft	uvula
GARD:0019687	bifid uvula	uvular cleft	uvular
GARD:0019687	bifid uvula	uvula, bifid	bifid
GARD:0019691	primary syringomyelia	congenital syringomyelia	syringomyelia
GARD:0019701	spirillary rat-bite fever	spirillosis	spirillosis
GARD:0019701	spirillary rat-bite fever	sodoku disease	sodoku
GARD:0019711	invasive hydatidiform mole	chorioadenoma	chorioadenoma
GARD:0019712	gestational choriocarcinoma	gestational chorionepithelioma	gestational
GARD:0019712	gestational choriocarcinoma	gestational chorionepithelioma	chorionepithelioma
GARD:0019721	well-differentiated liposarcoma	atypical lipoma	atypical
GARD:0019725	Brill-Zinsser disease	recrudescent typhus	recrudescent
GARD:0019725	Brill-Zinsser disease	sporadic typhus	sporadic
GARD:0019725	Brill-Zinsser disease	Brill disease	brill
GARD:0019725	Brill-Zinsser disease	latent typhus	latent
GARD:0019727	complex regional pain syndrome type 2	causalgia	causalgia
GARD:0019742	alpha-heavy chain disease	Mediterranean lymphoma	mediterranean
GARD:0019803	chronic primary adrenal insufficiency	adrenal aplasia	aplasia
GARD:0019816	cerebellar ataxia	cerebellar dysmetria	dysmetria
GARD:0019816	cerebellar ataxia	ataxia	ataxia
GARD:0019827	Rickettsiosis	Rickettsial disease	rickettsial
GARD:0019827	Rickettsiosis	Rickettsia infection	rickettsia
GARD:0019828	spotted fever	fever, spotted	spotted
GARD:0019829	typhus	flea typhus	flea
GARD:0019829	typhus	petechial fever	petechial
GARD:0019829	typhus	prison fever	prison
GARD:0019829	typhus	shop typhus	shop
GARD:0019829	typhus	hospital fever	hospital
GARD:0019829	typhus	murine typhus	murine
GARD:0019829	typhus	ship fever	ship
GARD:0019829	typhus	exanthematous typhus	exanthematous
GARD:0019829	typhus	Urban typhus	urban
GARD:0019829	typhus	European typhus	european
GARD:0019829	typhus	famine fever	famine
GARD:0019829	typhus	jail fever	jail
GARD:0019829	typhus	Mexican typhus	mexican
GARD:0019875	perinatal asphyxia	birth asphyxia	birth
GARD:0019875	perinatal asphyxia	birth depression	depression
GARD:0019875	perinatal asphyxia	postnatal asphyxia	postnatal
GARD:0019878	neurotrophic keratopathy	neurotrophic keratitis	neurotrophic
GARD:0019880	endotheliitis	endothelium inflammation	endothelium
GARD:0019941	cervicofacial fibrochondroma	cervicofacial enchondroma	cervicofacial
GARD:0019941	cervicofacial fibrochondroma	cervicofacial enchondroma	enchondroma
GARD:0019943	epignathus	oropharyngeal teratoma	oropharyngeal
GARD:0019944	nasolacrimal duct cyst	dacryocele	dacryocele
GARD:0019944	nasolacrimal duct cyst	dacryocystocele	dacryocystocele
GARD:0019944	nasolacrimal duct cyst	nasolacrimal mucocele	mucocele
GARD:0019945	polyrrhinia	Double nose	nose
GARD:0019946	supernumerary nostril	supernumerary naris	supernumerary
GARD:0019946	supernumerary nostril	accessory nostril	accessory
GARD:0019946	supernumerary nostril	accessory nostril	nostril
GARD:0019948	nasopharyngeal teratoma	nasopharynx teratoma	nasopharynx
GARD:0019964	facial cleft	cleft face	face
GARD:0019964	facial cleft	craniofacial cleft	craniofacial
GARD:0019964	facial cleft	prosoposchisis	prosoposchisis
GARD:0020012	hereditary endocrine growth disease	growth disorder	growth
GARD:0020015	congenital pseudoarthrosis of the limbs	congenital pseudoarthrosis	pseudoarthrosis
GARD:0020020	juvenile xanthogranuloma	xanthoma neviforme	xanthoma
GARD:0020051	posttransplant acute limbic encephalitis	pale	pale
GARD:0020065	wound myiasis	traumatic myiasis	traumatic
GARD:0020078	eating seizures	eating epilepsy	eating
GARD:0020083	epilepsy syndrome	epileptic syndrome	epileptic
GARD:0020102	malignant peritoneal mesothelioma	peritoneal mesothelioma	peritoneal
GARD:0020110	malignant melanoma of the mucosa	mucosa melanoma	mucosa
GARD:0020141	peripheral precocious puberty	precocious pseudopuberty	precocious
GARD:0020149	wound botulism	inoculation botulism	inoculation
GARD:0020153	myopic macular degeneration	myopic maculopathy	myopic
GARD:0020159	primary cutaneous marginal zone b-cell lymphoma	salt lymphoma	salt
GARD:0020195	supernumerary breasts	polymastia	polymastia
GARD:0020195	supernumerary breasts	accessory breasts	accessory
GARD:0020206	breast giant fibroadenoma	giant fibroadenoma	giant
GARD:0020206	breast giant fibroadenoma	giant fibroadenoma	fibroadenoma
GARD:0020232	syndromic dyslipidemia	complex dyslipidemia	complex
GARD:0020261	inherited ichthyosis	fish skin	fish
GARD:0020320	agammaglobulinemia	antibody Deficiency	antibody
GARD:0020348	vaginal rhabdomyosarcoma	vulvovaginal rhabdomyosarcoma	vulvovaginal
GARD:0020348	vaginal rhabdomyosarcoma	vagina rhabdomyosarcoma	vagina
GARD:0020354	neurolymphomatosis	fowl paralyses	fowl
GARD:0020354	neurolymphomatosis	fowl paralyses	paralyses
GARD:0020354	neurolymphomatosis	Marek disease	marek
GARD:0020364	hereditary inclusion-body myopathy	inclusion myopathy	inclusion
GARD:0020371	inborn mitochondrial myopathy	mitochondrial cytopathy	mitochondrial
GARD:0020450	congenital temporomandibular joint ankylosis	congenital trismus	trismus
GARD:0020457	hereditary episodic ataxia	episodic ataxia	episodic
GARD:0020473	uterine corpus adenosarcoma	uterine adenosarcoma	adenosarcoma
GARD:0020488	cervical adenocarcinoma	adenocarcinoma - cervix	cervix
GARD:0020531	restrictive cardiomyopathy	cardiomyopathy, constrictive	constrictive
GARD:0020542	cranial neuralgia	facial neuralgia	facial
GARD:0020547	bone sarcoma	skeletal sarcoma	skeletal
GARD:0020568	anal fistula	anorectal fistula	anorectal
GARD:0020568	anal fistula	anorectal fistula	fistula
GARD:0020570	fusariosis	Fusarium infection	fusarium
GARD:0020579	linear focal dermal elastosis	Elastotic striae	striae
GARD:0020583	papular elastorrhexis	eruptive collagenoma	eruptive
GARD:0020592	virus-associated trichodysplasia spinulosa	trichodysplasia spinulosa	spinulosa
GARD:0020653	infantile mercury poisoning	infantile acrodynia	acrodynia
GARD:0020653	infantile mercury poisoning	pink disease	pink
GARD:0020653	infantile mercury poisoning	Swift disease	swift
GARD:0020657	inhalational anthrax	inhalation anthrax	inhalation
GARD:0020657	inhalational anthrax	inhalation anthrax	anthrax
GARD:0020657	inhalational anthrax	respiratory anthrax	respiratory
GARD:0020663	inflammatory myopathy with abundant macrophages	imam	imam
GARD:0020715	chordoid glioma of the third ventricle	chordoid glioma	chordoid
GARD:0020731	ganglioneuroma	ganglioneuroma (disease)	ganglioneuroma
GARD:0020739	diffuse leptomeningeal melanocytosis	leptomeningeal melanomatosis	leptomeningeal
GARD:0020740	meningeal melanocytoma	leptomeningeal melanocytoma	leptomeningeal
GARD:0020746	inhalational botulism	inhalation botulism	inhalation
GARD:0020747	iatrogenic botulism	accidental botulism	accidental
GARD:0020749	partial hydatidiform mole	partial Mole	partial
GARD:0020892	thymoma type a	thymoma, medullary	medullary
GARD:0020900	angiosarcoma	hemangiosarcoma	hemangiosarcoma
GARD:0020900	angiosarcoma	vascular sarcoma	vascular
GARD:0020958	spina bifida cystica	meningomyelocele	meningomyelocele
GARD:0020958	spina bifida cystica	myelomeningocele	myelomeningocele
GARD:0020967	cephalocele	cranium bifidum	cranium
GARD:0020967	cephalocele	encephalocele	encephalocele
GARD:0020967	cephalocele	cephalocele (disease)	cephalocele
GARD:0020968	meningoencephalocele	cranial meningocele	cranial
GARD:0020968	meningoencephalocele	cranial meningocele	meningocele
GARD:0020968	meningoencephalocele	encephalomeningocele	encephalomeningocele
GARD:0020982	cerebral cortical dysplasia	cortical dysplasia	cortical
GARD:0021044	multiple endocrine neoplasia	men syndrome	men
GARD:0021053	familial hyperinsulinism	hyperinsulinemic hypoglycemia	hypoglycemia
GARD:0021065	intermediate uveitis	chronic cyclitis	cyclitis
GARD:0021139	pyoderma gangrenosum-acne-suppurative hidradenitis syndrome	pash syndrome	pash
GARD:0021144	juvenile nasopharyngeal angiofibroma	nasopharyngeal angiofibroma	nasopharyngeal
GARD:0021144	juvenile nasopharyngeal angiofibroma	nasopharyngeal angiofibroma	angiofibroma
GARD:0021152	myopericytoma	solitary myofibroma	myofibroma
GARD:0021164	acute generalized exanthematous pustulosis	toxic pustuloderma	toxic
GARD:0021165	pleomorphic rhabdomyosarcoma	anaplastic rhabdomyosarcoma	anaplastic
GARD:0021179	non-syndromic amelia	isolated amelia	amelia
GARD:0021199	hyperphalangy	supernumerary phalanx	supernumerary
GARD:0021199	hyperphalangy	supernumerary phalanx	phalanx
GARD:0021199	hyperphalangy	supernumerary phalanges	phalanges
GARD:0021200	central polydactyly of fingers	mirror hand	mirror
GARD:0021201	syndactyly type 6	mitten hand	mitten
GARD:0021225	congenital genu recurvatum	genu recurvatum	genu
GARD:0021235	nail tumor	nail neoplasm	nail
GARD:0021237	carcinoma of the ampulla of vater	ampullary carcinoma	ampullary
GARD:0021264	manganese poisoning	manganese intoxication	manganese
GARD:0021329	metachromatic leukodystrophy, juvenile form	leukodystrophy metachromatic	metachromatic
GARD:0021375	ovarian fibroma	ovarian fibromata	fibromata
GARD:0021381	duplication of the pituitary gland	hypophyseal duplication	hypophyseal
GARD:0021426	primary lymphoma of the conjunctiva	conjunctiva lymphoma	conjunctiva
GARD:0021489	autosomal recessive frontotemporal pachygyria	pachygyria, frontotemporal	frontotemporal
GARD:0021503	lead poisoning	Lead intoxication	lead
GARD:0021503	lead poisoning	saturnism	saturnism
GARD:0021503	lead poisoning	plumbism	plumbism
GARD:0021506	chronic actinic dermatitis	actinic reticuloid	actinic
GARD:0021524	phalangeal microgeodic syndrome	phalangeal osteolysis	phalangeal
GARD:0021524	phalangeal microgeodic syndrome	phalangeal osteolysis	osteolysis
GARD:0021531	idiopathic macular telangiectasia type 1	aneurysmal telangiectasia	aneurysmal
GARD:0021531	idiopathic macular telangiectasia type 1	aneurysmal telangiectasia	telangiectasia
GARD:0021565	severe early-childhood-onset retinal dystrophy	fundus flavimaculatus	fundus
GARD:0021589	familial syringomyelia	hereditary syringomyelia	syringomyelia
GARD:0021618	generalized dystonia	dystonias, torsion	torsion
GARD:0021626	glomus tumor	glomus neoplasm	glomus
GARD:0021631	deep seated dermatophytosis	deep dermatophytosis	deep
GARD:0021631	deep seated dermatophytosis	deep dermatophytosis	dermatophytosis
GARD:0021638	Paget disease of the penis	penile adenocarcinoma	penile
GARD:0021640	refractory celiac disease	refractory sprue	refractory
GARD:0021640	refractory celiac disease	refractory sprue	sprue
GARD:0021654	immature ovarian teratoma	immature teratoma	immature
GARD:0021657	osteonecrosis	bone necrosis	necrosis
GARD:0021657	osteonecrosis	aseptic necrosis	aseptic
GARD:0021663	osteonecrosis of the jaw	jaw osteonecrosis	osteonecrosis
GARD:0021667	osteonecrosis of genetic origin	genetic osteonecrosis	osteonecrosis
GARD:0021709	lichen myxedematosus	papular mucinosis	papular
GARD:0021709	lichen myxedematosus	lichenoid myxedema	lichenoid
GARD:0021709	lichen myxedematosus	lichenoid myxedema	myxedema
GARD:0021716	hepatitis D virus infection	hepatitis delta	hepatitis
GARD:0021729	polyarticular juvenile idiopathic arthritis	juvenile polyarthritis	polyarthritis
GARD:0021800	urachal diverticulum	Vesicourachal diverticulum	diverticulum
GARD:0021823	placental insufficiency	insufficiency, placental	placental
GARD:0021831	secondary polyarteritis nodosa	secondary pan	pan
GARD:0021835	plastic bronchitis	croupous bronchitis	croupous
GARD:0021835	plastic bronchitis	fibrinous bronchitis	fibrinous
GARD:0021849	hyperinsulinemic hypoglycemia	hyperinsulinemia hypoglycemia	hypoglycemia
GARD:0021853	postpartum psychosis	puerperal psychosis	puerperal
GARD:0021853	postpartum psychosis	puerperal psychosis	psychosis
GARD:0021855	paratyphoid fever	paratyphoid b	paratyphoid
GARD:0021868	sclerosing cholangitis	fibrosing cholangitis	cholangitis
GARD:0021870	Keratocystic odontogenic tumor	odontogenic Keratocyst	odontogenic
GARD:0021879	pleural empyema	empyema	empyema
GARD:0021879	pleural empyema	thorax abscess	thorax
GARD:0021879	pleural empyema	thorax abscess	abscess
GARD:0021879	pleural empyema	purulent pleuritis	purulent
GARD:0021879	pleural empyema	purulent pleuritis	pleuritis
GARD:0021879	pleural empyema	pyothorax	pyothorax
GARD:0021879	pleural empyema	purulent pleurisy	pleurisy
GARD:0021889	cutaneous pseudolymphoma	lymphocytoma cutis	lymphocytoma
GARD:0021889	cutaneous pseudolymphoma	lymphocytoma cutis	cutis
GARD:0021895	isolated tracheo-esophageal fistula	tracheoesophageal fistula	tracheoesophageal
GARD:0021895	isolated tracheo-esophageal fistula	tracheoesophageal fistula	fistula
GARD:0021897	avian influenza	bird flu	bird
GARD:0021897	avian influenza	avian flu	avian
GARD:0021908	retiform hemangioendothelioma	hobnail hemangioendothelioma	hobnail
GARD:0021930	drug-induced methemoglobinemia	acquired methemoglobinemia	methemoglobinemia
GARD:0021973	bile duct cyst	choledochal cysts	choledochal
GARD:0021973	bile duct cyst	choledochal cyst	cyst
GARD:0021974	primary intrahepatic lithiasis	primary hepatolithiasis	hepatolithiasis
GARD:0022003	extracranial carotid artery aneurysm	Ecca	ecca
GARD:0022029	hyaline fibromatosis syndrome	hyalinosis, systemic	hyalinosis
GARD:0022042	skin pilomatrix carcinoma	matrical carcinoma	matrical
GARD:0022068	cleft lip and palate-craniofacial dysmorphism-congenital heart defect-hearing loss syndrome	hyaluronidase 2 deficiency	hyaluronidase
GARD:0022321	Middle East respiratory syndrome	camel flu	camel
GARD:0022460	narcolepsy	paroxysmal sleep	paroxysmal
GARD:0022460	narcolepsy	paroxysmal sleep	sleep
GARD:0022702	inherited bleeding disorder, platelet-type	platelet disorder	platelet
GARD:0022718	trigonocephaly	trigonocephaly, isolated	trigonocephaly
GARD:0022718	trigonocephaly	trigonocephalus	trigonocephalus
GARD:0022738	pulmonary aspergilloma	lung aspergillosis	aspergillosis
GARD:0022742	ophthalmomyiasis	ophthalmic myiasis	ophthalmic
GARD:0022770	paraganglioma	paraganglion neoplasm	paraganglion
GARD:0022778	arteritic anterior ischemic optic neuropathy	arteritic aion	aion
GARD:0022779	tongue squamous cell carcinoma	tongue scc	tongue
GARD:0022797	jejunal adenocarcinoma	jejunum adenocarcinoma	jejunum
GARD:0022800	cervical neuroblastoma	neck neuroblastoma	neck
GARD:0022817	diffuse alopecia areata	Celsus' vitiligo	vitiligo
GARD:0022817	diffuse alopecia areata	marginal alopecia	marginal
GARD:0022828	corneal endothelial dystrophy	endothelial dystrophy	endothelial
GARD:0022830	purpura fulminans	fibrinolytic purpura	fibrinolytic
GARD:0022831	cardiac tuberculosis	cardiovascular tuberculosis	cardiovascular
GARD:0022846	duodenum cancer	duodenal cancer	duodenal
GARD:0022849	syphilitic encephalitis	Treponema encephalitis	treponema
GARD:0022857	neuroretinitis	papilloretinitis	papilloretinitis
GARD:0022858	Histoplasma pericarditis	histoplasmosis pericarditis	histoplasmosis
GARD:0022858	Histoplasma pericarditis	histoplasmosis pericarditis	pericarditis
GARD:0022862	pneumoconiosis due to talc	talc pneumoconiosis	talc
GARD:0022869	patellar tendinitis	patellar tendonitis	patellar
GARD:0022869	patellar tendinitis	patella tendinitis	patella
GARD:0022869	patellar tendinitis	patella tendinitis	tendinitis
GARD:0022872	late yaws	gummatous frambeside	gummatous
GARD:0022873	early yaws	primary frambesia	frambesia
GARD:0022878	colonic lymphangioma	colon lymphangioma	colon
GARD:0022882	Fiedler's myocarditis	fiedler myocarditis	myocarditis
GARD:0022883	bacterial myocarditis	septic myocarditis	septic
GARD:0022883	bacterial myocarditis	septic myocarditis	myocarditis
GARD:0022893	microcephaly	microcephalus	microcephalus
GARD:0022894	Siberian tick typhus	Manchurian typhus	manchurian
GARD:0022908	disseminated intravascular coagulation	defibrination syndrome	defibrination
GARD:0022908	disseminated intravascular coagulation	consumptive coagulopathy	consumptive
GARD:0022916	Horner syndrome	oculosympathetic palsy	palsy
GARD:0022924	familial hyperlipidemia	familial hyperlipemia	hyperlipemia
GARD:0022925	dysgammaglobulinemia	dysgammaglobulinemia (finding)	finding
GARD:0022930	degenerative myopia	pathological myopia	pathological
GARD:0022930	degenerative myopia	pathological myopia	myopia
GARD:0022931	visual epilepsy	epilepsy, visual	visual
GARD:0022934	indeterminate leprosy	uncharacteristic leprosy	uncharacteristic
GARD:0022934	indeterminate leprosy	uncharacteristic leprosy	leprosy
GARD:0022937	schwannoma of ureter	ureteral neurilemmoma	ureteral
GARD:0022941	tracheal lymphoma	trachea lymphoma	trachea
GARD:0022942	trachea sarcoma	tracheal sarcoma	tracheal
GARD:0022945	lymphocytic choriomeningitis	lymphocytic meningoencephalitis	meningoencephalitis
GARD:0022969	Achilles bursitis	capped hock	hock
GARD:0022970	Plasmodium ovale malaria	ovale malaria	malaria
GARD:0022975	epidemic keratoconjunctivitis	shipyard eye	eye
GARD:0022981	severe pre-eclampsia	severe preeclampsia	severe
GARD:0022987	intestinal tuberculosis	intestine tuberculosis	intestine
GARD:0022991	cerebral sarcoidosis	telencephalon sarcoidosis	telencephalon
GARD:0022998	tetanus neonatorum	neonatal tetanus	tetanus
GARD:0023006	photokeratitis	ultraviolet keratitis	ultraviolet
GARD:0023010	post-vaccinal encephalitis	postvaccinal encephalomyelitis	postvaccinal
GARD:0023010	post-vaccinal encephalitis	postvaccinal encephalomyelitis	encephalomyelitis
GARD:0023011	dermoid cyst of skin	skin dermoid	dermoid
GARD:0023039	gastrointestinal tularemia	intestinal tularaemia	intestinal
GARD:0023039	gastrointestinal tularemia	enteric tularemia	enteric
GARD:0023039	gastrointestinal tularemia	enteric tularemia	tularemia
GARD:0023043	Plasmodium malariae malaria	quartan malaria	quartan
GARD:0023043	Plasmodium malariae malaria	quartan malaria	malaria
GARD:0023058	cecum lymphoma	caecum lymphoma	caecum
GARD:0023059	colon lymphoma	colonic lymphoma	colonic
GARD:0023062	Histoplasma capsulatum infectious disease	classical histoplasmosis	histoplasmosis
GARD:0023074	vagina sarcoma	vaginal sarcoma	vaginal
GARD:0023082	rectum lymphoma	rectal lymphoma	rectal
GARD:0023085	pneumonic tularemia	pulmonary tularemia	tularemia
GARD:0023085	pneumonic tularemia	bronchopneumonic tularemia	bronchopneumonic
GARD:0023085	pneumonic tularemia	pneumonic tularaemia	pneumonic
GARD:0023098	factor VII deficiency	deficiency, stable	stable
GARD:0023108	cutaneous ganglioneuroma	skin ganglioneuroma	ganglioneuroma
GARD:0023112	dermis tumor	dermal neoplasm	dermal
GARD:0023112	dermis tumor	dermis neoplasm	dermis
GARD:0023114	thrombophilia	hypercoagulability state	hypercoagulability
GARD:0023114	thrombophilia	hypercoagulability state	state
GARD:0023116	sensory peripheral neuropathy	sensory neuropathy	sensory
GARD:0023117	intracranial cavernous angioma	intracranial cavernoma	cavernoma
GARD:0023120	hematopoietic and lymphoid system neoplasm	blood tumor	blood
GARD:0023120	hematopoietic and lymphoid system neoplasm	hematologic malignancy	malignancy
GARD:0023120	hematopoietic and lymphoid system neoplasm	hematological tumors	hematological
GARD:0023122	granulomatous angiitis	Granulomatous arteritis	granulomatous
GARD:0023124	periosteal chondroma	juxtacortical chondroma	chondroma
GARD:0023127	dermoid cyst	dermoid tumor	dermoid
GARD:0023127	dermoid cyst	dermoid choristoma	choristoma
GARD:0023129	Pacinian tumor	Pacinian neurofibroma	pacinian
GARD:0023138	erythropoietin polycythemia	nephrogenous polycythemia	nephrogenous
GARD:0023139	laryngeal sarcoma	larynx sarcoma	larynx
GARD:0023141	membranoproliferative glomerulonephritis	lobular glomerulonephritis	lobular
GARD:0023156	childhood oligodendroglioma	oligodendroglioma	oligodendroglioma
GARD:0023159	adult oligodendroglioma	oligodendroglioma	oligodendroglioma
GARD:0023162	cellular schwannoma	cellular neurilemmoma	cellular
GARD:0023162	cellular schwannoma	cellular neurinoma	neurinoma
GARD:0023163	schwannoma of twelfth cranial nerve	hypoglossal neurilemmoma	hypoglossal
GARD:0023164	sympathetic neurilemmoma	sympathetic schwannoma	sympathetic
GARD:0023165	trigeminal schwannoma	trigeminal neurilemmoma	trigeminal
GARD:0023167	melanotic neurilemmoma	melanotic schwannoma	melanotic
GARD:0023167	melanotic neurilemmoma	melanotic neurinoma	neurinoma
GARD:0023168	plexiform schwannoma	plexiform neurilemmoma	plexiform
GARD:0023168	plexiform schwannoma	plexiform neurinoma	neurinoma
GARD:0023181	notochordal tumor	notochord tumour	notochord
GARD:0023181	notochordal tumor	notochordal cancer	notochordal
GARD:0023188	xanthomatosis	xanthomatosis (disease)	xanthomatosis
GARD:0023196	peripheral osteosarcoma	surface osteosarcoma	surface
GARD:0023198	conventional osteosarcoma	intracortical osteosarcoma	intracortical
GARD:0023198	conventional osteosarcoma	medullary osteosarcoma	medullary
GARD:0023202	idiopathic granulomatous myositis	granulomatous myositis	granulomatous
GARD:0023208	ampulla of vater adenocarcinoma	ampullary adenocarcinoma	ampullary
GARD:0023209	adult fibrosarcoma	fibrosarcoma	fibrosarcoma
GARD:0023211	pediatric fibrosarcoma	fibrosarcoma	fibrosarcoma
GARD:0023215	testicular gonadoblastoma	testis gonadoblastoma	testis
GARD:0023221	sella turcica neoplasm	selt	selt
GARD:0023221	sella turcica neoplasm	sellar tumour	sellar
GARD:0023233	extramedullary plasmacytoma	plasmacytoma, extramedullary	extramedullary
GARD:0023240	true hermaphroditism	hermaphroditism	hermaphroditism
GARD:0023240	true hermaphroditism	ovotestis	ovotestis
GARD:0023246	papillary craniopharyngioma	craniopharyngioma, papillary	papillary
GARD:0023248	cerebellar vermis medulloblastoma	vermis medulloblastoma	vermis
GARD:0023250	melanotic medulloblastoma	medulloblastoma, melanotic	melanotic
GARD:0023253	acute myocarditis	myocarditis, acute	myocarditis
GARD:0023258	non-keratinizing sinonasal squamous cell carcinoma	Schneiderian carcinoma	schneiderian
GARD:0023271	rectum rhabdomyosarcoma	rectal rhabdomyosarcoma	rectal
GARD:0023286	ovarian adenosarcoma	ovary adenosarcoma	adenosarcoma
GARD:0023289	orbital cancer	orbit cancer	orbit
GARD:0023294	cerebral neuroblastoma	telencephalon neuroblastoma	telencephalon
GARD:0023304	clear cell sarcoma	chordoid sarcoma	chordoid
GARD:0023330	pediatric angiosarcoma	angiosarcoma	angiosarcoma
GARD:0023331	aorta angiosarcoma	aortic hemangiosarcoma	aortic
GARD:0023339	prostate angiosarcoma	prostate hemangiosarcoma	prostate
GARD:0023339	prostate angiosarcoma	prostatic angiosarcoma	prostatic
GARD:0023342	pediatric mesenchymal chondrosarcoma	mesenchymal chondrosarcoma	mesenchymal
GARD:0023357	extraocular retinoblastoma	metastatic retinoblastoma	metastatic
GARD:0023357	extraocular retinoblastoma	metastatic retinoblastoma	retinoblastoma
GARD:0023388	cavernous hemangioma	cavernous haemangioma	cavernous
GARD:0023388	cavernous hemangioma	cavernoma	cavernoma
GARD:0023389	vascular hemostatic disease	hemostatic disorder	hemostatic
GARD:0023391	cerebellar astrocytoma	cerebellum astrocytoma	cerebellum
GARD:0023393	diencephalic astrocytomas	diencephalic astrocytoma	diencephalic
GARD:0023393	diencephalic astrocytomas	diencephalon astrocytoma	diencephalon
GARD:0023395	pineal gland astrocytoma	pineal astrocytoma	pineal
GARD:0023407	appendix carcinoma	Ca appendix	appendix
GARD:0023415	acute nonparalytic poliomyelitis	nonparalytic poliomyelitis	nonparalytic
GARD:0023428	posterior pituitary gland neoplasm	neurohypophysis neoplasm	neurohypophysis
GARD:0023430	rhabdoid meningioma	papillary meningioma	papillary
GARD:0023430	rhabdoid meningioma	meningioma, rhabdoid	rhabdoid
GARD:0023432	sternum cancer	sternal tumour	sternal
GARD:0023435	leiomyoma cutis	cutaneous leiomyoma	leiomyoma
GARD:0023436	dartoic leiomyoma	dartoic myoma	dartoic
GARD:0023436	dartoic leiomyoma	dartoic myoma	myoma
GARD:0023457	chronic polyneuropathy	polyneuropathy, chronic	polyneuropathy
GARD:0023467	colon leiomyosarcoma	colonic leiomyosarcoma	colonic
GARD:0023477	malignant dermis tumor	dermis cancer	dermis
GARD:0023482	vagina leiomyosarcoma	vaginal leiomyosarcoma	vaginal
GARD:0023487	laryngeal leiomyosarcoma	larynx leiomyosarcoma	larynx
GARD:0023491	rectum leiomyosarcoma	rectal leiomyosarcoma	rectal
GARD:0023523	childhood ependymoma	ependymoma	ependymoma
GARD:0023524	pineal region dysgerminoma	pineal dysgerminoma	pineal
GARD:0023534	femoral cancer	femur cancer	femur
GARD:0023534	femoral cancer	femoral neoplasm	femoral
GARD:0023537	choriocarcinoma of testis	choriocarcinoma	choriocarcinoma
GARD:0023538	pineal region choriocarcinoma	pineal choriocarcinoma	pineal
GARD:0023543	adult teratoma	teratoma	teratoma
GARD:0023547	gastric gastrin-producing neuroendocrine tumor	gastric gastrinoma	gastric
GARD:0023569	adult liposarcoma	liposarcoma	liposarcoma
GARD:0023571	pediatric liposarcoma	liposarcoma	liposarcoma
GARD:0023572	larynx liposarcoma	laryngeal liposarcoma	laryngeal
GARD:0023581	median nerve neuropathy	median neuropathy	median
GARD:0023588	neuritis of upper limb	forelimb neuritis	forelimb
GARD:0023588	neuritis of upper limb	forelimb neuritis	neuritis
GARD:0023589	nerve compression syndrome	entrapment neuropathy	entrapment
GARD:0023589	nerve compression syndrome	compression neuropathy	compression
GARD:0023595	clear cell-sugar-tumor of the lung	Sugar tumour	sugar
GARD:0023610	hemolytic anemia	anemia, hemolytic	hemolytic
GARD:0023619	adult anaplastic ependymoma	anaplastic ependymoma	anaplastic
GARD:0023635	aleukemic leukemia	aleukemic myelosis	aleukemic
GARD:0023638	central nervous system mature teratoma	mature teratoma	mature
GARD:0023640	central nervous system immature teratoma	immature teratoma	immature
GARD:0023656	leptomeningeal melanoma	leptomeninx melanoma	leptomeninx
GARD:0023657	malignant leptomeningeal tumor	leptomeningeal cancer	leptomeningeal
GARD:0023657	malignant leptomeningeal tumor	leptomeninx cancer	leptomeninx
GARD:0023676	malignant pericardial mesothelioma	pericardium mesothelioma	pericardium
GARD:0023679	malignant mediastinum hemangiopericytoma	mediastinum hemangiopericytoma	mediastinum
GARD:0023683	mature ovarian teratoma	mature teratoma	mature
GARD:0023692	clivus chordoma	clival chordoma	clival
GARD:0023694	ovarian fetiform teratoma	homunculus	homunculus
GARD:0023710	malignant choroid melanoma	choroid melanoma	choroid
GARD:0023719	periosteal osteogenic sarcoma	periosteal osteosarcoma	periosteal
GARD:0023722	cerebellar hemangioblastoma	cerebellum hemangioblastoma	cerebellum
GARD:0023732	cortical thymoma	thymoma, cortical	cortical
GARD:0023739	neurilemmoma of the pleura	pleural neurilemmoma	pleural
GARD:0023739	neurilemmoma of the pleura	pleura schwannoma	pleura
GARD:0023745	Kummell disease	traumatic spondylopathy	traumatic
GARD:0023745	Kummell disease	traumatic spondylopathy	spondylopathy
GARD:0023755	myositis ossificans	ossification - muscle	ossification
GARD:0023755	myositis ossificans	ossification - muscle	muscle
GARD:0023763	sternum lymphoma	sternal lymphoma	sternal
GARD:0023772	motor nerve neuritis	motor neuritis	motor
GARD:0023772	motor nerve neuritis	motor neuritis	neuritis
GARD:0023781	mediastinal malignant lymphoma	mediastinum lymphoma	mediastinum
GARD:0023789	pediatric intraocular retinoblastoma	intraocular retinoblastoma	intraocular
GARD:0023789	pediatric intraocular retinoblastoma	intraocular retinoblastoma	retinoblastoma
GARD:0023790	childhood brain meningioma	Brain meningioma	brain
GARD:0023793	telangiectatic osteogenic sarcoma	telangiectatic osteosarcoma	telangiectatic
GARD:0023845	fibrous meningioma	fibroblastic meningioma	fibroblastic
GARD:0023891	childhood pleomorphic rhabdomyosarcoma	Pleomorphic rhabdomyosarcoma	pleomorphic
GARD:0023897	ependymal tumor of brain	brain ependymoma	brain
GARD:0023904	urinary bladder tuberculosis	bladder tuberculous	bladder
GARD:0023904	urinary bladder tuberculosis	tuberculous cystitis	cystitis
GARD:0023905	mixed epithelial/mesenchymal metaplastic breast carcinoma	breast carcinosarcoma	breast
GARD:0023905	mixed epithelial/mesenchymal metaplastic breast carcinoma	breast carcinosarcoma	carcinosarcoma
GARD:0023921	fibrosarcomatous osteosarcoma	fibroblastic osteosarcoma	fibroblastic
GARD:0023923	sarcomatosis of the meninges	meninges sarcomatosis	sarcomatosis
GARD:0023927	gasserian ganglion meningioma	Gasserian meningioma	gasserian
GARD:0023937	testicular thecoma	testis thecoma	testis
GARD:0023942	leptomeningeal sarcoma	leptomeninges sarcoma	leptomeninges
GARD:0023942	leptomeningeal sarcoma	leptomeninx sarcoma	leptomeninx
GARD:0023951	pediatric extraocular retinoblastoma	extraocular retinoblastoma	extraocular
GARD:0023951	pediatric extraocular retinoblastoma	extraocular retinoblastoma	retinoblastoma
GARD:0023952	adult brain ependymoma	brain ependymoma	brain
GARD:0023954	childhood leukemia	leukemia	leukemia
GARD:0023955	breast extraskeletal osteosarcoma	breast osteosarcoma	breast
GARD:0023966	adult papillary meningioma	papillary meningioma	papillary
GARD:0023978	mediastinal schwannoma	mediastinum schwannoma	mediastinum
GARD:0023989	duodenal gastrin-producing neuroendocrine tumor	duodenal gastrinoma	duodenal
GARD:0024006	pineal region meningioma	pineal meningioma	pineal
GARD:0024033	uterine corpus choriocarcinoma	choriocarcinoma	choriocarcinoma
GARD:0024044	meningeal melanomatosis	leptomeningeal melanomatosis	leptomeningeal
GARD:0024058	chordoid meningioma	meningioma, chordoid	chordoid
GARD:0024068	thyroid gland macrofollicular adenoma	colloid adenoma	colloid
GARD:0024072	rheumatic myocarditis	rheumatoid myocarditis	myocarditis
GARD:0024078	perinatal necrotizing enterocolitis	necrotizing enterocolitis	enterocolitis
GARD:0024102	iridocyclitis	iridocyclitis (disease)	iridocyclitis
GARD:0024106	infectious meningitis	meningitis	meningitis
GARD:0024106	infectious meningitis	infective meningitis	infective
GARD:0024114	indolent plasma cell myeloma	indolent myeloma	indolent
GARD:0024121	ophthalmia neonatorum	neonatal conjunctivitis	conjunctivitis
GARD:0024127	myositis fibrosa	interstitial myositis	interstitial
GARD:0024132	chronic canaliculitis	actinomycosis, chronic	actinomycosis
GARD:0024146	leukemia	blood (leukemia)	blood
GARD:0024150	malignant pleural mesothelioma	pleura mesothelioma	pleura
GARD:0024151	borderline leprosy	Midborderline leprosy	leprosy
GARD:0024152	tuberculoid leprosy	smooth leprosy	smooth
GARD:0024152	tuberculoid leprosy	smooth leprosy	leprosy
GARD:0024157	lymphoid neoplasm	lymphoid tumor	lymphoid
GARD:0024158	osteoma	osteoma, benign	osteoma
GARD:0024160	myeloid neoplasm	myeloid malignancy	malignancy
GARD:0024165	vulva sarcoma	vulvar sarcoma	vulvar
GARD:0024168	smoldering plasma cell myeloma	asymptomatic myeloma	asymptomatic
GARD:0024176	carcinoid tumor	carcinoid	carcinoid
GARD:0024178	membranous glomerulonephritis	membranous Glomerulonephropathy	membranous
GARD:0024178	membranous glomerulonephritis	membranous nephropathy	nephropathy
GARD:0024179	lymphoid leukemia	lymphogenous leukemia	lymphogenous
GARD:0024183	prion disease	spongiform encephalopathy	spongiform
GARD:0024183	prion disease	spongiform encephalopathy	encephalopathy
GARD:0024188	visceral leishmaniasis	viscus leishmaniasis	leishmaniasis
GARD:0024189	cutaneous leishmaniasis	leproid leishmaniasis	leproid
GARD:0024189	cutaneous leishmaniasis	leproid leishmaniasis	leishmaniasis
GARD:0024198	gingival cancer	gingiva cancer	gingiva
GARD:0024208	malignant epithelioid mesothelioma	epithelial mesothelioma	epithelial
GARD:0024211	pancreatic adenosquamous carcinoma	pancreatic adenoacanthoma	adenoacanthoma
GARD:0024213	cerebral malaria	malarial encephalitis	malarial
GARD:0024215	blackwater fever	malarial hemoglobinuria	malarial
GARD:0024215	blackwater fever	malarial hemoglobinuria	hemoglobinuria
GARD:0024215	blackwater fever	hemoglobinuric, malaria	malaria
GARD:0024217	bulbar polio	polio, bulbar	polio
GARD:0024217	bulbar polio	polio, bulbar	bulbar
GARD:0024220	central nervous system tuberculosis	intracranial tuberculoma	tuberculoma
GARD:0024221	cervicofacial actinomycosis	lumpy jaw	lumpy
GARD:0024224	diaphragm disorder	diaphragmatic disorder	diaphragmatic
GARD:0024224	diaphragm disorder	diaphragm disease	diaphragm
GARD:0024225	emphysematous cholecystitis	gaseous pericholecystitis	gaseous
GARD:0024225	emphysematous cholecystitis	gaseous pericholecystitis	pericholecystitis
GARD:0024227	epidural abscess	abscess epidural	abscess
GARD:0024227	epidural abscess	abscess epidural	epidural
GARD:0024235	laryngeal tuberculosis	larynx tuberculosis	larynx
GARD:0024235	laryngeal tuberculosis	tuberculous laryngitis	laryngitis
GARD:0024236	late congenital syphilis	juvenile neurosyphilis	neurosyphilis
GARD:0024236	late congenital syphilis	juvenile syphilis	syphilis
GARD:0024238	lymph node tuberculosis	tuberculous adenitis	adenitis
GARD:0024238	lymph node tuberculosis	scrofula	scrofula
GARD:0024238	lymph node tuberculosis	tuberculous lymphadenopathy	lymphadenopathy
GARD:0024240	mandibular cancer	mandibular neoplasm	mandibular
GARD:0024240	mandibular cancer	mandible cancer	mandible
GARD:0024241	maxillary neoplasm	maxillary cancer	maxillary
GARD:0024247	myelophthisic anemia	leukoerythroblastic reaction	reaction
GARD:0024247	myelophthisic anemia	myelophthisis	myelophthisis
GARD:0024252	pericardial tuberculosis	tuberculous pericarditis	pericarditis
GARD:0024253	phagocyte bactericidal dysfunction	phagocytic dysfunction	phagocytic
GARD:0024253	phagocyte bactericidal dysfunction	phagocytic dysfunction	dysfunction
GARD:0024254	Plasmodium falciparum malaria	falciparum malaria	malaria
GARD:0024255	Plasmodium vivax malaria	vivax malaria	malaria
GARD:0024256	pleural tuberculosis	tuberculous pleurisy	pleurisy
GARD:0024256	pleural tuberculosis	pleura tuberculosis	pleura
GARD:0024256	pleural tuberculosis	tuberculous pleuritis	pleuritis
GARD:0024269	urinary schistosomiasis	bladder schistosomiasis	bladder
GARD:0024269	urinary schistosomiasis	Schistosoma haematobium	schistosoma
GARD:0024269	urinary schistosomiasis	vesical schistosomiasis	vesical
GARD:0024270	urogenital tuberculosis	genitourinary tuberculosis	genitourinary
GARD:0024271	vestibular neuronitis	vestibular neuritis	vestibular
GARD:0024271	vestibular neuronitis	vestibular neuritis	neuritis
GARD:0024271	vestibular neuronitis	epidemic neurolabyrinthitis	epidemic
GARD:0024285	anal melanoma	anus melanoma	anus
GARD:0024296	malignant biphasic mesothelioma	biphasic mesothelioma	biphasic
GARD:0024298	blast phase chronic myelogenous leukemia, BCR-ABL1 positive	blast crises	crises
GARD:0024298	blast phase chronic myelogenous leukemia, BCR-ABL1 positive	phase, blast	phase
GARD:0024298	blast phase chronic myelogenous leukemia, BCR-ABL1 positive	blast crisis	crisis
GARD:0024298	blast phase chronic myelogenous leukemia, BCR-ABL1 positive	blast phases	phases
GARD:0024312	colon mucosa-associated lymphoid tissue lymphoma	colonic MALToma	colonic
GARD:0024312	colon mucosa-associated lymphoid tissue lymphoma	colon MALToma	colon
GARD:0024322	duodenal adenocarcinoma	duodenum adenocarcinoma	duodenum
GARD:0024340	gastric mucosa-associated lymphoid tissue lymphoma	gastric MALToma	gastric
GARD:0024371	olfactory neuroblastoma	olfactory esthesioneuroblastoma	olfactory
GARD:0024372	ovarian endometrioid adenocarcinoma with squamous differentiation	ovarian adenoacanthoma	adenoacanthoma
GARD:0024375	palmar fibromatosis	Dupuytren contracture	contracture
GARD:0024383	penile carcinoma	penile cancer	penile
GARD:0024401	sarcomatoid mesothelioma	spindled mesothelioma	spindled
GARD:0024415	thymic sarcomatoid carcinoma	thymic carcinosarcoma	carcinosarcoma
GARD:0024417	thymoma type B3	thymoma, epithelial	epithelial
GARD:0024417	thymoma type B3	atypical thymoma	atypical
GARD:0024417	thymoma type B3	squamoid thymoma	squamoid
GARD:0024418	thymoma type B1	thymoma, organoid	organoid
GARD:0024424	tibial adamantinoma	tibia adamantinoma	tibia
GARD:0024424	tibial adamantinoma	tibia adamantinoma	adamantinoma
GARD:0024434	hereditary hemochromatosis	hemochromatosis	hemochromatosis
GARD:0024434	hereditary hemochromatosis	diabetes bronze	diabetes
GARD:0024434	hereditary hemochromatosis	diabetes bronze	bronze
GARD:0024438	hemangioma of subcutaneous tissue	subcutaneous hemangioma	subcutaneous
GARD:0024441	photoallergic dermatitis	photoallergic eczema	eczema
GARD:0024442	photosensitivity disease	photosensitization	photosensitization
GARD:0024443	phototoxic dermatitis	Photosensitisation reaction	reaction
GARD:0024443	phototoxic dermatitis	photosensitive dermatitis	photosensitive
GARD:0024443	phototoxic dermatitis	photosensitiveness	photosensitiveness
GARD:0024444	skin sarcoidosis	cutaneous sarcoid	sarcoid
GARD:0024451	alcoholic polyneuropathy	alcoholic neuropathy	alcoholic
GARD:0024454	anthracosis	black lung	black
GARD:0024455	aortitis	aorta inflammation	aorta
GARD:0024458	brachial plexus neuritis	brachial neuritis	brachial
GARD:0024458	brachial plexus neuritis	brachial neuritis	neuritis
GARD:0024459	brachial plexus neuropathy	brachial plexopathy	brachial
GARD:0024461	cutaneous fibrous histiocytoma	pleomorphic fibroma	pleomorphic
GARD:0024465	endolymphatic hydrops	labyrinthine hydrops	labyrinthine
GARD:0024465	endolymphatic hydrops	labyrinthine hydrops	hydrops
GARD:0024468	fetal erythroblastosis	erythroblastosis fetalis	erythroblastosis
GARD:0024476	hypersplenism	hypersplenia	hypersplenia
GARD:0024476	hypersplenism	hypersplenism (disease)	hypersplenism
GARD:0024477	iritis	iris inflammation	iris
GARD:0024477	iritis	iritis (disease)	iritis
GARD:0024478	jejunal cancer	jejunum cancer	jejunum
GARD:0024479	juxtacortical osteosarcoma	parosteal osteosarcoma	parosteal
GARD:0024482	Listeria meningitis	cerebritis, Listeria	cerebritis
GARD:0024482	Listeria meningitis	meningoencephalitis, Listeria	meningoencephalitis
GARD:0024492	myxosarcoma	myxosarcoma, malignant	myxosarcoma
GARD:0024496	optic papillitis	papilledema	papilledema
GARD:0024496	optic papillitis	edema, retinal	edema
GARD:0024496	optic papillitis	papillitis, optic	papillitis
GARD:0024496	optic papillitis	papillitis, optic	optic
GARD:0024496	optic papillitis	papilloedema	papilloedema
GARD:0024496	optic papillitis	disk, Choked	disk
GARD:0024496	optic papillitis	optic discitis	discitis
GARD:0024501	posterior uveitis	uveitis, posterior	posterior
GARD:0024503	Rickettsiaceae infectious disease	rickettsialpox	rickettsialpox
GARD:0024510	subacute bacterial endocarditis	endocarditis lenta	endocarditis
GARD:0024511	subdural empyema	subdural abscess	subdural
GARD:0024511	subdural empyema	subdural abscess	abscess
GARD:0024524	hereditary anorectal anomalies	anorectal anomalies	anorectal
GARD:0024532	brachydactyly type D	stub thumb	stub
GARD:0024536	amastia	amazia	amazia
GARD:0024537	epidermolytic ichthyosis	epidermolytic hyperkeratosis	hyperkeratosis
GARD:0024537	epidermolytic ichthyosis	bullous ichthyosis	bullous
GARD:0024551	cirrhosis, familial	cryptogenic cirrhosis	cryptogenic
GARD:0024551	cirrhosis, familial	cryptogenic cirrhosis	cirrhosis
GARD:0024551	cirrhosis, familial	Sen syndrome	sen
GARD:0024574	hypercholesterolemia, familial, 1	hypercholesterolemia, familial	hypercholesterolemia
GARD:0024575	nonpapillary renal cell carcinoma	hypernephroma	hypernephroma
GARD:0024579	kabuki syndrome 1	Kabuki syndrome	kabuki
GARD:0024582	keratoconus 1	keratoconus type 1	keratoconus
GARD:0024585	uterine corpus leiomyoma	leiomyoma, uterine	leiomyoma
GARD:0024585	uterine corpus leiomyoma	plexiform leiomyoma	plexiform
GARD:0024585	uterine corpus leiomyoma	uterine fibroid	fibroid
GARD:0024591	megalodactyly	macrodactyly	macrodactyly
GARD:0024600	neurofibromatosis, type iv, of riccardi	neurofibromatosis, atypical	atypical
GARD:0024601	nevus, epidermal	Nevus sebaceous	sebaceous
GARD:0024601	nevus, epidermal	Epidermal Nevus	epidermal
GARD:0024609	chondromalacia patellae	patella chondromalacia	patella
GARD:0024609	chondromalacia patellae	patella chondromalacia	chondromalacia
GARD:0024610	periodontitis, aggressive 1	periodontitis, juvenile	periodontitis
GARD:0024610	periodontitis, aggressive 1	periodontitis, prepubertal	prepubertal
GARD:0024610	periodontitis, aggressive 1	periodontitis, aggressive, 1	aggressive
GARD:0024616	protoporphyria, erythropoietic, 1	erythropoietic protoporphyria	erythropoietic
GARD:0024618	intestinal schistosomiasis	schistosomiasis japonica	japonica
GARD:0024620	scleroderma, familial progressive	Crest syndrome	crest
GARD:0024660	holoprosencephaly 1	cyclopia	cyclopia
GARD:0024661	autosomal recessive humeroradial synostosis	humeroradial synostosis	humeroradial
GARD:0024661	autosomal recessive humeroradial synostosis	humeroradial synostosis	synostosis
GARD:0024663	hydrocephalus, nonsyndromic, autosomal recessive 1	hydrocephaly	hydrocephaly
GARD:0024663	hydrocephalus, nonsyndromic, autosomal recessive 1	hydrocephalus, congenital, 1	hydrocephalus
GARD:0024664	autosomal recessive hydrocephalus due to congenital stenosis of aqueduct of Sylvius	aqueductal stenosis	stenosis
GARD:0024674	primary ciliary dyskinesia 1	Polynesian bronchiectasis	polynesian
GARD:0024674	primary ciliary dyskinesia 1	Polynesian bronchiectasis	bronchiectasis
GARD:0024679	lymphoblastic leukemia, acute, with lymphomatous features	lymphomatous All	lymphomatous
GARD:0024679	lymphoblastic leukemia, acute, with lymphomatous features	lall	lall
GARD:0024682	autosomal recessive familial Mediterranean fever	polyserositis, recurrent	polyserositis
GARD:0024682	autosomal recessive familial Mediterranean fever	polyserositis, recurrent	recurrent
GARD:0024692	neutrophil actin dysfunction	Atypical Nevus	atypical
GARD:0024692	neutrophil actin dysfunction	dysplastic nevi	dysplastic
GARD:0024692	neutrophil actin dysfunction	Clark Nevus	clark
GARD:0024692	neutrophil actin dysfunction	lentiginous Nevus	lentiginous
GARD:0024710	thymoma, familial	thymic neoplasia	neoplasia
GARD:0024767	autosomal dominant hypocalcemia 1	hypercalciuric hypocalcemia	hypocalcemia
GARD:0024789	citrullinemia, type ii, adult-onset	citrin deficiency	citrin
GARD:0024793	hypercholesterolemia, autosomal dominant, 3	hypercholesterolemia, familial, 3	hypercholesterolemia
GARD:0024868	esophagitis, eosinophilic, 1	esophagitis, eosinophilic	esophagitis
GARD:0024933	beta-thalassemia HBB/LCRB	thalassemia, beta	beta
GARD:0024980	multiple fibroadenoma of the breast	mammary polyadenomatosis	mammary
GARD:0025063	herpes simplex virus keratitis	dendritic keratitis	dendritic
GARD:0025063	herpes simplex virus keratitis	herpetic keratitis	herpetic
GARD:0025065	paraneoplastic limbic encephalitis	limbic encephalitis	limbic
GARD:0025091	rapidly progressive glomerulonephritis	crescentic glomerulonephritis	crescentic
GARD:0025134	isolated oxycephaly	acrocephaly	acrocephaly
GARD:0025134	isolated oxycephaly	hypsicephaly	hypsicephaly
GARD:0025134	isolated oxycephaly	pyrgocephaly	pyrgocephaly
GARD:0025146	astrocytoma (excluding glioblastoma)	astrocytoma	astrocytoma
GARD:0025157	congenital glaucoma	hydrophthalmos	hydrophthalmos
GARD:0025157	congenital glaucoma	buphthalmia	buphthalmia
GARD:0025185	Simpson-Golabi-Behmel syndrome type 1	bulldog syndrome	bulldog
GARD:0025190	grade III meningioma	grade 3 meningioma	grade
GARD:0025199	vaginal adenocarcinoma	vagina adenocarcinoma	vagina
GARD:0025216	erythroid neoplasm	erythroid tumor	erythroid
GARD:0025226	hypouricemia, renal 1	Dalmatian hypouricemia	dalmatian
GARD:0025259	pseudomembranous diphtheritic conjunctivitis	conjunctival diphtheria	conjunctival
GARD:0025259	pseudomembranous diphtheritic conjunctivitis	conjunctival diphtheria	diphtheria
GARD:0025265	faucial diphtheria	diphtheritic membrane	diphtheritic
GARD:0025265	faucial diphtheria	diphtheritic membrane	membrane
GARD:0025266	laryngeal diphtheria	diphtheritic laryngotracheitis	diphtheritic
GARD:0025266	laryngeal diphtheria	diphtheritic laryngotracheitis	laryngotracheitis
GARD:0025270	mansonella ozzardi infection	filariasis ozzardi	filariasis
GARD:0025276	cirrhosis, familial, with antigenemia	cirrhosis, familial	cirrhosis
GARD:0025278	pleural solitary fibrous tumor	pleural fibroma	pleural
GARD:0025284	jugulotympanic paraganglioma	Glomus tumor	glomus
GARD:0025284	jugulotympanic paraganglioma	jugular paraganglioma	jugular
GARD:0025286	sympathetic paraganglioma	chromaffin neoplasm	chromaffin
GARD:0025287	congenital fibrosis of extraocular muscles type 1	ophthalmoplegia, congenital	ophthalmoplegia
GARD:0025289	cranioectodermal dysplasia 1	Levin syndrome 1	levin
GARD:0025314	carcinoma of duodenum	duodenal carcinoma	duodenal
GARD:0025314	carcinoma of duodenum	duodenum carcinoma	duodenum
GARD:0025332	rectal neuroendocrine tumor G1	rectal carcinoid	rectal
GARD:0025334	undifferentiated carcinoma of nasopharynx	nasopharyngeal lymphoepithelioma	nasopharyngeal
GARD:0025338	neoplasm of femur	femur tumor	femur
GARD:0025346	grade III glioma	anaplastic glioma	anaplastic
GARD:0025348	neuralgia	pain, nerve	pain
GARD:0025348	neuralgia	pain, nerve	nerve
GARD:0025348	neuralgia	pain, neuropathic	neuropathic
GARD:0025352	temporomandibular joint dysfunction syndrome	Mandibular dysfunction	mandibular
GARD:0025352	temporomandibular joint dysfunction syndrome	Mandibular dysfunction	dysfunction
GARD:0025352	temporomandibular joint dysfunction syndrome	Snapping jaw	snapping
GARD:0025354	infection by trypanosoma gambiense	Gambian trypanosomiasis	trypanosomiasis
GARD:0025355	infection by trypanosoma rhodesiense	rhodesian trypanosomiasis	rhodesian
GARD:0025355	infection by trypanosoma rhodesiense	rhodesian trypanosomiasis	trypanosomiasis
GARD:0025357	cutaneous tuberculosis	tuberculoderma	tuberculoderma
GARD:0025357	cutaneous tuberculosis	tuberculosis cutis	cutis
GARD:0025366	chromosome 22, monosome mosaic	Mosaic monosome 22	mosaic
GARD:0025366	chromosome 22, monosome mosaic	Mosaic monosome 22	monosome
GARD:0025378	hypothyroidism, congenital, nongoitrous, 2	thyroid, ectopic	ectopic
GARD:0025436	orbit neoplasm	orbit tumor	orbit
GARD:0025448	skull neoplasm	skull tumour	skull
GARD:0025470	clitoral carcinoma	clitoris carcinoma	clitoris
GARD:0025476	anaplasmosis	human anaplasmosis	anaplasmosis
GARD:0025646	osteogenesis imperfecta, type 21	osteogenesis imperfecta 21	osteogenesis
GARD:0025748	myopathy, congenital, with tremor	Myogenic Tremor	myogenic
GARD:0025768	arthrogryposis multiplex congenita 4, neurogenic, with agenesis of the corpus callosum	Zain Syndrome	zain
GARD:0025831	latent tuberculosis infection	inactive tuberculosis	inactive
GARD:0025835	polymorphic light eruption	polymorphic photodermatitis	polymorphic
GARD:0025838	multibacillary leprosy	lepromatous leprosy	lepromatous
GARD:0025838	multibacillary leprosy	lepromatous leprosy	leprosy
GARD:0025839	paucibacillary leprosy	tuberculoid leprosy	tuberculoid
GARD:0025839	paucibacillary leprosy	tuberculoid leprosy	leprosy
GARD:0025844	mycotic endocarditis	fungal endocarditis	fungal
GARD:0025844	mycotic endocarditis	fungal endocarditis	endocarditis
GARD:0025845	tertiary lesion of yaws	tertiary yaws	tertiary
GARD:0025845	tertiary lesion of yaws	tertiary yaws	yaws
GARD:0025855	Weil's disease	leptospirosis, icterohemorrhagic	leptospirosis
GARD:0025855	Weil's disease	icteric leptospirosis	icteric
GARD:0025855	Weil's disease	spirochetal jaundice	spirochetal
GARD:0025855	Weil's disease	spirochetal jaundice	jaundice
GARD:0025860	humoral hypercalcemia of malignancy	malignant hypercalcemia	hypercalcemia
GARD:0025864	chromosome inversion disorder	inversion	inversion
GARD:0025864	chromosome inversion disorder	chromosomal Inversions	chromosomal
GARD:0025864	chromosome inversion disorder	inverted chromosome	inverted
GARD:0025868	respiratory paralysis	paralysis, diaphragmatic	diaphragmatic
GARD:0025868	respiratory paralysis	paralysis, respiratory	respiratory
GARD:0025869	tuberculosis, spinal	disease, pott	pott
GARD:0025869	tuberculosis, spinal	tuberculous spondylitis	spondylitis
GARD:0025872	leishmaniasis, diffuse cutaneous	cheloid leishmaniasis	leishmaniasis
GARD:0025872	leishmaniasis, diffuse cutaneous	leproid leishmaniasis	leproid
GARD:0025873	radiation pneumonitis	radiation fibrosis	fibrosis
GARD:0025875	central nervous system lupus	lupus meningoencephalitis	meningoencephalitis
GARD:0025876	livedo reticularis	livedo racemosa	livedo
GARD:0025880	hyalitis	hyaloiditis	hyaloiditis
GARD:0025900	Schistosoma japonicum infectious disease	Asiatic schistosomiasis	asiatic
GARD:0025916	hematopoietic and lymphoid cell neoplasm	hematological tumor	hematological
GARD:0025916	hematopoietic and lymphoid cell neoplasm	hematologic malignancy	malignancy
GARD:0025917	tonsillar lymphoma	tonsil lymphoma	tonsil
GARD:0025939	grade II meningioma	grade 2 meningioma	grade
GARD:0025951	townes-brocks syndrome 1	rear syndrome	rear
GARD:0026029	hypereosinophilia of undetermined significance	benign eosinophilia	eosinophilia
GARD:0026066	Imerslund-Grasbeck syndrome type 1	megaloblastic anemia, 1	megaloblastic
GARD:0026148	malignant glioma	glioma	glioma
GARD:0026148	malignant glioma	neuroglial tumour	neuroglial
GARD:0026218	RDH5-related retinopathy	fundus albipunctatus	fundus
GARD:0026219	RLBP1-related retinopathy	fundus albipunctatus	fundus
GARD:0026242	TSPAN12-related vitreoretinopathy	exudative vitreoretinopathy 5	exudative
GARD:0026256	multiple congenital anomalies due to 14q32.2 paternally expressed gene defect	Temple syndrome	temple
GARD:0026276	orbital myositis	ocular myositis	ocular
GARD:0026331	monosomy chromosome 8	chromosome 8 deletion	deletion
GARD:0026371	partial segmental duplication	partial trisomy 21	partial
GARD:0026371	partial segmental duplication	segmental duplication	segmental
GARD:0026425	restrictive dermopathy 1	restrictive dermopathy	restrictive
GARD:0026425	restrictive dermopathy 1	restrictive dermopathy	dermopathy
GARD:0026430	abnormal mineralization disorder	osteomalacia	osteomalacia
GARD:0026509	congenital myopathy 4a, autosomal dominant	nemaline myopathy 1	nemaline
GARD:0026509	congenital myopathy 4a, autosomal dominant	cap myopathy 1	cap
GARD:0026540	iron poisoning	iron overload	iron
GARD:0026540	iron poisoning	iron overload	overload
GARD:0026540	iron poisoning	iron toxicity	toxicity
GARD:0026599	intracranial meningioma	brain meningioma	brain
GARD:0027038	familial antiphospholipid syndrome	Hughes syndrome	hughes
GARD:0027043	vascular cancer	vasculature cancer	vasculature
GARD:0027043	vascular cancer	vascular tumours	vascular
GARD:0027050	glanders	farcy pipes	farcy
GARD:0027052	Frey syndrome	gustatory hyperhidrosis	gustatory
GARD:0027052	Frey syndrome	gustatory sweating	sweating
GARD:0027060	intravascular papillary endothelial hyperplasia	Masson lesion	lesion
GARD:0027118	variola major infectious disease	variola major	variola
GARD:0027119	malignant cornea melanoma	cornea melanoma	cornea
GARD:0027119	malignant cornea melanoma	corneal melanoma	corneal
GARD:0027121	smallpox	Variola	variola
GARD:0027121	smallpox	ordinary smallpox	ordinary
GARD:0027121	smallpox	ordinary smallpox	smallpox
GARD:0027123	variola minor infection	Variola minor	variola
GARD:0027123	variola minor infection	Variola minor	minor
GARD:0027123	variola minor infection	alastrim	alastrim
