,gpt-3.5-turbo,gpt-4o,Llama-2-7B-Chat,microsoft_phi,Llama_3,Google Gemma_7,Mistral
bleu,0.169814626,0.148953204,0.133310474,0.155866074,0.234378767,0.164359938,0.241458529
rougeL,0.054511398,0.053995693,0.034961704,0.049108029,0.099089547,0.053605894,0.117147034
bertscore,0.800485548,0.797542764,0.775695815,0.795180748,0.795515861,0.793533801,0.808582953
moverscore_v2,0.742506264,0.493061117,1,1,0.48383663,0.478194437,0.690978696
blanc,0.040676082,0.039953507,0.023862,0.04123,0.054672,0.044103,0.050295
QuestEval,0.325536455,0.318418902,0.30252,0.313798,0.372101,0.332544,0.295536
ave,0.355588396,0.308654198,0.378391666,0.392530475,0.339932301,0.311056845,0.367333035
